Time (s),Ax (m/s²),Ay (m/s²),Az (m/s²),Fᵧ (N)
0.004999999888241291,0.017123917117714882,-7.078131198883057,0.17701835930347443,-1.3743809461593628
0.009999999776482582,0.029592299833893776,-7.207204818725586,0.15130332112312317,-1.404455304145813
0.014999999664723873,0.021313216537237167,-7.3250346183776855,0.06461797654628754,-1.4259096384048462
0.019999999552965164,0.01704431138932705,-7.079594612121582,0.17730282247066498,-1.3743952512741089
0.02500000037252903,0.028756432235240936,-7.208465576171875,0.15081563591957092,-1.4044625759124756
0.029999999329447746,0.02294515259563923,-7.358256816864014,0.05791236087679863,-1.426234483718872
0.03500000014901161,0.1316910833120346,-9.189305305480957,-0.23776814341545105,-1.7868516445159912
0.03999999910593033,0.1375056803226471,-9.359114646911621,-0.3010854125022888,-1.8212265968322754
0.04500000178813934,0.11524900048971176,-9.537787437438965,-0.3498535454273224,-1.8556016683578491
0.05000000074505806,0.11474483460187912,-9.682766914367676,-0.29522982239723206,-1.8899766206741333
0.054999999701976776,0.12270216643810272,-9.874080657958984,-0.2813715636730194,-1.9243252277374268
0.05999999865889549,0.08680622279644012,-10.034590721130371,-0.3234950602054596,-1.9544575214385986
0.06499999761581421,0.0561477355659008,-10.229082107543945,-0.26435351371765137,-1.9887744188308716
0.07000000029802322,0.034136515110731125,-10.457998275756836,-0.2415713667869568,-2.014620780944824
0.07500000298023224,0.025270329788327217,-10.745084762573242,-0.1784030944108963,-2.0618515014648438
0.07999999821186066,0.007567811291664839,-10.929291725158691,-0.14304283261299133,-2.083301067352295
0.08500000089406967,-0.02248699776828289,-11.12052059173584,-0.11781547218561172,-2.1134161949157715
0.09000000357627869,-0.034252189099788666,-11.31905746459961,-0.10961632430553436,-2.1477913856506348
0.0949999988079071,-0.04809710383415222,-11.496673583984375,-0.060563717037439346,-2.182166337966919
0.10000000149011612,-0.08332965523004532,-11.691394805908203,-0.019476568326354027,-2.2122457027435303
0.10499999672174454,-0.09574497491121292,-11.905096054077148,-0.004785170312970877,-2.237978935241699
0.10999999940395355,-0.12038984894752502,-12.069799423217773,0.04497525468468666,-2.26810622215271
0.11500000208616257,-0.13596951961517334,-12.248427391052246,0.1440659910440445,-2.302481174468994
0.11999999731779099,-0.13943906128406525,-12.43950080871582,0.23157429695129395,-2.332502603530884
0.125,-0.14911124110221863,-12.620606422424316,0.25446486473083496,-2.3539857864379883
0.12999999523162842,-0.1506834775209427,-12.843555450439453,0.27751457691192627,-2.3798272609710693
0.13500000536441803,-0.17107270658016205,-13.006555557250977,0.3212805688381195,-2.401315212249756
0.14000000059604645,-0.16536426544189453,-13.127445220947266,0.2974553108215332,-2.439985990524292
0.14499999582767487,-0.14402304589748383,-13.280853271484375,0.2761632800102234,-2.4614040851593018
0.15000000596046448,-0.15553948283195496,-13.413654327392578,0.33356067538261414,-2.487183094024658
0.1550000011920929,-0.1678287386894226,-13.565906524658203,0.3476390838623047,-2.517332077026367
0.1599999964237213,-0.1364106833934784,-13.635350227355957,0.30190879106521606,-2.534447431564331
0.16500000655651093,-0.12698392570018768,-13.705952644348145,0.2456527054309845,-2.5473392009735107
0.17000000178813934,-0.10719505697488785,-13.795199394226074,0.26982003450393677,-2.573117971420288
0.17499999701976776,-0.07236053794622421,-13.858113288879395,0.26254206895828247,-2.5860097408294678
0.18000000715255737,-0.058233682066202164,-13.940412521362305,0.16480937600135803,-2.611788749694824
0.1850000023841858,-0.029435990378260612,-13.97785758972168,0.1440659910440445,-2.6290652751922607
0.1899999976158142,-0.012685435824096203,-14.024428367614746,0.10203396528959274,-2.6503701210021973
0.19499999284744263,-0.006044918671250343,-14.042299270629883,0.07817821949720383,-2.6547598838806152
0.20000000298023224,0.03480653464794159,-14.07290267944336,-0.041584789752960205,-2.667651653289795
0.20499999821186066,0.05053547024726868,-14.07698917388916,-0.027086427435278893,-2.6848390102386475
0.20999999344348907,0.1021968349814415,-14.105749130249023,-0.10874255746603012,-2.70192551612854
0.2150000035762787,0.10029955208301544,-14.103583335876465,-0.1439673751592636,-2.710620164871216
0.2199999988079071,0.12978053092956543,-14.09791088104248,-0.1945609301328659,-2.714815139770508
0.22499999403953552,0.12327931076288223,-14.08251953125,-0.22431625425815582,-2.7277019023895264
0.23000000417232513,0.12797941267490387,-14.080825805664062,-0.2859029471874237,-2.7234065532684326
0.23499999940395355,0.12991651892662048,-14.05659294128418,-0.24162553250789642,-2.7278151512145996
0.23999999463558197,0.132211834192276,-14.063642501831055,-0.29229360818862915,-2.7407069206237793
0.24500000476837158,0.13351207971572876,-14.066946029663086,-0.24861563742160797,-2.744889497756958
0.25,0.1373530924320221,-14.080211639404297,-0.30574551224708557,-2.753480911254883
0.2549999952316284,0.11240638047456741,-14.087540626525879,-0.31015491485595703,-2.753480911254883
0.25999999046325684,0.10690025240182877,-14.088446617126465,-0.22985346615314484,-2.7577762603759766
0.26499998569488525,0.07933647930622101,-14.106219291687012,-0.2299956977367401,-2.7490575313568115
0.27000001072883606,0.053315069526433945,-14.106670379638672,-0.23889589309692383,-2.740591287612915
0.2750000059604645,0.036020535975694656,-14.05784797668457,-0.17729227244853973,-2.731867551803589
0.2800000011920929,-0.018967723473906517,-14.087111473083496,-0.1476893275976181,-2.727836847305298
0.2849999964237213,-0.025226790457963943,-14.08157730102539,-0.06789587438106537,-2.727567434310913
0.28999999165534973,-0.056475695222616196,-14.075485229492188,-0.04355921596288681,-2.7191104888916016
0.29499998688697815,-0.07880202680826187,-14.017234802246094,0.022562237456440926,-2.718968629837036
0.30000001192092896,-0.1223335713148117,-14.017926216125488,0.0692577213048935,-2.7060766220092773
0.3050000071525574,-0.12309647351503372,-13.959762573242188,0.10186125338077545,-2.6890361309051514
0.3100000023841858,-0.14418558776378632,-13.936583518981934,0.1653648018836975,-2.675999641418457
0.3149999976158142,-0.1699913889169693,-13.865930557250977,0.21834257245063782,-2.6588125228881836
0.3199999928474426,-0.17560698091983795,-13.813630104064941,0.18333111703395844,-2.6502161026000977
0.32499998807907104,-0.18465226888656616,-13.720368385314941,0.2559448182582855,-2.633028745651245
0.33000001311302185,-0.21149960160255432,-13.63687515258789,0.24044062197208405,-2.6115455627441406
0.33500000834465027,-0.213814839720726,-13.53671646118164,0.2433294653892517,-2.598653554916382
0.3400000035762787,-0.20299163460731506,-13.41064167022705,0.29160651564598083,-2.5814664363861084
0.3449999988079071,-0.21797095239162445,-13.241372108459473,0.30798110365867615,-2.555687427520752
0.3499999940395355,-0.18656615912914276,-13.11931324005127,0.25734013319015503,-2.5340359210968018
0.35499998927116394,-0.17372958362102509,-13.00517463684082,0.28946954011917114,-2.512718915939331
0.36000001430511475,-0.14946947991847992,-12.800973892211914,0.22096385061740875,-2.4912354946136475
0.36500000953674316,-0.1752520501613617,-12.588817596435547,0.21182659268379211,-2.469752550125122
0.3700000047683716,-0.14408940076828003,-12.41243839263916,0.17888441681861877,-2.4437954425811768
0.375,-0.09401021152734756,-12.258322715759277,0.13473570346832275,-2.4137163162231445
0.3799999952316284,-0.08372437953948975,-12.033620834350586,0.08785394579172134,-2.388115406036377
0.38499999046325684,-0.06104312837123871,-11.890667915344238,0.06397450715303421,-2.3664469718933105
0.38999998569488525,-0.08798664063215256,-11.712916374206543,-0.002932658651843667,-2.340663433074951
0.39500001072883606,-0.034749727696180344,-11.520312309265137,-0.05037659406661987,-2.306478500366211
0.4000000059604645,0.005163027439266443,-11.284204483032227,-0.06641589105129242,-2.2849953174591064
0.4050000011920929,0.01899467408657074,-11.085294723510742,-0.09933098405599594,-2.2502353191375732
0.4099999964237213,0.044312890619039536,-10.875432014465332,-0.13399362564086914,-2.211757183074951
0.41499999165534973,0.07742923498153687,-10.671313285827637,-0.19146211445331573,-2.181877374649048
0.41999998688697815,0.07413551211357117,-10.415542602539062,-0.19667761027812958,-2.1558964252471924
0.42500001192092896,0.0908263698220253,-10.226038932800293,-0.2366674691438675,-2.1172261238098145
0.4300000071525574,0.1304306536912918,-10.038717269897461,-0.23663698136806488,-2.095737934112549
0.4350000023841858,0.12074849754571915,-9.857882499694824,-0.20156458020210266,-2.061572551727295
0.4399999976158142,0.14398367702960968,-9.649606704711914,-0.2331249862909317,-2.0355818271636963
0.4449999928474426,0.12979379296302795,-9.488848686218262,-0.19025984406471252,-2.001206636428833
0.44999998807907104,0.16428335011005402,-9.299026489257812,-0.23142828047275543,-1.9668318033218384
0.45500001311302185,0.1781083643436432,-9.093366622924805,-0.2427600771188736,-1.9324569702148438
0.46000000834465027,0.15159936249256134,-8.88809871673584,-0.24404703080654144,-1.9023774862289429
0.4650000035762787,0.16501308977603912,-8.74140739440918,-0.16925567388534546,-1.8768177032470703
0.4699999988079071,0.15100562572479248,-8.604083061218262,-0.24917446076869965,-1.8465169668197632
0.4749999940395355,0.11187567561864853,-8.42184829711914,-0.15620003640651703,-1.8121418952941895
0.47999998927116394,0.11253906041383743,-8.272377967834473,-0.1767944097518921,-1.7779980897903442
0.48500001430511475,0.11321571469306946,-8.149600982666016,-0.15743955969810486,-1.7562813758850098
0.49000000953674316,0.09555300325155258,-8.00982666015625,-0.11466247588396072,-1.7219065427780151
0.4950000047683716,0.08499518036842346,-7.895984649658203,-0.1043771356344223,-1.6961228847503662
0.5,0.06275508552789688,-7.7467145919799805,-0.07634562253952026,-1.661747932434082
0.5049999952316284,0.02535988576710224,-7.606929779052734,-0.04238404706120491,-1.6362072229385376
0.5099999904632568,-0.007457936182618141,-7.486540794372559,-0.01531095802783966,-1.6061327457427979
0.5149999856948853,-0.017975958064198494,-7.377595901489258,0.01100351195782423,-1.5886973142623901
0.5199999809265137,-0.011939124204218388,-7.219004154205322,0.014444372616708279,-1.5543224811553955
0.5249999761581421,-0.03490894287824631,-7.122546195983887,0.06772016733884811,-1.5287913084030151
0.5299999713897705,-0.06668855994939804,-7.029558181762695,0.1058913841843605,-1.5027575492858887
0.5350000262260437,-0.042551178485155106,-6.887618064880371,0.06121097877621651,-1.472935676574707
0.5400000214576721,-0.0483558252453804,-6.784755229949951,0.08673635125160217,-1.451452612876892
0.5450000166893005,-0.07442697882652283,-6.650402545928955,0.03922129049897194,-1.4340027570724487
0.550000011920929,-0.07478521764278412,-6.5293731689453125,0.11754155158996582,-1.4084837436676025
0.5550000071525574,-0.0971447229385376,-6.43798828125,0.10901390016078949,-1.3824379444122314
0.5600000023841858,-0.08629500865936279,-6.333719730377197,0.1025453507900238,-1.3612194061279297
0.5649999976158142,-0.07721322029829025,-6.230372428894043,0.18845853209495544,-1.3440319299697876
0.5699999928474426,-0.10366582870483398,-6.13511848449707,0.17433609068393707,-1.3225488662719727
0.574999988079071,-0.0862950012087822,-6.064393520355225,0.1546933799982071,-1.3096569776535034
0.5799999833106995,-0.07871579378843307,-5.974170684814453,0.1739838868379593,-1.2924695014953613
0.5849999785423279,-0.0856647863984108,-5.888979911804199,0.1039169579744339,-1.2752819061279297
0.5899999737739563,-0.046757057309150696,-5.821285247802734,0.10603362321853638,-1.26267409324646
0.5950000286102295,-0.07601911574602127,-5.753667831420898,0.07671856135129929,-1.2495007514953613
0.6000000238418579,-0.057387854903936386,-5.645874977111816,0.03968188166618347,-1.2323132753372192
0.6050000190734863,-0.05380887910723686,-5.540355682373047,0.061522550880908966,-1.224008321762085
0.6100000143051147,-0.06274471431970596,-5.4741926193237305,0.025535736232995987,-1.219419002532959
0.6150000095367432,-0.046425364911556244,-5.426632881164551,0.03329799696803093,-1.202527642250061
0.6200000047683716,-0.02261967584490776,-5.386599540710449,-0.02639554813504219,-1.1979334354400635
0.625,0.0049275243654847145,-5.324716091156006,-0.05167707800865173,-1.1850415468215942
0.6299999952316284,0.029081493616104126,-5.2904839515686035,-0.045503173023462296,-1.1767487525939941
0.6349999904632568,0.019372805953025818,-5.260399341583252,-0.08949609100818634,-1.1767487525939941
0.6399999856948853,0.044239915907382965,-5.254110336303711,-0.11551252007484436,-1.1724530458450317
0.6449999809265137,0.05017060786485672,-5.23957633972168,-0.1173684224486351,-1.1724531650543213
0.6499999761581421,0.06922643631696701,-5.247759819030762,-0.12009808421134949,-1.1767487525939941
0.6549999713897705,0.07988376915454865,-5.250480651855469,-0.13770543038845062,-1.1767486333847046
0.6600000262260437,0.07556511461734772,-5.231019973754883,-0.12658017873764038,-1.1767487525939941
0.6650000214576721,0.09300227463245392,-5.252988338470459,-0.16664116084575653,-1.177068829536438
0.6700000166893005,0.12558460235595703,-5.270233154296875,-0.1986791342496872,-1.18534255027771
0.675000011920929,0.14178785681724548,-5.327541828155518,-0.19560401141643524,-1.1896381378173828
0.6800000071525574,0.1173618957400322,-5.385874271392822,-0.2265920788049698,-1.1982295513153076
0.6850000023841858,0.1377445012331009,-5.409693241119385,-0.16596382856369019,-1.202854871749878
0.6899999976158142,0.11951790750026703,-5.491213798522949,-0.17634397745132446,-1.2157466411590576
0.6949999928474426,0.1336679756641388,-5.578826904296875,-0.13205304741859436,-1.2283039093017578
0.699999988079071,0.1314058154821396,-5.710509777069092,-0.21574458479881287,-1.2372320890426636
0.7049999833106995,0.15524469316005707,-5.749987602233887,-0.11632194370031357,-1.241193413734436
0.7099999785423279,0.15347342193126678,-5.8464860916137695,-0.16667164862155914,-1.2630133628845215
0.7149999737739563,0.14078281819820404,-5.93587589263916,-0.13873495161533356,-1.2802008390426636
0.7200000286102295,0.16938813030719757,-6.04746675491333,-0.14170508086681366,-1.293439269065857
0.7250000238418579,0.15875069797039032,-6.152017116546631,-0.10110899806022644,-1.3145782947540283
0.7300000190734863,0.132430762052536,-6.320903778076172,-0.09732946008443832,-1.327470064163208
0.7350000143051147,0.10538440942764282,-6.433714866638184,-0.05558192357420921,-1.353248953819275
0.7400000095367432,0.10016687214374542,-6.598494529724121,-0.0021537235006690025,-1.370436429977417
0.7450000047683716,0.06686145812273026,-6.721279144287109,-0.009621343575417995,-1.3922781944274902
0.75,0.08323056995868683,-6.922341346740723,0.02747291699051857,-1.4134052991867065
0.7549999952316284,0.052071213722229004,-7.101373672485352,0.026284189894795418,-1.4348883628845215
0.7599999904632568,0.03059401921927929,-7.2553606033325195,0.00577109819278121,-1.4653288125991821
0.7649999856948853,0.040024083107709885,-7.397860050201416,0.0867973119020462,-1.4954079389572144
0.7699999809265137,0.019435828551650047,-7.6155805587768555,0.06600989401340485,-1.5165252685546875
0.7749999761581421,-0.0031061081681400537,-7.773159503936768,0.10142774879932404,-1.5465997457504272
0.7799999713897705,-0.02585701085627079,-7.9834489822387695,0.11840514838695526,-1.5684584379196167
0.7850000262260437,-0.026586737483739853,-8.16624927520752,0.23400594294071198,-1.5985376834869385
0.7900000214576721,-0.0649770200252533,-8.34385871887207,0.2159414142370224,-1.6239410638809204
0.7950000166893005,-0.07921665161848068,-8.550643920898438,0.2470514178276062,-1.6543983221054077
0.800000011920929,-0.09469018131494522,-8.703448295593262,0.2458864003419876,-1.6844775676727295
0.8050000071525574,-0.12306994199752808,-8.890044212341309,0.31371474266052246,-1.7184650897979736
0.8100000023841858,-0.13846386969089508,-9.148746490478516,0.20554092526435852,-1.7360423803329468
0.8149999976158142,-0.11931183934211731,-9.329300880432129,0.221454918384552,-1.7704174518585205
0.8199999928474426,-0.14484235644340515,-9.522311210632324,0.20781677961349487,-1.8004968166351318
0.824999988079071,-0.14033129811286926,-9.665193557739258,0.2021339386701584,-1.8391673564910889
0.8299999833106995,-0.13719679415225983,-9.848641395568848,0.2324921041727066,-1.8692467212677002
0.8349999785423279,-0.13669593632221222,-10.019998550415039,0.20031191408634186,-1.8989241123199463
0.8399999737739563,-0.15957950055599213,-10.173138618469238,0.11085963994264603,-1.9251072406768799
0.8450000286102295,-0.12055569142103195,-10.305773735046387,0.12263849377632141,-1.9594823122024536
0.8500000238418579,-0.12151097506284714,-10.45885944366455,0.07824934273958206,-1.9938571453094482
0.8550000190734863,-0.12064525485038757,-10.620230674743652,0.06105857715010643,-2.0282323360443115
0.8600000143051147,-0.12028370797634125,-10.831820487976074,0.040748681873083115,-2.0536022186279297
0.8650000095367432,-0.09371832013130188,-10.966261863708496,-0.0407889187335968,-2.0797970294952393
0.8700000047683716,-0.051808763295412064,-11.099371910095215,-0.013543114997446537,-2.1141719818115234
0.875,-0.05669130012392998,-11.209526062011719,-0.0844770297408104,-2.1485469341278076
0.8799999952316284,-0.048700787127017975,-11.378766059875488,-0.10482756793498993,-2.1739070415496826
0.8849999904632568,-0.017713919281959534,-11.45325756072998,-0.164040207862854,-2.2001118659973145
0.8899999856948853,-0.03390722721815109,-11.590325355529785,-0.22658871114253998,-2.2344868183135986
0.8949999809265137,-0.0019683970604091883,-11.70002269744873,-0.204988494515419,-2.260270357131958
0.8999999761581421,0.015840264037251472,-11.831393241882324,-0.2592735290527344,-2.2942121028900146
0.9049999713897705,0.05159026011824608,-11.935934066772461,-0.26514938473701477,-2.3204269409179688
0.9100000262260437,0.06612510234117508,-12.048579216003418,-0.27951228618621826,-2.3543636798858643
0.9150000214576721,0.09670066088438034,-12.170424461364746,-0.2898619771003723,-2.3762872219085693
0.9200000166893005,0.1148078516125679,-12.307905197143555,-0.28835493326187134,-2.405923843383789
0.925000011920929,0.09649170190095901,-12.421834945678711,-0.26155275106430054,-2.4235565662384033
0.9300000071525574,0.08918115496635437,-12.544731140136719,-0.23287099599838257,-2.4574837684631348
0.9350000023841858,0.12406875193119049,-12.689188957214355,-0.18738456070423126,-2.479417085647583
0.9399999976158142,0.11507652699947357,-12.908332824707031,-0.16468705236911774,-2.5047483444213867
0.9449999928474426,0.1423451006412506,-13.02028751373291,-0.0817304402589798,-2.522390604019165
0.949999988079071,0.15490636229515076,-13.13575553894043,-0.03302327170968056,-2.5477170944213867
0.9549999833106995,0.12663273513317108,-13.267096519470215,-0.04035203531384468,-2.569200277328491
0.9599999785423279,0.09886663407087326,-13.425742149353027,0.08529362827539444,-2.582092046737671
0.9649999737739563,0.09895286709070206,-13.575994491577148,0.040220364928245544,-2.6035752296447754
0.9700000286102295,0.0652361586689949,-13.690531730651855,0.09862358123064041,-2.620762586593628
0.9750000238418579,0.04316190630197525,-13.816584587097168,0.1281011998653412,-2.6422455310821533
0.9800000190734863,0.05829048156738281,-13.8834810256958,0.22317534685134888,-2.655137538909912
0.9850000143051147,0.013574792072176933,-14.02969741821289,0.21684566140174866,-2.6766207218170166
0.9900000095367432,-0.013916022144258022,-14.095572471618652,0.3032973110675812,-2.6890361309051514
0.9950000047683716,-0.03932711109519005,-14.206910133361816,0.28456899523735046,-2.698106288909912
1,-0.06155062094330788,-14.305485725402832,0.3267500698566437,-2.710998058319092
1.0049999952316284,-0.07231077551841736,-14.338562965393066,0.34580686688423157,-2.7234063148498535
1.0099999904632568,-0.09531377255916595,-14.408880233764648,0.3092239797115326,-2.7324838638305664
1.0149999856948853,-0.11016372591257095,-14.454106330871582,0.307310551404953,-2.736295700073242
1.0199999809265137,-0.12960100173950195,-14.48115348815918,0.27863556146621704,-2.740591287612915
1.024999976158142,-0.14852745831012726,-14.517462730407715,0.2661353349685669,-2.745380401611328
1.0299999713897705,-0.18207500874996185,-14.525693893432617,0.28830790519714355,-2.74918532371521
1.034999966621399,-0.21893617510795593,-14.53707504272461,0.26702600717544556,-2.7577764987945557
1.0399999618530273,-0.215659037232399,-14.52636432647705,0.2064959704875946,-2.7534806728363037
1.0449999570846558,-0.21892623603343964,-14.50634479522705,0.18674488365650177,-2.7577764987945557
1.0499999523162842,-0.19309721887111664,-14.46995735168457,0.05605645850300789,-2.753480911254883
1.0549999475479126,-0.16595135629177094,-14.40170955657959,0.04123636335134506,-2.753480911254883
1.059999942779541,-0.1757197380065918,-14.338117599487305,0.0348084531724453,-2.7529706954956055
1.065000057220459,-0.16982553899288177,-14.265214920043945,0.013018583878874779,-2.736295700073242
1.0700000524520874,-0.14050710201263428,-14.213388442993164,-0.11413753777742386,-2.73148512840271
1.0750000476837158,-0.13571743667125702,-14.122503280639648,-0.101437509059906,-2.718593120574951
1.0800000429153442,-0.10953349620103836,-14.02353286743164,-0.1632612645626068,-2.710516929626465
1.0850000381469727,-0.07247994095087051,-13.904788970947266,-0.20287521183490753,-2.706221103668213
1.090000033378601,-0.0664995014667511,-13.804582595825195,-0.2702125012874603,-2.6928093433380127
1.0950000286102295,-0.051623012870550156,-13.686891555786133,-0.27907881140708923,-2.688508987426758
1.100000023841858,-0.04446836933493614,-13.577251434326172,-0.3072965741157532,-2.6670258045196533
1.1050000190734863,0.003590797074139118,-13.462393760681152,-0.2587350308895111,-2.654665946960449
1.1100000143051147,0.023499080911278725,-13.31410026550293,-0.29169756174087524,-2.641244649887085
1.1150000095367432,0.04607418552041054,-13.187567710876465,-0.20325452089309692,-2.6197614669799805
1.1200000047683716,0.058559153228998184,-13.086552619934082,-0.22675806283950806,-2.606869697570801
1.125,0.05381924286484718,-12.966557502746582,-0.25291332602500916,-2.5853867530822754
1.1299999952316284,0.08113093674182892,-12.826986312866211,-0.19992880523204803,-2.567655086517334
1.1349999904632568,0.10862506926059723,-12.651609420776367,-0.13774266839027405,-2.5467135906219482
1.1399999856948853,0.11141131073236465,-12.522163391113281,-0.08452783524990082,-2.520934820175171
1.1449999809265137,0.08958251029253006,-12.403539657592773,-0.053570229560136795,-2.5031960010528564
1.149999976158142,0.08862390369176865,-12.311388969421387,-0.024766555055975914,-2.4828150272369385
1.1549999713897705,0.09883014112710953,-12.156208992004395,0.020272841677069664,-2.4645206928253174
1.159999966621399,0.10143062472343445,-12.034102439880371,0.023056689649820328,-2.438736915588379
1.1649999618530273,0.09267721325159073,-11.944015502929688,0.12487708777189255,-2.4135138988494873
1.1699999570846558,0.05840989202260971,-11.839686393737793,0.09582618623971939,-2.387171983718872
1.1749999523162842,0.07289497554302216,-11.681755065917969,0.16174782812595367,-2.3576583862304688
1.1799999475479126,0.04480047896504402,-11.560959815979004,0.21273760497570038,-2.3356070518493652
1.184999942779541,0.029870925471186638,-11.412959098815918,0.2567169964313507,-2.306098222732544
1.190000057220459,0.022530533373355865,-11.308836936950684,0.2573435306549072,-2.2797465324401855
1.1950000524520874,-0.02759840525686741,-11.174924850463867,0.2807047963142395,-2.2545382976531982
1.2000000476837158,-0.017206426709890366,-11.027328491210938,0.3358060121536255,-2.223886251449585
1.2050000429153442,-0.005388164427131414,-10.869248390197754,0.2962530553340912,-2.1943869590759277
1.2100000381469727,-0.02884225733578205,-10.745599746704102,0.27334555983543396,-2.168025493621826
1.215000033378601,-0.04245498776435852,-10.513002395629883,0.27329814434051514,-2.137946128845215
1.2200000286102295,-0.0471053384244442,-10.342737197875977,0.23593972623348236,-2.1035711765289307
1.225000023841858,-0.055590078234672546,-10.183646202087402,0.3089158236980438,-2.0734918117523193
1.2300000190734863,-0.057248543947935104,-10.031388282775879,0.18808938562870026,-2.0391170978546143
1.2350000143051147,-0.0750870555639267,-9.864340782165527,0.2623558044433594,-2.004741907119751
1.2400000095367432,-0.09092213958501816,-9.67973518371582,0.14353090524673462,-1.9703669548034668
1.2450000047683716,-0.0904478132724762,-9.533330917358398,0.12821635603904724,-1.9451826810836792
1.25,-0.09820282459259033,-9.337432861328125,0.14713095128536224,-1.9145065546035767
1.2549999952316284,-0.09998070448637009,-9.147316932678223,0.08129735291004181,-1.8807355165481567
1.2599999904632568,-0.1169734001159668,-8.924771308898926,0.04027454927563667,-1.8623350858688354
1.2649999856948853,-0.11495006084442139,-8.73147201538086,0.0036645864602178335,-1.8205816745758057
1.2699999809265137,-0.1071784719824791,-8.558089256286621,0.007955502718687057,-1.7941914796829224
1.274999976158142,-0.09033171832561493,-8.385966300964355,-0.08659031987190247,-1.7641123533248901
1.2799999713897705,-0.09414289146661758,-8.205974578857422,-0.06369977444410324,-1.7346489429473877
1.284999966621399,-0.07386310398578644,-8.022500038146973,-0.12185915559530258,-1.7082518339157104
1.2899999618530273,-0.06620097160339355,-7.822556018829346,-0.1959088295698166,-1.6738768815994263
1.2949999570846558,-0.04602069780230522,-7.6761016845703125,-0.1669527292251587,-1.6530121564865112
1.2999999523162842,-0.053815510123968124,-7.5059814453125,-0.16761653125286102,-1.6223118305206299
1.3049999475479126,-0.032832540571689606,-7.336826801300049,-0.23004312813282013,-1.5971564054489136
1.309999942779541,-0.03201988711953163,-7.183846473693848,-0.2112741619348526,-1.5707470178604126
1.315000057220459,-0.02606266178190708,-7.034566402435303,-0.23259328305721283,-1.5406676530838013
1.3200000524520874,-0.009378444403409958,-6.875658988952637,-0.24902543425559998,-1.5155192613601685
1.3250000476837158,0.005975678097456694,-6.734362602233887,-0.25878921151161194,-1.4940361976623535
1.3300000429153442,0.018493816256523132,-6.603527069091797,-0.24991275370121002,-1.4676172733306885
1.3350000381469727,0.03693269565701485,-6.468258857727051,-0.24704085290431976,-1.4424761533737183
1.340000033378601,0.026441209018230438,-6.352621555328369,-0.24964182078838348,-1.416697382926941
1.3450000286102295,0.02528359554708004,-6.2164998054504395,-0.1563727706670761,-1.3952142000198364
1.350000023841858,0.03389769420027733,-6.133789539337158,-0.2366877794265747,-1.3816725015640259
1.3550000190734863,0.052273549139499664,-6.057690620422363,-0.2207433134317398,-1.3565411567687988
1.3600000143051147,0.049440883100032806,-5.934608459472656,-0.20585887134075165,-1.3350578546524048
1.3650000095367432,0.06379328668117523,-5.894459247589111,-0.2124527245759964,-1.3178704977035522
1.3700000047683716,0.0851510763168335,-5.804859638214111,-0.1868562549352646,-1.3049787282943726
1.375,0.07204915583133698,-5.74446439743042,-0.1744847148656845,-1.2884528636932373
1.3799999952316284,0.055056460201740265,-5.638402938842773,-0.0961034893989563,-1.2834930419921875
1.3849999904632568,0.07686203718185425,-5.595885753631592,-0.061782918870449066,-1.2663055658340454
1.3899999856948853,0.09573875367641449,-5.521650314331055,-0.08805336803197861,-1.2534136772155762
1.3949999809265137,0.06509020924568176,-5.477344036102295,-0.05891101807355881,-1.2497845888137817
1.399999976158142,0.07893843948841095,-5.430482864379883,-0.061579715460538864,-1.236223816871643
1.4049999713897705,0.08052725344896317,-5.3916754722595215,-0.02093622460961342,-1.2283039093017578
1.409999966621399,0.05827390030026436,-5.385481357574463,0.02509208209812641,-1.224008321762085
1.4149999618530273,0.07656683027744293,-5.367466926574707,0.03907227888703346,-1.214735984802246
1.4199999570846558,0.05302649736404419,-5.354271411895752,0.02727648802101612,-1.2111189365386963
1.4249999523162842,0.06606539338827133,-5.377775192260742,0.06583379209041595,-1.202527642250061
1.4299999475479126,0.07088159769773483,-5.38344144821167,0.06695815920829773,-1.2068232297897339
1.434999942779541,0.012629462406039238,-5.391384124755859,0.06862102448940277,-1.2111189365386963
1.440000057220459,0.046701088547706604,-5.429439067840576,0.07784294337034225,-1.202527642250061
1.4450000524520874,0.04433279111981392,-5.4158501625061035,0.06942705810070038,-1.2068232297897339
1.4500000476837158,0.0387105755507946,-5.45115327835083,0.11056838184595108,-1.2111189365386963
1.4550000429153442,0.03590444475412369,-5.504012584686279,0.09567717462778091,-1.2154146432876587
1.4600000381469727,0.02813616581261158,-5.563432693481445,0.16549350321292877,-1.216117262840271
1.465000033378601,0.018099099397659302,-5.649287223815918,0.09123047441244125,-1.2197126150131226
1.4700000286102295,0.017783990129828453,-5.714332103729248,0.08081305027008057,-1.233307123184204
1.475000023841858,0.03072337992489338,-5.7852396965026855,0.1348373144865036,-1.2454888820648193
1.4800000190734863,0.02398003824055195,-5.828885555267334,0.11209238320589066,-1.2462012767791748
1.4850000143051147,0.010609446093440056,-5.893005847930908,0.09764821827411652,-1.259093165397644
1.4900000095367432,-0.012638997286558151,-5.9642415046691895,0.05235143378376961,-1.2669720649719238
1.4950000047683716,-0.002930310321971774,-6.029815196990967,0.08096206933259964,-1.2755634784698486
1.5,-0.008436433039605618,-6.122369766235352,0.0582442507147789,-1.289894461631775
1.5049999952316284,-0.028756018728017807,-6.210081577301025,-0.006075493060052395,-1.3013423681259155
1.5099999904632568,-0.020636145025491714,-6.311063289642334,0.02731374278664589,-1.3235474824905396
1.5149999856948853,-0.019143519923090935,-6.416792392730713,-0.043884340673685074,-1.3407349586486816
1.5199999809265137,-0.0206129252910614,-6.508601188659668,-0.0409887321293354,-1.3536268472671509
1.524999976158142,-0.012721921317279339,-6.620107650756836,-0.04624485597014427,-1.370814323425293
1.5299999713897705,0.007557859644293785,-6.740997791290283,-0.09324852377176285,-1.3922975063323975
1.534999966621399,-0.013657299801707268,-6.856178283691406,-0.12066365778446198,-1.4094849824905396
1.5399999618530273,0.002350261202082038,-6.994776725769043,-0.17400719225406647,-1.436004877090454
1.5449999570846558,-0.01529586873948574,-7.122142314910889,-0.14180327951908112,-1.456749439239502
1.5499999523162842,0.021870462223887444,-7.24702787399292,-0.2061873823404312,-1.4746829271316528
1.5549999475479126,-0.003441119333729148,-7.375179767608643,-0.19306400418281555,-1.51260507106781
1.559999942779541,-0.004462737124413252,-7.538933277130127,-0.1945710927248001,-1.5262477397918701
1.565000057220459,0.0063173226080834866,-7.677284240722656,-0.1569586545228958,-1.559869408607483
1.5700000524520874,-0.0057961479760706425,-7.825317859649658,-0.20918796956539154,-1.5821082592010498
1.5750000476837158,0.005534524563699961,-8.006308555603027,-0.18756406009197235,-1.6071337461471558
1.5800000429153442,-0.0019153258763253689,-8.150553703308105,-0.2278146892786026,-1.6379687786102295
1.5850000381469727,0.007189678959548473,-8.318782806396484,-0.18461085855960846,-1.6680481433868408
1.590000033378601,0.026424622163176537,-8.461566925048828,-0.22815336287021637,-1.6973623037338257
1.5950000286102295,0.0015807303134351969,-8.625675201416016,-0.13247638940811157,-1.7239086627960205
1.600000023841858,0.040929608047008514,-8.808987617492676,-0.1965048760175705,-1.7539880275726318
1.6050000190734863,0.013309435918927193,-8.98885440826416,-0.15371084213256836,-1.7832947969436646
1.6100000143051147,0.014609676785767078,-9.243941307067871,-0.1717076301574707,-1.8055528402328491
1.6150000095367432,0.03028554469347,-9.413119316101074,-0.17378705739974976,-1.8399279117584229
1.6200000047683716,0.004725190810859203,-9.611494064331055,-0.13753269612789154,-1.8743027448654175
1.625,0.006695454940199852,-9.747379302978516,-0.056723225861787796,-1.9086778163909912
1.6299999952316284,0.013491867110133171,-9.962639808654785,-0.019005820155143738,-1.9301658868789673
1.6349999904632568,0.01076534204185009,-10.097548484802246,0.006042032968252897,-1.9680495262145996
1.6399999856948853,0.0319373793900013,-10.295373916625977,0.02638579159975052,-1.9946177005767822
1.6449999809265137,0.033088356256484985,-10.487384796142578,0.06329039484262466,-2.0289926528930664
1.649999976158142,0.03325420990586281,-10.734972953796387,0.1098266988992691,-2.0633676052093506
1.6549999713897705,0.010367308743298054,-10.901324272155762,0.21601592004299164,-2.0977425575256348
1.659999966621399,0.03798748180270195,-11.074496269226074,0.20184607803821564,-2.132117509841919
1.6649999618530273,0.051815811544656754,-11.23871898651123,0.26268771290779114,-2.157099723815918
1.6699999570846558,0.04822687804698944,-11.373428344726562,0.2774061858654022,-2.1785831451416016
1.6749999523162842,0.025303497910499573,-11.544992446899414,0.2891342341899872,-2.213759422302246
1.6799999475479126,0.04672098904848099,-11.702099800109863,0.2525818645954132,-2.2395429611206055
1.684999942779541,0.01736937277019024,-11.837737083435059,0.3376179039478302,-2.269622325897217
1.690000057220459,0.018639760091900826,-11.980395317077637,0.2868143916130066,-2.2945926189422607
1.6950000524520874,0.07374411076307297,-12.115206718444824,0.33059054613113403,-2.3254830837249756
1.7000000476837158,0.03459424898028374,-12.273480415344238,0.28252682089805603,-2.355562210083008
1.7050000429153442,0.038597799837589264,-12.3927640914917,0.2953318655490875,-2.3762295246124268
1.7100000381469727,0.018659664317965508,-12.549223899841309,0.28450465202331543,-2.402008295059204
1.715000033378601,0.020308183506131172,-12.660304069519043,0.211626797914505,-2.424316883087158
1.7200000286102295,0.04484359920024872,-12.865883827209473,0.19284766912460327,-2.4586918354034424
1.725000023841858,0.03447152301669121,-12.970067024230957,0.12190698087215424,-2.4785194396972656
1.7300000190734863,0.039383918046951294,-13.088157653808594,0.08051502704620361,-2.4930717945098877
1.7350000143051147,0.01730966754257679,-13.149370193481445,0.10286708176136017,-2.5180203914642334
1.7400000095367432,-0.009739992208778858,-13.279192924499512,-0.04284801706671715,-2.535207986831665
1.7450000047683716,-0.008784712292253971,-13.346969604492188,-0.034869011491537094,-2.5609865188598633
1.75,-0.015030513517558575,-13.434478759765625,-0.031248651444911957,-2.573878765106201
1.7549999952316284,-0.009992078877985477,-13.547786712646484,-0.062375590205192566,-2.5953617095947266
1.7599999904632568,-0.021286265924572945,-13.592162132263184,-0.15056800842285156,-2.612549066543579
1.7649999856948853,-0.02754201740026474,-13.70014476776123,-0.14823459088802338,-2.6297364234924316
1.7699999809265137,-0.031797654926776886,-13.788384437561035,-0.23277956247329712,-2.6426281929016113
1.774999976158142,-0.06703020632266998,-13.838336944580078,-0.2654609680175781,-2.659816026687622
1.7799999713897705,-0.06269164383411407,-13.868851661682129,-0.26117005944252014,-2.667555332183838
1.784999966621399,-0.04603396728634834,-13.939370155334473,-0.25233760476112366,-2.6727101802825928
1.7899999618530273,-0.0601508654654026,-14.004884719848633,-0.20730499923229218,-2.6898977756500244
1.7949999570846558,-0.04465080052614212,-14.029704093933105,-0.27264752984046936,-2.707085132598877
1.7999999523162842,-0.042494792491197586,-14.107182502746582,-0.16496478021144867,-2.7139487266540527
1.8049999475479126,-0.0686521902680397,-14.124958992004395,-0.17715679109096527,-2.7199769020080566
1.809999942779541,-0.057901982218027115,-14.21271800994873,-0.21221566200256348,-2.7242774963378906
1.815000057220459,-0.05508257821202278,-14.208170890808105,-0.11054088175296783,-2.7277042865753174
1.8200000524520874,-0.05824694409966469,-14.246536254882812,-0.1065513864159584,-2.7320001125335693
1.8250000476837158,-0.06421080976724625,-14.221115112304688,-0.02241620235145092,-2.740591287612915
1.8300000429153442,-0.030998270958662033,-14.263276100158691,-0.02076011523604393,-2.740591287612915
1.8350000381469727,-0.028593488037586212,-14.23476505279541,0.03349442407488823,-2.740591287612915
1.840000033378601,-0.02280542440712452,-14.233707427978516,0.048307742923498154,-2.740591287612915
1.8450000286102295,-0.0005188937648199499,-14.215327262878418,0.11850336939096451,-2.736295700073242
1.850000023841858,-0.025034409016370773,-14.201406478881836,0.1679217368364334,-2.740591287612915
1.8550000190734863,-0.002150828717276454,-14.150171279907227,0.21837981045246124,-2.7320001125335693
1.8600000143051147,0.03343995660543442,-14.110066413879395,0.24533773958683014,-2.72680926322937
1.8650000095367432,0.025568852201104164,-14.074872016906738,0.29145073890686035,-2.7191104888916016
1.8700000047683716,0.03370530903339386,-13.964499473571777,0.26512610912323,-2.7096192836761475
1.875,0.028627071529626846,-13.914920806884766,0.31503215432167053,-2.6967272758483887
1.8799999952316284,0.046903420239686966,-13.857744216918945,0.3609859347343445,-2.6890361309051514
1.8849999904632568,0.05484086275100708,-13.76215648651123,0.3582800030708313,-2.679537534713745
1.8899999856948853,0.07159473747015,-13.685529708862305,0.39833763241767883,-2.6580543518066406
1.8949999809265137,0.08697208017110825,-13.599172592163086,0.3307632803916931,-2.6537537574768066
1.899999976158142,0.06443345546722412,-13.487533569335938,0.23048041760921478,-2.632270574569702
1.9049999713897705,0.04374569281935692,-13.368626594543457,0.19906221330165863,-2.616000175476074
1.909999966621399,0.04168255627155304,-13.207906723022461,0.18019504845142365,-2.601274251937866
1.9149999618530273,0.034454938024282455,-13.099042892456055,0.16559846699237823,-2.581629991531372
1.9199999570846558,0.04743744805455208,-12.9866304397583,0.06991473585367203,-2.566894769668579
1.9249999523162842,0.038853202015161514,-12.841614723205566,0.0570690743625164,-2.5420377254486084
1.9299999475479126,0.03320445120334625,-12.633768081665039,0.02573893778026104,-2.520554304122925
1.934999942779541,0.007624197751283646,-12.490262031555176,-0.0019031090196222067,-2.5024356842041016
1.940000057220459,0.01342552900314331,-12.370758056640625,-0.01159916166216135,-2.4723563194274902
1.9450000524520874,0.004778261762112379,-12.175869941711426,-0.09282857179641724,-2.4475085735321045
1.9500000476837158,0.009972593747079372,-12.063712120056152,-0.11063909530639648,-2.426025629043579
1.9550000429153442,0.003929125145077705,-11.9096040725708,-0.16918456554412842,-2.4045424461364746
1.9600000381469727,-0.005865803454071283,-11.768672943115234,-0.18692398071289062,-2.378763437271118
1.965000033378601,-0.01891465112566948,-11.629480361938477,-0.21615436673164368,-2.352038860321045
1.9700000286102295,-0.03589076176285744,-11.453166961669922,-0.196305051445961,-2.3262553215026855
1.975000023841858,-0.009856085292994976,-11.327779769897461,-0.20193710923194885,-2.2961761951446533
1.9800000190734863,-0.03865045681595802,-11.154378890991211,-0.17885690927505493,-2.267049789428711
1.9850000143051147,-0.003248737193644047,-11.023417472839355,-0.21208696067333221,-2.2446112632751465
1.9900000095367432,-0.03103807382285595,-10.865229606628418,-0.2356785386800766,-2.215489625930786
1.9950000047683716,-0.031721364706754684,-10.729578971862793,-0.2658030390739441,-2.187790632247925
2,-0.020881598815321922,-10.56297492980957,-0.22608409821987152,-2.1510400772094727
2.005000114440918,-0.011497970670461655,-10.339548110961914,-0.1516551375389099,-2.1200006008148193
2.009999990463257,-0.04356947913765907,-10.217628479003906,-0.1181710734963417,-2.098512649536133
2.015000104904175,-0.03293536230921745,-10.029155731201172,-0.08259404450654984,-2.065107583999634
2.0199999809265137,-0.03640488535165787,-9.892632484436035,-0.08492068946361542,-2.0340609550476074
2.0250000953674316,-0.04372537508606911,-9.73116397857666,-0.073856420814991,-1.9996857643127441
2.0299999713897705,-0.0503559410572052,-9.580633163452148,-0.04923528805375099,-1.9791748523712158
2.0350000858306885,-0.011355342343449593,-9.429100036621094,0.026633020490407944,-1.9481210708618164
2.0399999618530273,-0.04472709074616432,-9.2921142578125,0.05800040811300278,-1.9137458801269531
2.0450000762939453,-0.014682234264910221,-9.033099174499512,0.05572456121444702,-1.8932422399520874
2.049999952316284,-0.0010330193908885121,-8.873127937316895,0.1297268122434616,-1.8535897731781006
2.055000066757202,-0.010559276677668095,-8.711031913757324,0.09956846386194229,-1.8278062343597412
2.059999942779541,0.011624429374933243,-8.51770305633545,0.08470434695482254,-1.793431043624878
2.065000057220459,0.011213128454983234,-8.36108684539795,0.147842139005661,-1.7600500583648682
2.069999933242798,0.005716956686228514,-8.236716270446777,0.15328113734722137,-1.741866111755371
2.075000047683716,0.027078062295913696,-8.070608139038086,0.19021283090114594,-1.7074912786483765
2.0799999237060547,0.030385050922632217,-7.9230732917785645,0.1858169287443161,-1.6774120330810547
2.0850000381469727,0.0359707809984684,-7.748131275177002,0.19259706139564514,-1.6526318788528442
2.0899999141693115,0.010689051821827888,-7.60528564453125,0.1423015296459198,-1.6215513944625854
2.0950000286102295,0.049351323395967484,-7.448394775390625,0.1889801025390625,-1.601071834564209
2.0999999046325684,0.055524151772260666,-7.271385669708252,0.18548843264579773,-1.574282169342041
2.1050000190734863,0.050071101635694504,-7.146164894104004,0.19391785562038422,-1.5495116710662842
2.109999895095825,0.029068225994706154,-6.998941421508789,0.1743835210800171,-1.5227172374725342
2.115000009536743,0.07823856174945831,-6.816320896148682,0.16387127339839935,-1.493656039237976
2.119999885559082,0.06692448258399963,-6.725660800933838,0.09622243046760559,-1.4754481315612793
2.125,0.05762046203017235,-6.603520393371582,0.13506759703159332,-1.4517099857330322
2.130000114440918,0.05846627429127693,-6.472535610198975,0.08507349342107773,-1.4335023164749146
2.134999990463257,0.06320950388908386,-6.34093713760376,0.08655346930027008,-1.416314721107483
2.140000104904175,0.05031987279653549,-6.25183629989624,0.0637577548623085,-1.3895058631896973
2.1449999809265137,0.06898429989814758,-6.150912284851074,0.04508701339364052,-1.373345971107483
2.1500000953674316,0.06806882470846176,-6.035802841186523,0.08149377256631851,-1.3518627882003784
2.1549999713897705,0.08123708516359329,-5.96404504776001,0.03332170099020004,-1.3346751928329468
2.1600000858306885,0.0635179802775383,-5.906092643737793,-0.025142475962638855,-1.3174878358840942
2.1649999618530273,0.07348538935184479,-5.836008548736572,0.019703881815075874,-1.3045960664749146
2.1700000762939453,0.07486192137002945,-5.765487194061279,-0.011473854072391987,-1.297044277191162
2.174999952316284,0.05360032618045807,-5.692333221435547,-0.03500108793377876,-1.2831103801727295
2.180000066757202,0.05906996503472328,-5.596779823303223,-0.09469124674797058,-1.2659229040145874
2.184999942779541,0.04608745127916336,-5.524514198303223,-0.04709829390048981,-1.2530310153961182
2.190000057220459,0.04479716345667839,-5.474856376647949,-0.0409785732626915,-1.2411932945251465
2.194999933242798,0.05634012445807457,-5.423576831817627,-0.08391483873128891,-1.2358412742614746
2.200000047683716,0.030069943517446518,-5.419296741485596,-0.15118776261806488,-1.2186537981033325
2.2049999237060547,0.06510679423809052,-5.429940223693848,-0.12640069425106049,-1.2164759635925293
2.2100000381469727,0.012344206683337688,-5.402505397796631,-0.16371169686317444,-1.214353322982788
2.2149999141693115,0.02345927804708481,-5.374576568603516,-0.08420271426439285,-1.2111189365386963
2.2200000286102295,0.013299485668540001,-5.413457870483398,-0.17696714401245117,-1.2100504636764526
2.2249999046325684,-0.01814843900501728,-5.449669361114502,-0.16719657182693481,-1.2035961151123047
2.2300000190734863,0.008576160296797752,-5.433037281036377,-0.17571406066417694,-1.2111190557479858
2.234999895095825,-0.01975715532898903,-5.454792499542236,-0.09939533472061157,-1.2111189365386963
2.240000009536743,-0.019017476588487625,-5.476822376251221,-0.1504697948694229,-1.2111189365386963
2.244999885559082,-0.030314981937408447,-5.558023929595947,-0.1596917062997818,-1.2111189365386963
2.25,-0.03972182422876358,-5.664783477783203,-0.1681821197271347,-1.2207932472229004
2.255000114440918,-0.029661541804671288,-5.70921516418457,-0.09169403463602066,-1.224008321762085
2.259999990463257,-0.04697265848517418,-5.764267921447754,-0.11282689869403839,-1.2283040285110474
2.265000104904175,-0.05027301236987114,-5.82681131362915,-0.02788906916975975,-1.2390755414962769
2.2699999809265137,-0.06616448611021042,-5.913500785827637,-0.08431108295917511,-1.2497870922088623
2.2750000953674316,-0.043201297521591187,-5.951958179473877,-0.02741832099854946,-1.2540826797485352
2.2799999713897705,-0.06281769275665283,-6.052123069763184,0.004755094647407532,-1.2680672407150269
2.2850000858306885,-0.07205868512392044,-6.154717922210693,-0.02365572564303875,-1.2852545976638794
2.2899999618530273,-0.07411519438028336,-6.232422351837158,0.030222898349165916,-1.297044277191162
2.2950000762939453,-0.07676874846220016,-6.332574367523193,0.006732913665473461,-1.3121404647827148
2.299999952316284,-0.06729555875062943,-6.457045555114746,0.05418362468481064,-1.3282257318496704
2.305000066757202,-0.06767700612545013,-6.584039211273193,0.042211730033159256,-1.344303846359253
2.309999942779541,-0.08613911271095276,-6.678103923797607,0.042228661477565765,-1.3637101650238037
2.315000057220459,-0.07974736392498016,-6.762577056884766,0.024120105430483818,-1.3829697370529175
2.319999933242798,-0.07232072204351425,-6.943158149719238,-0.01767146959900856,-1.393794298171997
2.325000047683716,-0.06319250911474228,-7.036717891693115,0.03969881683588028,-1.4227547645568848
2.3299999237060547,-0.04943051189184189,-7.17825174331665,0.06972169131040573,-1.4442378282546997
2.3350000381469727,-0.0559217669069767,-7.297295093536377,0.07350798696279526,-1.4711405038833618
2.3399999141693115,-0.060701481997966766,-7.418463230133057,0.10870909690856934,-1.4957977533340454
2.3450000286102295,-0.04712523892521858,-7.593818664550781,0.13906726241111755,-1.5141139030456543
2.3499999046325684,-0.03986776992678642,-7.710818767547607,0.07500490546226501,-1.5430622100830078
2.3550000190734863,0.009163258597254753,-7.855072975158691,0.06994181871414185,-1.5656788349151611
2.359999895095825,0.009292619302868843,-8.012292861938477,0.05809862166643143,-1.595758080482483
2.365000009536743,0.00010800852760439739,-8.12563705444336,0.06579653918743134,-1.6246992349624634
2.369999885559082,0.02410939894616604,-8.263337135314941,0.04822646453976631,-1.6516187191009521
2.375,0.022464195266366005,-8.409320831298828,0.05518608167767525,-1.6762592792510986
2.380000114440918,0.04312210902571678,-8.546028137207031,0.053922850638628006,-1.703183650970459
2.384999990463257,0.06492436677217484,-8.708761215209961,0.037775181233882904,-1.7364106178283691
2.390000104904175,0.0565822534263134,-8.870471000671387,-0.00986518431454897,-1.7547484636306763
2.3949999809265137,0.06107007712125778,-9.00363540649414,-0.02647005394101143,-1.7934190034866333
2.4000000953674316,0.10083357244729996,-9.236394882202148,-0.07736501097679138,-1.8234983682632446
2.4049999713897705,0.1023925393819809,-9.382515907287598,-0.08813125640153885,-1.8438289165496826
2.4100000858306885,0.11498364806175232,-9.552416801452637,-0.04722021520137787,-1.880518913269043
2.4149999618530273,0.135973259806633,-9.702024459838867,-0.11651498079299927,-1.912574052810669
2.4200000762939453,0.1104162186384201,-9.84754753112793,-0.11937673389911652,-1.9352220296859741
2.424999952316284,0.09593113511800766,-9.997505187988281,-0.09941565990447998,-1.9684298038482666
2.430000066757202,0.12231408804655075,-10.130230903625488,-0.15579703450202942,-1.9953781366348267
2.434999942779541,0.10542421787977219,-10.306928634643555,-0.1756395548582077,-2.0297532081604004
2.440000057220459,0.09815017133951187,-10.512989044189453,-0.1504393070936203,-2.0641281604766846
2.444999933242798,0.09060744196176529,-10.719680786132812,-0.13227994740009308,-2.0973262786865234
2.450000047683716,0.05974993482232094,-10.892791748046875,-0.14537961781024933,-2.1199886798858643
2.4549999237060547,0.06521294265985489,-11.042320251464844,-0.07873661816120148,-2.1500680446624756
2.4600000381469727,0.04374900832772255,-11.225984573364258,-0.11644725501537323,-2.1844429969787598
2.4649999141693115,0.02917768619954586,-11.401742935180664,-0.09290308505296707,-2.204744577407837
2.4700000286102295,0.03968575596809387,-11.578922271728516,-0.09450159221887589,-2.2360079288482666
2.4749999046325684,0.014430561102926731,-11.75695514678955,-0.08786032348871231,-2.266087055206299
2.4800000190734863,-0.00027343991678208113,-11.922409057617188,-0.05827432498335838,-2.300462245941162
2.484999895095825,-0.03289887681603432,-12.068402290344238,-0.03416797146201134,-2.325049877166748
2.490000009536743,-0.03635844960808754,-12.23290729522705,-0.05256100371479988,-2.35202693939209
2.494999885559082,-0.07769749313592911,-12.41694164276123,0.013773813843727112,-2.3809053897857666
2.5,-0.0697169303894043,-12.54755687713623,-0.013123164884746075,-2.40238881111145
2.505000114440918,-0.0835784301161766,-12.746243476867676,0.054193783551454544,-2.425077438354492
2.509999990463257,-0.11224675178527832,-12.933849334716797,0.06461119651794434,-2.453948736190796
2.515000104904175,-0.1231163740158081,-13.047748565673828,0.05927041172981262,-2.4754316806793213
2.5199999809265137,-0.128562793135643,-13.17679500579834,0.0787099301815033,-2.4981279373168945
2.5250000953674316,-0.13545207679271698,-13.30189037322998,0.10541386902332306,-2.5184006690979004
2.5299999713897705,-0.1326160877943039,-13.446056365966797,0.09137609601020813,-2.539883852005005
2.5350000858306885,-0.1309642642736435,-13.541691780090332,0.09740438312292099,-2.5613670349121094
2.5399999618530273,-0.12309646606445312,-13.64884090423584,0.13981910049915314,-2.5797770023345947
2.5450000762939453,-0.11810115724802017,-13.74215030670166,0.16384080052375793,-2.6000399589538574
2.549999952316284,-0.10863792151212692,-13.786989212036133,0.13705219328403473,-2.621522903442383
2.555000066757202,-0.071315698325634,-13.85629653930664,0.13333022594451904,-2.6374807357788086
2.559999942779541,-0.06819113343954086,-13.9165678024292,0.11054806411266327,-2.6430087089538574
2.565000057220459,-0.06158379092812538,-13.93625545501709,0.15336920320987701,-2.651604652404785
2.569999933242798,-0.04537057876586914,-13.997077941894531,0.05869467556476593,-2.6718509197235107
2.575000047683716,-0.03329359367489815,-14.053373336791992,0.03315914422273636,-2.6816816329956055
2.5799999237060547,-0.0008373202290385962,-14.07058048248291,0.05414637178182602,-2.6902780532836914
2.5850000381469727,0.020968256518244743,-14.06330680847168,0.0710526555776596,-2.697629690170288
2.5899999141693115,0.028577318415045738,-14.081388473510742,-0.02245684340596199,-2.707467555999756
2.5950000286102295,0.05553078651428223,-14.07305908203125,-0.0030274849850684404,-2.7234063148498535
2.5999999046325684,0.08130010217428207,-14.066433906555176,-0.0734635666012764,-2.7234063148498535
2.6050000190734863,0.06114305555820465,-14.062984466552734,-0.08426705747842789,-2.7234063148498535
2.609999895095825,0.10988550633192062,-14.022011756896973,-0.1262415200471878,-2.7289581298828125
2.615000009536743,0.09523457288742065,-14.012019157409668,-0.06747253239154816,-2.7319998741149902
2.619999885559082,0.14118418097496033,-13.996373176574707,-0.12519502639770508,-2.736295700073242
2.625,0.11999554187059402,-13.938304901123047,-0.14988727867603302,-2.736295700073242
2.630000114440918,0.12139861285686493,-13.932426452636719,-0.18699508905410767,-2.736295700073242
2.634999990463257,0.12521971762180328,-13.898831367492676,-0.09810501337051392,-2.726436138153076
2.640000104904175,0.11318918317556381,-13.864301681518555,-0.13870447874069214,-2.7234063148498535
2.6449999809265137,0.10602790862321854,-13.85214614868164,-0.15746666491031647,-2.7191104888916016
2.6500000953674316,0.10455185920000076,-13.830279350280762,-0.1330995410680771,-2.7135393619537354
2.6549999713897705,0.06121270731091499,-13.767260551452637,-0.11999987065792084,-2.7006475925445557
2.6600000858306885,0.06852325052022934,-13.746149063110352,-0.11475051939487457,-2.697627305984497
2.6649999618530273,0.05628041550517082,-13.693479537963867,-0.027523308992385864,-2.683457851409912
2.6700000762939453,0.03143983706831932,-13.659646987915039,-0.0835016667842865,-2.6718509197235107
2.674999952316284,0.02650422975420952,-13.598698616027832,-0.020563693717122078,-2.6576764583587646
2.680000066757202,-0.011415047571063042,-13.563358306884766,-0.03727354854345322,-2.6460742950439453
2.684999942779541,-0.0067845964804291725,-13.479425430297852,0.04247588664293289,-2.640486478805542
2.690000057220459,-0.028470760211348534,-13.425633430480957,0.032224420458078384,-2.6275947093963623
2.694999933242798,-0.07801260054111481,-13.335092544555664,0.08200176805257797,-2.606111526489258
2.700000047683716,-0.07827795296907425,-13.23072624206543,0.06194927170872688,-2.5846285820007324
2.7049999237060547,-0.07879208773374557,-13.140353202819824,0.07146582752466202,-2.5717368125915527
2.7100000381469727,-0.08373764902353287,-13.050985336303711,0.17561964690685272,-2.5489490032196045
2.7149999141693115,-0.07130905985832214,-12.948186874389648,0.14669743180274963,-2.524472236633301
2.7200000286102295,-0.10123783349990845,-12.799117088317871,0.14537663757801056,-2.507284641265869
2.7249999046325684,-0.11161322146654129,-12.631006240844727,0.15642058849334717,-2.4900972843170166
2.7300000190734863,-0.10558965802192688,-12.49604606628418,0.10809949785470963,-2.4672999382019043
2.734999895095825,-0.1318233460187912,-12.364952087402344,0.1238136738538742,-2.441516399383545
2.740000009536743,-0.0957416519522667,-12.191363334655762,0.12187650054693222,-2.414074659347534
2.744999885559082,-0.09136328846216202,-12.07800579071045,0.1273256540298462,-2.394249677658081
2.75,-0.09026206284761429,-11.915478706359863,0.07391101121902466,-2.3654940128326416
2.755000114440918,-0.08886563032865524,-11.784278869628906,0.07877427339553833,-2.342684745788574
2.759999990463257,-0.07857315987348557,-11.601463317871094,0.11463579535484314,-2.313933849334717
2.765000104904175,-0.06857921928167343,-11.426416397094727,0.0936722606420517,-2.2911200523376465
2.7699999809265137,-0.03631201013922691,-11.262476921081543,0.07338268309831619,-2.258078098297119
2.7750000953674316,-0.056933436542749405,-11.095864295959473,0.05534864217042923,-2.2395551204681396
2.7799999713897705,-0.0381694957613945,-10.889525413513184,-0.00725744292140007,-2.2108137607574463
2.7850000858306885,-0.006379928905516863,-10.686989784240723,-0.023489780724048615,-2.178058385848999
2.7899999618530273,0.005697054788470268,-10.464883804321289,0.0019949544221162796,-2.146364212036133
2.7950000762939453,0.0031529604457318783,-10.284607887268066,-0.03257961571216583,-2.1192400455474854
2.799999952316284,0.04277050867676735,-10.109920501708984,-0.09994736313819885,-2.093456506729126
2.805000066757202,0.04477394372224808,-9.928065299987793,-0.0618438795208931,-2.051840305328369
2.809999942779541,0.04324151575565338,-9.738086700439453,-0.06759107112884521,-2.0333003997802734
2.815000057220459,0.0664634257555008,-9.57298469543457,-0.04581812769174576,-1.9989253282546997
2.819999933242798,0.07454017549753189,-9.40627670288086,-0.05924968793988228,-1.9659078121185303
2.825000047683716,0.08305144309997559,-9.227194786071777,-0.09894151985645294,-1.9374096393585205
2.8299999237060547,0.08321398496627808,-9.01563835144043,-0.1297772079706192,-1.910049557685852
2.8350000381469727,0.1085023432970047,-8.821343421936035,-0.16370153427124023,-1.878610610961914
2.8399999141693115,0.08761224895715714,-8.638908386230469,-0.14607389271259308,-1.8571226596832275
2.8450000286102295,0.11755095422267914,-8.459014892578125,-0.10282942652702332,-1.8198212385177612
2.8499999046325684,0.0999147817492485,-8.308003425598145,-0.08026062697172165,-1.788374900817871
2.8550000190734863,0.07825515419244766,-8.167353630065918,-0.1545642912387848,-1.7582957744598389
2.859999895095825,0.09722805768251419,-8.034540176391602,-0.13524669408798218,-1.7381842136383057
2.865000009536743,0.09449820965528488,-7.88361930847168,-0.09193111211061478,-1.706730842590332
2.869999885559082,0.07765147089958191,-7.759195327758789,-0.06714741885662079,-1.6737372875213623
2.875,0.09270042926073074,-7.601145267486572,-0.07909560948610306,-1.6551660299301147
2.880000114440918,0.06931931525468826,-7.443888187408447,-0.09615428745746613,-1.6250865459442139
2.884999990463257,0.05899367108941078,-7.321537017822266,-0.07099129259586334,-1.600691556930542
2.890000104904175,0.03543675318360329,-7.207451820373535,-0.016577575355768204,-1.5735217332839966
2.8949999809265137,0.04052825644612312,-7.108604907989502,0.016317205503582954,-1.5491315126419067
2.9000000953674316,0.0327964685857296,-6.990240097045898,-0.000009955906534742098,-1.5233526229858398
2.9049999713897705,0.03959951549768448,-6.880724906921387,-0.016939949244260788,-1.5061651468276978
2.9100000858306885,0.03599400073289871,-6.769442558288574,-0.009851636365056038,-1.4832814931869507
2.9149999618530273,0.030268961563706398,-6.672885894775391,0.043861038982868195,-1.458900809288025
2.9200000762939453,0.025187404826283455,-6.546045303344727,0.05202631279826164,-1.4403079748153687
2.924999952316284,0.0006221343646757305,-6.449225425720215,0.05796654149889946,-1.4116363525390625
2.930000066757202,0.017860280349850655,-6.369632720947266,0.08544602245092392,-1.39444899559021
2.934999942779541,0.005083420779556036,-6.296993732452393,0.056892964988946915,-1.3772614002227783
2.940000057220459,-0.00362355075776577,-6.208576679229736,0.06409303843975067,-1.3600739240646362
2.944999933242798,0.011657598428428173,-6.143043518066406,0.08772186934947968,-1.3428864479064941
2.950000047683716,-0.008963827043771744,-6.053969860076904,0.1047128289937973,-1.325698971748352
2.9549999237060547,-0.03202320635318756,-5.9909515380859375,0.09749243408441544,-1.3128070831298828
2.9600000381469727,0.005007131025195122,-5.954184532165527,0.09373999387025833,-1.3013399839401245
2.9649999141693115,-0.011760009452700615,-5.872348785400391,0.08039649575948715,-1.2884528636932373
2.9700000286102295,-0.003759545972570777,-5.825544357299805,0.09600906074047089,-1.2784321308135986
2.9749999046325684,-0.01573038659989834,-5.7896246910095215,0.04625203087925911,-1.2712678909301758
2.9800000190734863,0.011057233437895775,-5.760776996612549,0.089161217212677,-1.259807825088501
2.984999895095825,0.012977741658687592,-5.712574005126953,0.12599468231201172,-1.246925711631775
2.990000009536743,0.008542991243302822,-5.677999496459961,0.0649295449256897,-1.2440522909164429
2.994999885559082,0.01046681683510542,-5.63115119934082,0.06056411936879158,-1.2454888820648193
3,0.005733541678637266,-5.619731426239014,0.0223150085657835,-1.2311581373214722
3.005000114440918,-0.009594046510756016,-5.558017730712891,0.06890550255775452,-1.2297502756118774
3.009999990463257,0.016576623544096947,-5.567895412445068,0.039847828447818756,-1.2268576622009277
3.015000104904175,0.02501492202281952,-5.561273574829102,0.013594317249953747,-1.2283040285110474
3.0199999809265137,0.027661841362714767,-5.564743995666504,-0.0051339976489543915,-1.224008321762085
3.0250000953674316,0.01872268319129944,-5.5895280838012695,0.028939345851540565,-1.2283039093017578
3.0299999713897705,0.026879046112298965,-5.6402668952941895,-0.005120450165122747,-1.2283039093017578
3.0350000858306885,0.03336698189377785,-5.600266933441162,0.029003694653511047,-1.229764699935913
3.0399999618530273,0.029456306248903275,-5.7249321937561035,0.0025435963179916143,-1.2326020002365112
3.0450000762939453,0.0438850037753582,-5.745822906494141,-0.022504255175590515,-1.2426588535308838
3.049999952316284,0.04681718349456787,-5.778391361236572,0.017299341037869453,-1.2540826797485352
3.055000066757202,0.04305244982242584,-5.795290470123291,-0.07004640251398087,-1.26267409324646
3.059999942779541,0.0677570328116417,-5.880556106567383,-0.013576977886259556,-1.2727382183074951
3.065000057220459,0.06880850344896317,-5.917295932769775,-0.016757069155573845,-1.2755634784698486
3.069999933242798,0.059288881719112396,-5.987185955047607,-0.06760800629854202,-1.2899281978607178
3.075000047683716,0.08442798256874084,-6.0634002685546875,-0.07064584642648697,-1.3028199672698975
3.0799999237060547,0.05678127333521843,-6.125853061676025,-0.026517465710639954,-1.3200074434280396
3.0850000381469727,0.08484259247779846,-6.235476016998291,-0.08083634823560715,-1.3271187543869019
3.0899999141693115,0.06660273671150208,-6.335379600524902,-0.07509933412075043,-1.347275972366333
3.0950000286102295,0.08719430863857269,-6.455382347106934,-0.047369226813316345,-1.3614890575408936
3.0999999046325684,0.07673599570989609,-6.545848846435547,-0.04383015260100365,-1.3773601055145264
3.1050000190734863,0.08767195045948029,-6.648545742034912,-0.07933605462312698,-1.3973536491394043
3.109999895095825,0.10933489352464676,-6.781739711761475,-0.04673592373728752,-1.4188368320465088
3.115000009536743,0.09665422886610031,-6.914567470550537,-0.04125627875328064,-1.4317286014556885
3.119999885559082,0.10007400065660477,-7.055853843688965,0.006153792142868042,-1.4618031978607178
3.125,0.0883253887295723,-7.2087836265563965,0.025302056223154068,-1.4804946184158325
3.130000114440918,0.07983069866895676,-7.318484306335449,0.006136859767138958,-1.5047718286514282
3.134999990463257,0.07191316038370132,-7.4488420486450195,0.016750700771808624,-1.5305505990982056
3.140000104904175,0.09733419865369797,-7.6314191818237305,-0.0352720208466053,-1.549249291419983
3.1449999809265137,0.051620110869407654,-7.80676794052124,0.0348118394613266,-1.577815055847168
3.1500000953674316,0.05044591426849365,-7.97287654876709,0.008893613703548908,-1.6008142232894897
3.1549999713897705,0.0791076049208641,-8.1432466506958,0.09318797290325165,-1.6293749809265137
3.1600000858306885,0.03528749197721481,-8.27553653717041,0.10356812924146652,-1.6523792743682861
3.1649999618530273,0.0335792675614357,-8.46353530883789,0.09089518338441849,-1.6867542266845703
3.1700000762939453,0.019299833104014397,-8.644222259521484,0.17546725273132324,-1.7153077125549316
3.174999952316284,0.0019256924279034138,-8.816697120666504,0.09891822189092636,-1.7426146268844604
3.180000066757202,-0.00030329282162711024,-8.985685348510742,0.10383228212594986,-1.7711633443832397
3.184999942779541,-0.034308575093746185,-9.213361740112305,0.11052774637937546,-1.7898838520050049
3.190000057220459,-0.03507478907704353,-9.420197486877441,0.11614624410867691,-1.824258804321289
3.194999933242798,-0.04201051592826843,-9.567523002624512,0.18587449193000793,-1.8586338758468628
3.200000047683716,-0.0530194416642189,-9.7362642288208,0.13448508083820343,-1.8914686441421509
3.2049999237060547,-0.040103279054164886,-9.88807487487793,0.11122202128171921,-1.914494514465332
3.2100000381469727,-0.06394544988870621,-10.085573196411133,0.13083425164222717,-1.9445737600326538
3.2149999141693115,-0.09152913838624954,-10.254323959350586,0.15967857837677002,-1.9789485931396484
3.2200000286102295,-0.0767289400100708,-10.442451477050781,0.12392204999923706,-1.9988868236541748
3.2249999046325684,-0.09957272559404373,-10.64798355102539,0.08244543522596359,-2.0262179374694824
3.2300000190734863,-0.09262041002511978,-10.8052396774292,0.11205852776765823,-2.0648884773254395
3.234999895095825,-0.08780752867460251,-10.963072776794434,0.11752462387084961,-2.0934109687805176
3.240000009536743,-0.07984023541212082,-11.113922119140625,0.13654419779777527,-2.120748996734619
3.244999885559082,-0.0709674209356308,-11.244534492492676,0.0885516107082367,-2.1508283615112305
3.25,-0.08095473051071167,-11.410109519958496,0.067886121571064,-2.1750478744506836
3.255000114440918,-0.08884241431951523,-11.536710739135742,0.031777381896972656,-2.20668888092041
3.259999990463257,-0.06909333914518356,-11.669257164001465,-0.003271326655521989,-2.235199213027954
3.265000104904175,-0.07912378013134003,-11.830377578735352,0.012625730596482754,-2.253958225250244
3.2699999809265137,-0.06448611617088318,-11.933063507080078,-0.005299944430589676,-2.2867591381073
3.2750000953674316,-0.07126262784004211,-12.026810646057129,-0.026561494916677475,-2.309818744659424
3.2799999713897705,-0.023939818143844604,-12.142271041870117,-0.01570381037890911,-2.3426148891448975
3.2850000858306885,-0.013126588426530361,-12.244476318359375,-0.03557005152106285,-2.3656792640686035
3.2899999618530273,-0.013418479822576046,-12.363072395324707,-0.03579018637537956,-2.3941750526428223
3.2950000762939453,0.021628323942422867,-12.493738174438477,-0.037740908563137054,-2.421539783477783
3.299999952316284,0.016314584761857986,-12.59524917602539,-0.032782819122076035,-2.4430277347564697
3.305000066757202,0.017452295869588852,-12.775239944458008,-0.06691373139619827,-2.4672207832336426
3.309999942779541,0.030743282288312912,-12.908278465270996,-0.09167033433914185,-2.484408140182495
3.315000057220459,0.05334823578596115,-12.996647834777832,-0.1581236720085144,-2.5101871490478516
3.319999933242798,0.06752153486013412,-13.090669631958008,-0.1283920556306839,-2.5187830924987793
3.325000047683716,0.0695846676826477,-13.146707534790039,-0.06073305010795593,-2.5461626052856445
3.3299999237060547,0.09663432836532593,-13.230966567993164,-0.061186861246824265,-2.5601491928100586
3.3350000381469727,0.10305260866880417,-13.360367774963379,-0.01757664419710636,-2.576246500015259
3.3399999141693115,0.08821260929107666,-13.45395565032959,-0.040125131607055664,-2.6004226207733154
3.3450000286102295,0.09154282510280609,-13.54753303527832,-0.03998627886176109,-2.617609977722168
3.3499999046325684,0.10014365613460541,-13.631850242614746,0.04507346823811531,-2.628889560699463
3.3550000190734863,0.10622691363096237,-13.698748588562012,0.10925097018480301,-2.6433913707733154
3.359999895095825,0.09480668604373932,-13.773819923400879,0.06810963898897171,-2.654665946960449
3.365000009536743,0.07129953056573868,-13.835067749023438,0.07980721443891525,-2.660581111907959
3.369999885559082,0.0751173198223114,-13.913094520568848,0.07042273133993149,-2.6718509197235107
3.375,0.038793500512838364,-13.9766845703125,0.1110052689909935,-2.6836910247802734
3.380000114440918,0.029280509799718857,-14.009627342224121,0.09863712638616562,-2.697629690170288
3.384999990463257,0.008579476736485958,-14.064160346984863,0.22451984882354736,-2.701925277709961
3.390000104904175,0.005431699566543102,-14.113518714904785,0.21688967943191528,-2.707852840423584
3.3949999809265137,-0.003616916947066784,-14.12802505493164,0.21234813332557678,-2.7088849544525146
3.4000000953674316,-0.01496417447924614,-14.142708778381348,0.2196532040834427,-2.7105166912078857
3.4049999713897705,-0.023415740579366684,-14.184199333190918,0.17015355825424194,-2.71215558052063
3.4100000858306885,-0.05386858433485031,-14.149418830871582,0.21427854895591736,-2.7131736278533936
3.4149999618530273,-0.07858311384916306,-14.19359302520752,0.18805553019046783,-2.720752000808716
3.4200000762939453,-0.08146553486585617,-14.147331237792969,0.16331584751605988,-2.7234063148498535
3.424999952316284,-0.06888437271118164,-14.138300895690918,0.19281718134880066,-2.7131664752960205
3.430000066757202,-0.08989056199789047,-14.106816291809082,0.14748992025852203,-2.706221103668213
3.434999942779541,-0.08063630759716034,-14.055671691894531,0.12148703634738922,-2.70192551612854
3.440000057220459,-0.08132290840148926,-14.009610176086426,0.0861910954117775,-2.7002696990966797
3.444999933242798,-0.08308751881122589,-13.92626667022705,0.05774640664458275,-2.6890361309051514
3.450000047683716,-0.0786428228020668,-13.881867408752441,0.013137117959558964,-2.683079957962036
3.4549999237060547,-0.06934874504804611,-13.82010269165039,-0.02633458748459816,-2.673513889312744
3.4600000381469727,-0.08218199014663696,-13.729755401611328,-0.03707712143659592,-2.67448353767395
3.4649999141693115,-0.09661732614040375,-13.635705947875977,0.023981252685189247,-2.653000593185425
3.4700000286102295,-0.07628447562456131,-13.526747703552246,-0.04811091348528862,-2.635812997817993
3.4749999046325684,-0.04845865070819855,-13.413743019104004,-0.09455239027738571,-2.631512403488159
3.4800000190734863,-0.04147980734705925,-13.283985137939453,-0.026856133714318275,-2.610029458999634
3.484999895095825,-0.022374222055077553,-13.174663543701172,-0.11025979369878769,-2.590223789215088
3.490000009536743,-0.05671120434999466,-13.072421073913574,-0.09796277433633804,-2.582568645477295
3.494999885559082,-0.04633912444114685,-12.976238250732422,-0.09415953606367111,-2.56276273727417
3.5,0.0014513699570670724,-12.813275337219238,-0.06261265277862549,-2.5455751419067383
3.505000114440918,0.002589081646874547,-12.611483573913574,-0.047504693269729614,-2.519796371459961
3.509999990463257,0.012612879276275635,-12.478069305419922,-0.06221641227602959,-2.5026090145111084
3.515000104904175,0.039065491408109665,-12.333130836486816,-0.06684938818216324,-2.4854214191436768
3.5199999809265137,0.019422560930252075,-12.21381950378418,-0.0596797913312912,-2.4622437953948975
3.5250000953674316,0.02496516890823841,-12.043902397155762,-0.02995494194328785,-2.4424524307250977
3.5299999713897705,0.0477658286690712,-11.951093673706055,-0.034357618540525436,-2.4149746894836426
3.5350000858306885,0.058356817811727524,-11.805389404296875,0.033602796494960785,-2.390892744064331
3.5399999618530273,0.053832512348890305,-11.678603172302246,0.06861424446105957,-2.3737051486968994
3.5450000762939453,0.05705326050519943,-11.527327537536621,0.09127110987901688,-2.346220016479492
3.549999952316284,0.048137325793504715,-11.419154167175293,0.07955998182296753,-2.313553810119629
3.555000066757202,0.0565059669315815,-11.282944679260254,0.10246407985687256,-2.2903594970703125
3.559999942779541,0.07136917859315872,-11.155135154724121,0.1129830926656723,-2.270585060119629
3.565000057220459,0.050333138555288315,-10.993574142456055,0.16367822885513306,-2.2387945652008057
3.569999933242798,0.015913235023617744,-10.858262062072754,0.1153436005115509,-2.2061378955841064
3.575000047683716,0.024135934188961983,-10.66488265991211,0.15377557277679443,-2.187229633331299
3.5799999237060547,0.036003950983285904,-10.484809875488281,0.13123726844787598,-2.148559093475342
3.5850000381469727,0.018308067694306374,-10.301188468933105,0.16814525425434113,-2.1245009899139404
3.5899999141693115,0.03962273523211479,-10.187798500061035,0.1531389057636261,-2.099561929702759
3.5950000286102295,0.014317786321043968,-10.02481460571289,0.16703103482723236,-2.064347267150879
3.5999999046325684,0.012337572872638702,-9.885395050048828,0.1494169384241104,-2.0428640842437744
3.6050000190734863,-0.013945872895419598,-9.71569538116455,0.1700655072927475,-2.000727891921997
3.609999895095825,-0.002273556077852845,-9.564791679382324,0.15912315249443054,-1.9766769409179688
3.615000009536743,-0.001278473762795329,-9.389500617980957,0.14354784786701202,-1.9440419673919678
3.619999885559082,0.00004498617636272684,-9.236736297607422,0.11530973762273788,-1.9139673709869385
3.625,-0.04291936010122299,-9.005874633789062,0.1566915363073349,-1.8846989870071411
3.630000114440918,-0.02508416213095188,-8.865581512451172,0.09595487266778946,-1.8581092357635498
3.634999990463257,-0.04126420617103577,-8.69393253326416,0.09156912565231323,-1.8262852430343628
3.640000104904175,-0.07421470433473587,-8.5361909866333,0.03359264135360718,-1.796205759048462
3.6449999809265137,-0.06392886489629745,-8.362651824951172,0.005324055440723896,-1.772176742553711
3.6500000953674316,-0.05117522552609444,-8.217461585998535,0.008192570880055428,-1.7403452396392822
3.6549999713897705,-0.0405610091984272,-8.081987380981445,0.013357250951230526,-1.7120252847671509
3.6600000858306885,-0.0679887980222702,-7.951981544494629,-0.029890596866607666,-1.684484839439392
3.6649999618530273,-0.061411309987306595,-7.777934551239014,-0.008232805877923965,-1.6629968881607056
3.6700000762939453,-0.04153618961572647,-7.626191139221191,-0.0974717065691948,-1.6346838474273682
3.674999952316284,-0.039751678705215454,-7.462399959564209,-0.055067140609025955,-1.6028406620025635
3.680000066757202,-0.052906669676303864,-7.314129829406738,-0.09954434633255005,-1.5745325088500977
3.684999942779541,-0.040862854570150375,-7.216093063354492,-0.0953143984079361,-1.5512757301330566
3.690000057220459,-0.05147707089781761,-7.078165054321289,-0.14705602824687958,-1.5315637588500977
3.694999933242798,-0.04178828373551369,-6.944204330444336,-0.0992632582783699,-1.514376163482666
3.700000047683716,-0.02713734842836857,-6.830732822418213,-0.13361091911792755,-1.4911123514175415
3.7049999237060547,-0.03836851194500923,-6.694031238555908,-0.08576397597789764,-1.4645994901657104
3.7100000381469727,-0.02760172262787819,-6.575485706329346,-0.17261864244937897,-1.4413355588912964
3.7149999141693115,-0.022443877533078194,-6.482216835021973,-0.1183641105890274,-1.426655650138855
3.7200000286102295,-0.017156673595309258,-6.364274501800537,-0.18950460851192474,-1.4069581031799316
3.7249999046325684,-0.01581662707030773,-6.286623954772949,-0.14498676359653473,-1.3922734260559082
3.7300000190734863,-0.028560318052768707,-6.191112041473389,-0.11456764489412308,-1.3675798177719116
3.734999895095825,-0.021044127643108368,-6.098526954650879,-0.10243657231330872,-1.3578959703445435
3.740000009536743,-0.02534288540482521,-6.071946620941162,-0.13639138638973236,-1.3425037860870361
3.744999885559082,0.0020948564633727074,-5.971242904663086,-0.0923747569322586,-1.3210206031799316
3.75,-0.010997112840414047,-5.924347400665283,-0.108495332300663,-1.3099336624145508
3.755000114440918,0.002997064497321844,-5.867760181427002,-0.059120990335941315,-1.2995350360870361
3.759999990463257,0.012944572605192661,-5.8279571533203125,-0.05897197872400284,-1.286643147468567
3.765000104904175,-0.0029701138846576214,-5.774104595184326,-0.1142154261469841,-1.2755634784698486
3.7699999809265137,-0.006283738184720278,-5.742393493652344,-0.09859947115182877,-1.2712677717208862
3.7750000953674316,0.0032856385223567486,-5.732695579528809,-0.05271678417921066,-1.2651551961898804
3.7799999713897705,0.024417873471975327,-5.6608428955078125,-0.08691544085741043,-1.260854721069336
3.7850000858306885,0.0360470712184906,-5.668385982513428,-0.03856387734413147,-1.2497845888137817
3.7899999618530273,0.030040090903639793,-5.612628936767578,-0.004903703462332487,-1.2454890012741089
3.7950000762939453,0.020580170676112175,-5.62587833404541,0.01941940188407898,-1.241193413734436
3.799999952316284,0.03431231155991554,-5.617535591125488,0.03566528484225273,-1.2368977069854736
3.805000066757202,0.04227960482239723,-5.6260480880737305,0.009631907567381859,-1.2326020002365112
3.809999942779541,0.02671319618821144,-5.663695812225342,0.03124905936419964,-1.2411932945251465
3.815000057220459,0.03535383194684982,-5.70427131652832,0.05724178999662399,-1.2368977069854736
3.819999933242798,0.02585410885512829,-5.724240779876709,0.031245673075318336,-1.2411932945251465
3.825000047683716,0.03648490831255913,-5.738812446594238,0.03259018436074257,-1.2411932945251465
3.8299999237060547,0.03310162574052811,-5.769404888153076,0.04994689300656319,-1.2473324537277222
3.8350000381469727,0.02036125212907791,-5.809360027313232,0.04443000257015228,-1.2540826797485352
3.8399999141693115,0.02554231882095337,-5.863863468170166,0.028011398389935493,-1.2669696807861328
3.8450000286102295,0.03433884680271149,-5.906736373901367,0.07468655705451965,-1.2688204050064087
3.8499999046325684,0.03647827357053757,-5.985441207885742,0.033646825700998306,-1.279859185218811
3.8550000190734863,0.03474682942032814,-6.028575420379639,0.07994268089532852,-1.2921613454818726
3.859999895095825,0.041719041764736176,-6.094501495361328,0.1316978633403778,-1.3013423681259155
3.865000009536743,0.048379458487033844,-6.176286697387695,0.04237767308950424,-1.3117940425872803
3.869999885559082,0.07554852962493896,-6.274845123291016,0.02690056711435318,-1.3314144611358643
3.875,0.0517992228269577,-6.339025974273682,0.046949684619903564,-1.3461664915084839
3.880000114440918,0.039509959518909454,-6.454118251800537,0.0645400807261467,-1.3504670858383179
3.884999990463257,0.041589681059122086,-6.546316623687744,0.052188873291015625,-1.36765456199646
3.890000104904175,0.04753695800900459,-6.636631011962891,0.047718461602926254,-1.384842038154602
3.8949999809265137,0.04906938597559929,-6.726494312286377,0.011819700710475445,-1.4063252210617065
3.9000000953674316,0.05972671881318092,-6.877364158630371,-0.07224775105714798,-1.4235126972198486
3.9049999713897705,0.0505487397313118,-6.994434833526611,-0.05814224109053612,-1.4364044666290283
3.9100000858306885,0.040485139936208725,-7.146110534667969,-0.023547351360321045,-1.4664790630340576
3.9149999618530273,0.055527471005916595,-7.237695217132568,-0.003054579021409154,-1.4874351024627686
3.9200000762939453,0.04312210902571678,-7.36961555480957,-0.07259318977594376,-1.5180413722991943
3.924999952316284,0.0334598571062088,-7.520271301269531,-0.02779085747897625,-1.5352288484573364
3.930000066757202,0.027648573741316795,-7.667023658752441,-0.08110390603542328,-1.5610077381134033
3.934999942779541,0.0363953523337841,-7.834724426269531,-0.09869091212749481,-1.5843849182128906
3.940000057220459,0.03137350082397461,-7.952531337738037,-0.08007096499204636,-1.6125677824020386
3.944999933242798,0.02042095921933651,-8.109892845153809,-0.1027921736240387,-1.6316540241241455
3.950000047683716,0.030494511127471924,-8.260409355163574,-0.1093013659119606,-1.6598323583602905
3.9549999237060547,0.01899467594921589,-8.395731925964355,-0.0805417150259018,-1.6875146627426147
3.9600000381469727,0.02171456627547741,-8.556093215942383,-0.11108614504337311,-1.721889615058899
3.9649999141693115,0.022586921229958534,-8.765982627868652,-0.057041577994823456,-1.741469144821167
3.9700000286102295,0.02022857591509819,-8.910558700561523,-0.04574362561106682,-1.7734544277191162
3.9749999046325684,0.015969622880220413,-9.120716094970703,-0.05697045475244522,-1.7973248958587646
3.9800000190734863,-0.017723869532346725,-9.319284439086914,-0.05348556488752365,-1.825019359588623
3.984999895095825,-0.003537310753017664,-9.491257667541504,-0.030242810025811195,-1.8593943119049072
3.990000009536743,-0.031920380890369415,-9.658443450927734,-0.0709167867898941,-1.8918489217758179
3.994999885559082,-0.0037628624122589827,-9.824623107910156,0.0033089870121330023,-1.9152549505233765
4,-0.022904932498931885,-9.993753433227539,-0.019547687843441963,-1.9453341960906982
4.005000114440918,-0.03312111273407936,-10.14625358581543,0.021492047235369682,-1.9797091484069824
4.010000228881836,-0.019803592935204506,-10.312422752380371,0.011332018300890923,-2.0035626888275146
4.014999866485596,-0.021047445014119148,-10.512020111083984,0.06054041534662247,-2.035569906234741
4.019999980926514,-0.01625114679336548,-10.70052719116211,0.09114579856395721,-2.0656490325927734
4.025000095367432,-0.023568319156765938,-10.880834579467773,0.09055989980697632,-2.0937910079956055
4.03000020980835,-0.030500730499625206,-11.076226234436035,0.06286706030368805,-2.121509552001953
4.034999847412109,-0.04574207589030266,-11.177563667297363,0.0887582004070282,-2.1558845043182373
4.039999961853027,-0.03734689950942993,-11.309927940368652,0.08286537975072861,-2.1840193271636963
4.045000076293945,-0.021425576880574226,-11.498720169067383,0.1263875514268875,-2.211745262145996
4.050000190734863,-0.02442077361047268,-11.614388465881348,0.11831711232662201,-2.2375288009643555
4.054999828338623,-0.01587301678955555,-11.76873779296875,0.12267574667930603,-2.259016752243042
4.059999942779541,0.007939307019114494,-11.91527271270752,0.10788614302873611,-2.3000288009643555
4.065000057220459,-0.0022503379732370377,-12.025272369384766,0.12997741997241974,-2.317216396331787
4.070000171661377,0.012500100769102573,-12.153958320617676,0.1005810797214508,-2.34065842628479
4.074999809265137,0.0337749682366848,-12.306278228759766,0.12889030575752258,-2.3730721473693848
4.079999923706055,0.013375774957239628,-12.41138744354248,0.1663130819797516,-2.392223358154297
4.085000038146973,0.00933905690908432,-12.54216194152832,0.15012475848197937,-2.4203364849090576
4.090000152587891,0.013956239446997643,-12.651008605957031,0.10211525112390518,-2.4375240802764893
4.09499979019165,0.05540142580866814,-12.711557388305664,0.1456374078989029,-2.4609780311584473
4.099999904632568,0.07807935029268265,-12.930054664611816,0.10278920084238052,-2.484788417816162
4.105000019073486,0.05107613280415535,-13.00387191772461,0.09105436503887177,-2.5019760131835938
4.110000133514404,0.053328339010477066,-13.101987838745117,0.05600227043032646,-2.5191633701324463
4.114999771118164,0.05786922946572304,-13.201122283935547,0.04886654391884804,-2.5449423789978027
4.119999885559082,0.05373632162809372,-13.284683227539062,0.014718695543706417,-2.5578341484069824
4.125,0.05534503981471062,-13.375472068786621,0.004243707749992609,-2.575021743774414
4.130000114440918,0.05328190326690674,-13.494344711303711,-0.02721850946545601,-2.5902211666107178
4.135000228881836,0.05489061772823334,-13.567647933959961,0.00852107722312212,-2.602792978286743
4.139999866485596,0.03605039045214653,-13.594198226928711,-0.028525765985250473,-2.62459135055542
4.144999980926514,0.06266552954912186,-13.678942680358887,-0.010871026664972305,-2.6308820247650146
4.150000095367432,0.020862113684415817,-13.754159927368164,-0.11336198449134827,-2.6437740325927734
4.15500020980835,-0.0012983750784769654,-13.772071838378906,-0.05793565884232521,-2.654665946960449
4.159999847412109,0.0313071608543396,-13.844372749328613,-0.032091934233903885,-2.660963773727417
4.164999961853027,0.009518171660602093,-13.903412818908691,-0.03757835179567337,-2.6738555431365967
4.170000076293945,0.021741101518273354,-13.929800033569336,-0.036917947232723236,-2.6867475509643555
4.175000190734863,0.0006088663940317929,-13.947596549987793,0.02737469971179962,-2.70192551612854
4.179999828338623,0.005133174825459719,-13.975398063659668,0.017600756138563156,-2.697629690170288
4.184999942779541,-0.017259499058127403,-14.02223014831543,0.023666292428970337,-2.706221103668213
4.190000057220459,-0.028493978083133698,-14.043760299682617,-0.043234098702669144,-2.697629690170288
4.195000171661377,-0.03341631963849068,-14.056349754333496,-0.010349477641284466,-2.706221103668213
4.199999809265137,-0.047931261360645294,-14.075505256652832,0.024729708209633827,-2.706221103668213
4.204999923706055,-0.04207353666424751,-14.044837951660156,0.04707499220967293,-2.710516929626465
4.210000038146973,-0.03238806501030922,-13.98962688446045,0.05676088482141495,-2.708247423171997
4.215000152587891,-0.04231567308306694,-14.014981269836426,0.05611403286457062,-2.704195022583008
4.21999979019165,-0.054538607597351074,-13.990951538085938,0.08782009035348892,-2.697629690170288
4.224999904632568,-0.03240133821964264,-13.948626518249512,0.07047353684902191,-2.691300868988037
4.230000019073486,-0.057759352028369904,-13.910542488098145,0.12198147922754288,-2.6890361309051514
4.235000133514404,-0.06259545683860779,-13.85738754272461,0.12987582385540009,-2.6847403049468994
4.239999771118164,-0.05425334349274635,-13.813166618347168,0.09904014319181442,-2.6741082668304443
4.244999885559082,-0.045732125639915466,-13.736910820007324,0.08807747066020966,-2.6698076725006104
4.25,-0.02325652725994587,-13.666223526000977,0.11422599852085114,-2.658961534500122
4.255000114440918,-0.01918332464993,-13.566367149353027,0.10426239669322968,-2.65466570854187
4.260000228881836,-0.009676970541477203,-13.49427318572998,0.0968388020992279,-2.6376781463623047
4.264999866485596,-0.028427639976143837,-13.388535499572754,0.0927036702632904,-2.609651565551758
4.269999980926514,-0.015932722017169,-13.270085334777832,0.08058953285217285,-2.6031105518341064
4.275000095367432,0.0029804795049130917,-13.138428688049316,0.11800552159547806,-2.5924618244171143
4.28000020980835,-0.005570596549659967,-13.05666732788086,0.13195525109767914,-2.5752742290496826
4.284999847412109,0.01248351763933897,-12.949667930603027,0.11746027320623398,-2.5537912845611572
4.289999961853027,0.03274671360850334,-12.799675941467285,0.07737219333648682,-2.530243158340454
4.295000076293945,0.019021209329366684,-12.576651573181152,0.050851140171289444,-2.5171852111816406
4.300000190734863,0.0417654775083065,-12.445016860961914,0.04677358269691467,-2.495863199234009
4.304999828338623,0.01620844379067421,-12.338531494140625,0.023391971364617348,-2.472151756286621
4.309999942779541,0.045460548251867294,-12.206326484680176,0.04670923203229904,-2.4463727474212646
4.315000057220459,0.037632569670677185,-12.0615234375,0.032522447407245636,-2.4271085262298584
4.320000171661377,0.055467765778303146,-11.92577838897705,-0.031082704663276672,-2.4076998233795166
4.324999809265137,0.04358648136258125,-11.789899826049805,-0.041266441345214844,-2.38192081451416
4.329999923706055,0.05657230317592621,-11.652412414550781,-0.01851475052535534,-2.358353853225708
4.335000038146973,0.0712696760892868,-11.494186401367188,-0.06450580805540085,-2.3260653018951416
4.340000152587891,0.05676136910915375,-11.369141578674316,0.0003253247996326536,-2.306788921356201
4.34499979019165,0.04927503317594528,-11.229952812194824,-0.00516109261661768,-2.272413730621338
4.349999904632568,0.03424597159028053,-11.079490661621094,0.006817580666393042,-2.2530195713043213
4.355000019073486,0.03897261247038841,-10.905038833618164,0.05198567360639572,-2.225144863128662
4.360000133514404,0.04238574579358101,-10.780613899230957,-0.06864432990550995,-2.1971640586853027
4.364999771118164,0.013697518035769463,-10.596739768981934,-0.012296817265450954,-2.1692841053009033
4.369999885559082,0.0171803068369627,-10.389219284057617,0.020289776846766472,-2.141308307647705
4.375,0.024135932326316833,-10.243598937988281,0.01910105161368847,-2.1177191734313965
4.380000114440918,0.00694090873003006,-10.111052513122559,0.013421600684523582,-2.0833444595336914
4.385000228881836,-0.007481154054403305,-9.989161491394043,0.0352080836892128,-2.0489695072174072
4.389999866485596,-0.015123387798666954,-9.823376655578613,0.05399397015571594,-2.025298595428467
4.394999980926514,-0.015322403982281685,-9.644984245300293,0.032617274671792984,-1.9974043369293213
4.400000095367432,0.0004496531910263002,-9.513833045959473,0.011105109937489033,-1.9694429636001587
4.40500020980835,-0.015259381383657455,-9.365715026855469,0.06090279296040535,-1.9415439367294312
4.409999847412109,-0.04075007885694504,-9.19841480255127,0.10105860233306885,-1.9114645719528198
4.414999961853027,-0.021239828318357468,-8.986590385437012,0.0765390694141388,-1.8770896196365356
4.420000076293945,-0.03694554790854454,-8.831762313842773,0.10224732011556625,-1.8448419570922852
4.425000190734863,-0.03722748905420303,-8.72693157196045,0.08932715654373169,-1.8298203945159912
4.429999828338623,-0.05780910700559616,-8.529763221740723,0.05280524864792824,-1.7975775003433228
4.434999942779541,-0.03168487921357155,-8.376029968261719,0.12431828677654266,-1.7718253135681152
4.440000057220459,-0.04414994269609451,-8.234130859375,0.10196284204721451,-1.7331280708312988
4.445000171661377,-0.026543617248535156,-8.094817161560059,0.06476698815822601,-1.7159407138824463
4.449999809265137,-0.04011322557926178,-7.953686714172363,0.09542994201183319,-1.6858781576156616
4.454999923706055,-0.0034311681520193815,-7.788686275482178,0.05501336231827736,-1.6622267961502075
4.460000038146973,-0.028019657358527184,-7.659416198730469,0.05617498978972435,-1.6364550590515137
4.465000152587891,-0.03527048975229263,-7.519543170928955,0.07258005440235138,-1.6106714010238647
4.46999979019165,-0.03052062913775444,-7.355332374572754,0.02061828412115574,-1.584895133972168
4.474999904632568,-0.014967490918934345,-7.242209434509277,0.04359687492251396,-1.5634045600891113
4.480000019073486,0.005269169341772795,-7.127652168273926,0.05540621280670166,-1.537621021270752
4.485000133514404,0.0070271482691168785,-6.984631538391113,0.05834584683179855,-1.518291711807251
4.489999771118164,0.009912887588143349,-6.852840423583984,0.01770574226975441,-1.4968085289001465
4.494999885559082,-0.002220484893769026,-6.724728584289551,0.031790927052497864,-1.4710297584533691
4.5,-0.011945758014917374,-6.636122703552246,0.030747829005122185,-1.4473806619644165
4.505000114440918,-0.0021276106126606464,-6.527868747711182,0.041266847401857376,-1.4302294254302979
4.510000228881836,0.02289208024740219,-6.435158729553223,0.005076832138001919,-1.4194673299789429
4.514999866485596,0.024815905839204788,-6.314492225646973,0.028048651292920113,-1.4022797346115112
4.519999980926514,0.02711454965174198,-6.232334613800049,-0.004788557533174753,-1.3850923776626587
4.525000095367432,0.030298812314867973,-6.148062705993652,-0.030300384387373924,-1.367904782295227
4.53000020980835,0.025004971772432327,-6.076974868774414,-0.0013036669697612524,-1.3550130128860474
4.534999847412109,0.04270748794078827,-6.019175052642822,-0.013817435130476952,-1.3335298299789429
4.539999961853027,0.043331071734428406,-5.942883491516113,-0.07153315842151642,-1.3206379413604736
4.545000076293945,0.03310826048254967,-5.898197174072266,-0.04481906443834305,-1.3099337816238403
4.550000190734863,0.06091086566448212,-5.8523688316345215,-0.07474711537361145,-1.3099337816238403
4.554999828338623,0.03714166209101677,-5.771573543548584,0.0194600410759449,-1.2883663177490234
4.559999942779541,0.04245872050523758,-5.813033580780029,-0.10925395041704178,-1.2820539474487305
4.565000057220459,0.032899294048547745,-5.743546009063721,-0.03995240852236748,-1.281960129737854
4.570000171661377,0.039765365421772,-5.748561382293701,-0.07525850087404251,-1.2712677717208862
4.574999809265137,0.05045254901051521,-5.687701225280762,-0.053790368139743805,-1.2690658569335938
4.579999923706055,0.02800348773598671,-5.710710048675537,-0.06960275024175644,-1.2583783864974976
4.585000038146973,0.03748994320631027,-5.643093109130859,-0.041164837777614594,-1.256171703338623
4.590000152587891,0.018447378650307655,-5.708873271942139,-0.03891947120428085,-1.2497847080230713
4.59499979019165,0.02409944497048855,-5.7064948081970215,-0.04647175967693329,-1.2519962787628174
4.599999904632568,0.049218643456697464,-5.711560249328613,-0.10041134059429169,-1.2540826797485352
4.605000019073486,0.03466390445828438,-5.730146884918213,-0.07462519407272339,-1.2475706338882446
4.610000133514404,0.03869730606675148,-5.776578426361084,-0.071895532310009,-1.2562991380691528
4.614999771118164,0.031529396772384644,-5.800217628479004,-0.09667922556400299,-1.2669696807861328
4.619999885559082,0.01919700764119625,-5.845693588256836,-0.07535672187805176,-1.269193410873413
4.625,0.016968021169304848,-5.886373996734619,-0.06170841306447983,-1.2712677717208862
4.630000114440918,0.01290808618068695,-5.9280171394348145,-0.10109883546829224,-1.279859185218811
4.635000228881836,0.013624546118080616,-5.972639083862305,-0.04973990097641945,-1.2906813621520996
4.639999866485596,-0.009935691021382809,-6.090896129608154,-0.14622628688812256,-1.2970443964004517
4.644999980926514,-0.004068021662533283,-6.117835998535156,-0.062470417469739914,-1.3058112859725952
4.650000095367432,-0.016280999407172203,-6.209278583526611,-0.07821168750524521,-1.320585012435913
4.65500020980835,-0.02474251762032509,-6.293178081512451,-0.05954771488904953,-1.3293567895889282
4.659999847412109,-0.023734169080853462,-6.390960693359375,-0.07053070515394211,-1.3465443849563599
4.664999961853027,-0.03520414978265762,-6.490939140319824,-0.11332473903894424,-1.3551405668258667
4.670000076293945,-0.04104197025299072,-6.575005054473877,-0.049120139330625534,-1.3723279237747192
4.675000190734863,-0.043576113879680634,-6.672910213470459,-0.04529319331049919,-1.385219931602478
4.679999828338623,-0.005660153925418854,-6.8167948722839355,-0.04080585017800331,-1.406702995300293
4.684999942779541,-0.01736564002931118,-6.909311771392822,-0.024258552119135857,-1.4195948839187622
4.690000057220459,-0.028115849941968918,-7.033204078674316,-0.026324426755309105,-1.4410780668258667
4.695000171661377,-0.02351193316280842,-7.170587062835693,-0.048842430114746094,-1.4582655429840088
4.699999809265137,-0.03986777365207672,-7.272855758666992,-0.062450092285871506,-1.4820107221603394
4.704999923706055,-0.0583464577794075,-7.404264450073242,-0.012682897038757801,-1.5098254680633545
4.710000038146973,-0.03474309667944908,-7.555923938751221,-0.06052307412028313,-1.5335755348205566
4.715000152587891,-0.039947379380464554,-7.685454368591309,-0.006143225356936455,-1.5570898056030273
4.71999979019165,-0.029200488701462746,-7.841220378875732,-0.031204624101519585,-1.5785731077194214
4.724999904632568,-0.04136039316654205,-7.987227439880371,-0.013228151947259903,-1.5980347394943237
4.730000019073486,-0.021047446876764297,-8.117595672607422,-0.0675639733672142,-1.6258374452590942
4.735000133514404,-0.031515710055828094,-8.24035930633545,-0.04389111325144768,-1.6516164541244507
4.739999771118164,-0.012400179170072079,-8.392991065979004,0.0010670054471120238,-1.6796765327453613
4.744999885559082,-0.017412077635526657,-8.539447784423828,-0.03357868269085884,-1.7054603099822998
4.75,0.0010035826126113534,-8.710187911987305,-0.02550823800265789,-1.7289575338363647
4.755000114440918,0.003925807774066925,-8.852392196655273,-0.033846233040094376,-1.7570250034332275
4.760000228881836,-0.0008107844623737037,-8.996979713439941,-0.03322308510541916,-1.7891089916229248
4.764999866485596,-0.0022967744152992964,-9.231395721435547,0.022365808486938477,-1.8128856420516968
4.769999980926514,0.02741307206451893,-9.36340045928955,-0.029518062248826027,-1.8429648876190186
4.775000095367432,0.029054958373308182,-9.508065223693848,-0.0671745091676712,-1.8707458972930908
4.78000020980835,0.040664251893758774,-9.649182319641113,-0.005289784166961908,-1.9011261463165283
4.784999847412109,0.033804818987846375,-9.801929473876953,0.04837547615170479,-1.9308998584747314
4.789999961853027,0.053829193115234375,-9.975601196289062,-0.040108196437358856,-1.9546884298324585
4.795000076293945,0.04952048882842064,-10.087761878967285,-0.024590449407696724,-1.9824597835540771
4.800000190734863,0.08491557091474533,-10.2493896484375,-0.01965945027768612,-2.0148446559906006
4.804999828338623,0.06508026272058487,-10.415633201599121,-0.030320702120661736,-2.0426113605499268
4.809999942779541,0.07121992111206055,-10.57585620880127,0.05763464421033859,-2.0664095878601074
4.815000057220459,0.0892607644200325,-10.754732131958008,0.06123129278421402,-2.1007845401763916
4.820000171661377,0.0837048888206482,-10.90976333618164,-0.015165330842137337,-2.130863666534424
4.824999809265137,0.082358218729496,-11.074661254882812,0.012351409532129765,-2.158620595932007
4.829999923706055,0.08192700892686844,-11.227635383605957,-0.0394003801047802,-2.1867244243621826
4.835000038146973,0.07407248765230179,-11.372391700744629,-0.010142889805138111,-2.2187721729278564
4.840000152587891,0.07454681396484375,-11.478219032287598,0.022660449147224426,-2.2382893562316895
4.84499979019165,0.06313984841108322,-11.667590141296387,-0.007670618128031492,-2.2660365104675293
4.849999904632568,0.06166712939739227,-11.802329063415527,-0.021999644115567207,-2.289854049682617
4.855000019073486,0.025708163157105446,-11.94078254699707,0.047345928847789764,-2.321892499923706
4.860000133514404,0.040488455444574356,-12.058141708374023,0.012683304026722908,-2.341418743133545
4.864999771118164,0.016679449006915092,-12.195755004882812,-0.03396138176321983,-2.360565185546875
4.869999885559082,-0.016745371744036674,-12.33437442779541,-0.04849699139595032,-2.3820483684539795
4.875,-0.007968745194375515,-12.473359107971191,-0.009032061323523521,-2.4101736545562744
4.880000114440918,0.010672466829419136,-12.607868194580078,0.022538527846336365,-2.4336085319519043
4.885000228881836,-0.03502504155039787,-12.769527435302734,0.03713171184062958,-2.4617385864257812
4.889999866485596,-0.038133010268211365,-12.941058158874512,-0.010484944097697735,-2.4808731079101562
4.894999980926514,-0.058018073439598083,-13.05156421661377,0.024743253365159035,-2.5023562908172607
4.900000095367432,-0.07174690067768097,-13.175825119018555,0.008233211934566498,-2.523839235305786
4.90500020980835,-0.054419197142124176,-13.264506340026855,0.06727312505245209,-2.5410268306732178
4.909999847412109,-0.08863012492656708,-13.35718059539795,0.008676867932081223,-2.5539188385009766
4.914999961853027,-0.08172426372766495,-13.47493839263916,0.01839662529528141,-2.5687406063079834
4.920000076293945,-0.08756539225578308,-13.54430866241455,0.009990895166993141,-2.579699754714966
4.925000190734863,-0.1062430888414383,-13.604493141174316,0.04605560749769211,-2.6011829376220703
4.929999828338623,-0.10160268843173981,-13.676861763000488,0.045100562274456024,-2.61407470703125
4.934999942779541,-0.0847625806927681,-13.74751091003418,-0.0046530901454389095,-2.622670888900757
4.940000057220459,-0.09264694899320602,-13.763105392456055,0.0026824502274394035,-2.6398582458496094
4.945000171661377,-0.06560060381889343,-13.832498550415039,0.027889475226402283,-2.65466570854187
4.949999809265137,-0.07008842378854752,-13.84850025177002,-0.022168975323438644,-2.661344051361084
4.954999923706055,-0.06602849066257477,-13.890563011169434,0.005984459538012743,-2.667555332183838
4.960000038146973,-0.036126263439655304,-13.89954662322998,0.06805883347988129,-2.6742382049560547
4.965000152587891,-0.06032666191458702,-13.921887397766113,-0.001540734083391726,-2.6890361309051514
4.96999979019165,-0.03267664089798927,-13.929468154907227,-0.018176084384322166,-2.6890361309051514
4.974999904632568,-0.009504488669335842,-13.945631980895996,0.06063862517476082,-2.693331718444824
4.980000019073486,-0.011647233739495277,-13.917980194091797,0.030324498191475868,-2.6890361309051514
4.985000133514404,0.0027615614235401154,-13.903518676757812,-0.0034609793219715357,-2.6890361309051514
4.989999771118164,-0.01735568977892399,-13.883660316467285,0.0645468533039093,-2.6914377212524414
4.994999885559082,0.0330684594810009,-13.860326766967773,0.06731715798377991,-2.690929889678955
5,0.01673583686351776,-13.839760780334473,0.044094718992710114,-2.697627544403076
5.005000114440918,0.03150949627161026,-13.785572052001953,0.04498879984021187,-2.6890361309051514
5.010000228881836,0.03864092379808426,-13.769903182983398,0.024709386751055717,-2.6890358924865723
5.014999866485596,0.05930546298623085,-13.724292755126953,0.021569939330220222,-2.6823267936706543
5.019999980926514,0.05890743434429169,-13.689358711242676,0.010129750706255436,-2.6761465072631836
5.025000095367432,0.07860011607408524,-13.673587799072266,0.042702797800302505,-2.6718506813049316
5.03000020980835,0.049619995057582855,-13.59506607055664,0.04252668842673302,-2.663259744644165
5.034999847412109,0.07706768810749054,-13.502114295959473,0.059355080127716064,-2.656540632247925
5.039999961853027,0.060264065861701965,-13.44435977935791,0.05048876255750656,-2.639353036880493
5.045000076293945,0.028116263449192047,-13.360584259033203,0.08824341744184494,-2.6264612674713135
5.050000190734863,0.019283248111605644,-13.25634765625,0.014854162000119686,-2.620295763015747
5.054999828338623,0.024799322709441185,-13.198922157287598,0.08674311637878418,-2.604975700378418
5.059999942779541,0.04427971690893173,-13.11369800567627,0.07974287122488022,-2.5920839309692383
5.065000057220459,0.025907179340720177,-13.040571212768555,0.02363581210374832,-2.5748965740203857
5.070000171661377,0.014699233695864677,-12.96288013458252,0.0850193127989769,-2.5644450187683105
5.074999809265137,-0.005849218927323818,-12.813546180725098,0.04234381020069122,-2.5466723442077637
5.079999923706055,0.010423696599900723,-12.653360366821289,0.009655614383518696,-2.52333402633667
5.085000038146973,-0.015236163511872292,-12.56505012512207,0.011115272529423237,-2.5061464309692383
5.090000152587891,-0.047864917665719986,-12.46036434173584,-0.03627109155058861,-2.484663248062134
5.09499979019165,-0.040856219828128815,-12.352132797241211,0.00450109364464879,-2.4650235176086426
5.099999904632568,-0.054853715002536774,-12.215499877929688,0.011674074456095695,-2.4441492557525635
5.105000019073486,-0.047151777893304825,-12.0847806930542,0.05288991332054138,-2.4263479709625244
5.110000133514404,-0.05112215504050255,-11.99458122253418,0.0002982296282425523,-2.394432544708252
5.114999771118164,-0.06841669231653214,-11.835243225097656,0.03131340444087982,-2.3747832775115967
5.119999885559082,-0.07495106756687164,-11.729496955871582,0.024882107973098755,-2.3428726196289062
5.125,-0.07166065275669098,-11.549965858459473,-0.02428564801812172,-2.32321834564209
5.130000114440918,-0.07499750703573227,-11.432498931884766,0.02229468710720539,-2.3017303943634033
5.135000228881836,-0.06733205169439316,-11.304438591003418,-0.06582322716712952,-2.2722983360290527
5.139999866485596,-0.07503730058670044,-11.179000854492188,0.06589136272668839,-2.2501680850982666
5.144999980926514,-0.07675216346979141,-11.009941101074219,0.013861865736544132,-2.224384307861328
5.150000095367432,-0.0711299404501915,-10.814742088317871,0.021403992548584938,-2.2010793685913086
5.15500020980835,-0.037748247385025024,-10.67025375366211,-0.0388110987842083,-2.1685237884521484
5.159999847412109,-0.038985464721918106,-10.464433670043945,-0.02422807179391384,-2.140928030014038
5.164999961853027,-0.05390506982803345,-10.2929105758667,0.005422269459813833,-2.1169586181640625
5.170000076293945,-0.04276678338646889,-10.147412300109863,-0.0015949218068271875,-2.0825839042663574
5.175000190734863,-0.0542367585003376,-9.991056442260742,0.03278999403119087,-2.0482089519500732
5.179999828338623,-0.04285302013158798,-9.812411308288574,0.013529971241950989,-2.0292141437530518
5.184999942779541,-0.005626983940601349,-9.635664939880371,0.013181143440306187,-1.9966439008712769
5.190000057220459,0.007756875827908516,-9.520597457885742,-0.03221724554896355,-1.9690628051757812
5.195000171661377,0.023684829473495483,-9.34460735321045,-0.04062635824084282,-1.938283085823059
5.199999809265137,0.019336318597197533,-9.178739547729492,0.02532576397061348,-1.9089089632034302
5.204999923706055,0.027704961597919464,-8.9456148147583,-0.04948928579688072,-1.8806248903274536
5.210000038146973,0.022573653608560562,-8.787219047546387,-0.0057808514684438705,-1.8573487997055054
5.215000152587891,0.02917436882853508,-8.626556396484375,0.004406267777085304,-1.8272743225097656
5.21999979019165,0.05591554939746857,-8.471658706665039,0.07156065851449966,-1.7989829778671265
5.224999904632568,0.03838551789522171,-8.325481414794922,-0.02023179829120636,-1.773199439048767
5.230000019073486,0.03923796862363815,-8.168828010559082,0.05729259178042412,-1.7388243675231934
5.235000133514404,0.05702672526240349,-8.049127578735352,0.05570084974169731,-1.7198561429977417
5.239999771118164,0.05796873942017555,-7.878024578094482,0.006682113278657198,-1.6897815465927124
5.244999885559082,0.053762856870889664,-7.727131366729736,0.023087169975042343,-1.6657739877700806
5.25,0.05094014108181,-7.630300521850586,0.06858038157224655,-1.6356947422027588
5.255000114440918,0.061229292303323746,-7.456046104431152,0.057014886289834976,-1.6167359352111816
5.260000228881836,0.057978689670562744,-7.3310866355896,0.04153100773692131,-1.5927211046218872
5.264999866485596,0.04071732610464096,-7.194558143615723,0.029532013460993767,-1.5651758909225464
5.269999980926514,0.049815695732831955,-7.092844486236572,0.0367828868329525,-1.5522841215133667
5.275000095367432,0.036720409989356995,-6.965888500213623,0.023581627756357193,-1.5222095251083374
5.28000020980835,0.033287376165390015,-6.8459882736206055,0.1224251389503479,-1.5007264614105225
5.284999847412109,0.04328132048249245,-6.744165897369385,0.05594808608293533,-1.4835389852523804
5.289999961853027,0.03427582234144211,-6.670188903808594,0.07218381017446518,-1.4638053178787231
5.295000076293945,0.02859390340745449,-6.575431823730469,0.003136265557259321,-1.4448659420013428
5.300000190734863,0.04107223451137543,-6.494931221008301,-0.0023095097858458757,-1.4190870523452759
5.304999828338623,0.018653029575943947,-6.394214153289795,0.03643406182527542,-1.4061952829360962
5.309999942779541,0.038226302713155746,-6.306325912475586,0.016097072511911392,-1.389007806777954
5.315000057220459,0.017256595194339752,-6.251850128173828,0.01539603155106306,-1.3743783235549927
5.320000171661377,0.025585437193512917,-6.1872453689575195,0.03001292236149311,-1.3632264137268066
5.324999809265137,0.016818759962916374,-6.0950703620910645,0.01579565554857254,-1.350334644317627
5.329999923706055,-0.021143637597560883,-6.033119201660156,0.05977841466665268,-1.3400081396102905
5.335000038146973,-0.0026583210565149784,-6.005908489227295,0.05500320345163345,-1.3262813091278076
5.340000152587891,-0.03609640896320343,-5.964587688446045,-0.01453202124685049,-1.307363510131836
5.34499979019165,0.01563461311161518,-5.955550193786621,-0.02001166343688965,-1.2996169328689575
5.349999904632568,-0.016284316778182983,-5.9016265869140625,-0.04837845638394356,-1.2944717407226562
5.355000019073486,-0.02215198613703251,-5.86487340927124,0.03012806922197342,-1.2884529829025269
5.360000133514404,-0.04115143045783043,-5.886540412902832,-0.03715839982032776,-1.2858730554580688
5.364999771118164,-0.011468118987977505,-5.857451438903809,-0.0005179585423320532,-1.2755634784698486
5.369999885559082,-0.015259383246302605,-5.8332839012146,-0.018193017691373825,-1.2686831951141357
5.375,-0.04946700483560562,-5.823497772216797,-0.01921240985393524,-1.26267409324646
5.380000114440918,-0.04775214195251465,-5.821159362792969,-0.0033864739816635847,-1.2669697999954224
5.385000228881836,-0.014473267830908298,-5.8480987548828125,0.004067599773406982,-1.2583783864974976
5.389999866485596,-0.026410941034555435,-5.83573055267334,-0.026280401274561882,-1.265268325805664
5.394999980926514,-0.025492146611213684,-5.855737209320068,-0.055544663220644,-1.2669721841812134
5.400000095367432,-0.020234795287251472,-5.906221389770508,0.04581853747367859,-1.2755634784698486
5.40500020980835,-0.031917061656713486,-5.905211448669434,-0.004202662501484156,-1.2712678909301758
5.409999847412109,-0.02781732566654682,-5.954556941986084,-0.02978222258388996,-1.279859185218811
5.414999961853027,-0.012721921317279339,-5.955949783325195,0.0024081289302557707,-1.2824654579162598
5.420000076293945,-0.0007145925774239004,-6.040913105010986,-0.008178617805242538,-1.2927485704421997
5.425000190734863,-0.020772140473127365,-6.078845977783203,-0.018057553097605705,-1.2996553182601929
5.429999828338623,-0.034779585897922516,-6.13678503036499,-0.02446175366640091,-1.305638074874878
5.434999942779541,-0.012708653695881367,-6.20699405670166,-0.010921826586127281,-1.3142293691635132
5.440000057220459,-0.04366566985845566,-6.27490234375,-0.02444143407046795,-1.3280572891235352
5.445000171661377,-0.019475214183330536,-6.350120544433594,-0.0049003176391124725,-1.344303846359253
5.449999809265137,-0.012476468458771706,-6.446398735046387,-0.00717616081237793,-1.3555183410644531
5.454999923706055,-0.021525084972381592,-6.527140140533447,-0.04517127200961113,-1.3684102296829224
5.460000038146973,-0.01795605570077896,-6.607536315917969,-0.013549884781241417,-1.3855977058410645
5.465000152587891,0.019077599048614502,-6.715355396270752,-0.00044006542884744704,-1.3984894752502441
5.46999979019165,0.033025335520505905,-6.8233184814453125,-0.03608143702149391,-1.4130443334579468
5.474999904632568,0.033290695399045944,-6.947556495666504,-0.04100905358791351,-1.4285664558410645
5.480000019073486,-0.003351561725139618,-7.009371757507324,-0.03168553486466408,-1.4457539319992065
5.485000133514404,-0.010519472882151604,-7.154572010040283,-0.07675541192293167,-1.469877004623413
5.489999771118164,0.0035974308848381042,-7.241968631744385,-0.04753517732024193,-1.488722562789917
5.494999885559082,0.03940713033080101,-7.352645397186279,-0.021102169528603554,-1.5145013332366943
5.5,0.001779746962711215,-7.490691661834717,-0.02912859432399273,-1.534335970878601
5.505000114440918,0.03488282486796379,-7.638061046600342,0.020330416038632393,-1.553174376487732
5.510000228881836,0.03339683637022972,-7.789882659912109,-0.016675787046551704,-1.5832489728927612
5.514999866485596,0.02553236484527588,-7.9246625900268555,-0.03434407338500023,-1.6030908823013306
5.519999980926514,0.051888782531023026,-8.08635139465332,-0.07862146943807602,-1.630513310432434
5.525000095367432,0.054801058024168015,-8.218214988708496,-0.041012439876794815,-1.6519966125488281
5.53000020980835,0.045264847576618195,-8.344603538513184,-0.018568940460681915,-1.6718456745147705
5.534999847412109,0.04623671621084213,-8.508464813232422,-0.058701042085886,-1.7062206268310547
5.539999961853027,0.05303312838077545,-8.671205520629883,-0.04520852863788605,-1.7336333990097046
5.545000076293945,0.03772876039147377,-8.837713241577148,-0.029243741184473038,-1.7577855587005615
5.550000190734863,0.04873437061905861,-8.987844467163086,-0.0476706400513649,-1.7894892692565918
5.554999828338623,0.02996048331260681,-9.224686622619629,-0.05878571420907974,-1.8136460781097412
5.559999942779541,0.016636328771710396,-9.386837005615234,-0.06320533156394958,-1.8324579000473022
5.565000057220459,0.028149433434009552,-9.526276588439941,0.030734285712242126,-1.8652108907699585
5.570000171661377,0.02814280055463314,-9.686305046081543,-0.048510536551475525,-1.8952902555465698
5.574999809265137,0.02314085140824318,-9.83613395690918,0.01210418064147234,-1.9253696203231812
5.579999923706055,0.0015608282992616296,-10.007678031921387,-0.012076682411134243,-1.9570589065551758
5.585000038146973,0.001587364007718861,-10.128073692321777,-0.01283529493957758,-1.9812300205230713
5.590000152587891,-0.002057954203337431,-10.283967971801758,-0.00964843574911356,-2.0113093852996826
5.59499979019165,0.002625567140057683,-10.464077949523926,0.0026011692825704813,-2.034400224685669
5.599999904632568,-0.008084838278591633,-10.68962287902832,-0.08982797712087631,-2.064474582672119
5.605000019073486,-0.022062430158257484,-10.836045265197754,0.044074397534132004,-2.095649003982544
5.610000133514404,-0.03588080778717995,-11.015610694885254,0.015690671280026436,-2.1246285438537598
5.614999771118164,-0.044484954327344894,-11.139458656311035,0.020377831533551216,-2.1488142013549805
5.619999885559082,-0.04752327501773834,-11.315183639526367,-0.00317988614551723,-2.1804842948913574
5.625,-0.03137639909982681,-11.46635913848877,0.04265538230538368,-2.20467472076416
5.630000114440918,-0.04937412962317467,-11.581568717956543,0.02886822447180748,-2.236340045928955
5.635000228881836,-0.046700675040483475,-11.736329078674316,-0.06079401075839996,-2.256239652633667
5.639999866485596,-0.034772951155900955,-11.885090827941895,-0.03138073533773422,-2.290614604949951
5.644999980926514,-0.0346800722181797,-12.001605987548828,-0.03591549023985863,-2.317976951599121
5.650000095367432,-0.07445351779460907,-12.135747909545898,-0.028373366221785545,-2.3394598960876465
5.65500020980835,-0.06416437029838562,-12.237491607666016,0.011670687235891819,-2.3636651039123535
5.659999847412109,-0.060446079820394516,-12.372323989868164,-0.04976360872387886,-2.3867244720458984
5.664999961853027,-0.04335719719529152,-12.4717435836792,-0.046112772077322006,-2.4109342098236084
5.670000076293945,-0.05127473548054695,-12.618647575378418,-0.010772813111543655,-2.442579984664917
5.675000190734863,-0.061845824122428894,-12.751137733459473,-0.01816592551767826,-2.455471992492676
5.679999828338623,-0.06249595060944557,-12.909942626953125,-0.009137049317359924,-2.479688882827759
5.684999942779541,-0.02642752416431904,-12.987329483032227,-0.000372332549886778,-2.4957046508789062
5.690000057220459,-0.0429525263607502,-13.097609519958496,-0.01024110522121191,-2.514068603515625
5.695000171661377,-0.02513723447918892,-13.159116744995117,-0.056310053914785385,-2.532815933227539
5.699999809265137,-0.023790555074810982,-13.225849151611328,-0.002566898474469781,-2.5585944652557373
5.704999923706055,-0.012788261286914349,-13.364391326904297,-0.05184641480445862,-2.571486473083496
5.710000038146973,-0.017199791967868805,-13.407402992248535,-0.020594172179698944,-2.581629991531372
5.715000152587891,-0.026646442711353302,-13.501458168029785,-0.024597223848104477,-2.5972676277160645
5.71999979019165,-0.016151640564203262,-13.57511043548584,-0.03509591892361641,-2.614454984664917
5.724999904632568,-0.016768591478466988,-13.598360061645508,0.0485922247171402,-2.6273467540740967
5.730000019073486,-0.009643800556659698,-13.661276817321777,0.01869126409292221,-2.6359429359436035
5.735000133514404,0.010068783536553383,-13.726040840148926,0.006624540314078331,-2.654665946960449
5.739999771118164,0.027734816074371338,-13.769917488098145,0.03091716393828392,-2.657428741455078
5.744999885559082,0.023250309750437737,-13.762393951416016,-0.008137979544699192,-2.663259506225586
5.75,-0.016519820317626,-13.803247451782227,-0.05959174409508705,-2.667555332183838
5.755000114440918,0.0104701342061162,-13.819817543029785,-0.005218664649873972,-2.6746208667755127
5.760000228881836,0.015090634115040302,-13.857747077941895,0.04076222702860832,-2.6847403049468994
5.764999866485596,0.027197470888495445,-13.861061096191406,-0.009109954349696636,-2.6890361309051514
5.769999980926514,0.011223079636693,-13.851552963256836,-0.007823017425835133,-2.6918132305145264
5.775000095367432,0.002741660224273801,-13.871739387512207,-0.02676469273865223,-2.690554618835449
5.78000020980835,-0.005547377280890942,-13.87300968170166,-0.03857403248548508,-2.6890361309051514
5.784999847412109,0.003925808239728212,-13.843823432922363,0.039095982909202576,-2.6890358924865723
5.789999961853027,-0.029051225632429123,-13.83763313293457,0.019798707216978073,-2.6890361309051514
5.795000076293945,-0.04230240732431412,-13.808825492858887,-0.03875352442264557,-2.6847403049468994
5.800000190734863,-0.038842834532260895,-13.791387557983398,0.025376563891768456,-2.6890361309051514
5.804999828338623,-0.01866588182747364,-13.769537925720215,0.003593465546146035,-2.6733548641204834
5.809999942779541,-0.03530697524547577,-13.718633651733398,-0.035072211176157,-2.6718506813049316
5.815000057220459,-0.0317445807158947,-13.6852445602417,0.016896327957510948,-2.667555332183838
5.820000171661377,-0.04817339405417442,-13.62371826171875,-0.013786953873932362,-2.656162738800049
5.824999809265137,-0.0629337802529335,-13.514033317565918,-0.0019911620765924454,-2.654665946960449
5.829999923706055,-0.05548061430454254,-13.479024887084961,-0.027878912165760994,-2.643268346786499
5.835000038146973,-0.06513291597366333,-13.40126895904541,-0.014335595071315765,-2.6303765773773193
5.840000152587891,-0.0830012783408165,-13.331940650939941,0.01331661082804203,-2.620295763015747
5.84499979019165,-0.06982970982789993,-13.20895004272461,0.012442848645150661,-2.6017823219299316
5.849999904632568,-0.0846099928021431,-13.137988090515137,-0.018778912723064423,-2.585925579071045
5.855000019073486,-0.07533914595842361,-13.04587173461914,-0.0030105537734925747,-2.570220708847046
5.860000133514404,-0.08033446222543716,-12.955256462097168,-0.04841232672333717,-2.5530331134796143
5.864999771118164,-0.07881198078393936,-12.783658981323242,0.0415072999894619,-2.5358455181121826
5.869999885559082,-0.08030792325735092,-12.635523796081543,0.006001390982419252,-2.522953748703003
5.875,-0.06805514544248581,-12.524311065673828,-0.06192515790462494,-2.498642921447754
5.880000114440918,-0.09179449081420898,-12.415213584899902,0.004443521145731211,-2.475689172744751
5.885000228881836,-0.056946706026792526,-12.294354438781738,-0.020255504176020622,-2.4542059898376465
5.889999866485596,-0.03954934701323509,-12.131587028503418,-0.07210550457239151,-2.4284274578094482
5.894999980926514,-0.060313399881124496,-12.012615203857422,-0.028034696355462074,-2.4155354499816895
5.900000095367432,-0.036902423948049545,-11.906262397766113,-0.03973565995693207,-2.3869168758392334
5.90500020980835,-0.05107571929693222,-11.759062767028809,-0.01035963837057352,-2.3639755249023438
5.909999847412109,-0.044810015708208084,-11.612635612487793,0.01011620182543993,-2.348238945007324
5.914999961853027,-0.03763215243816376,-11.4483003616333,0.014366480521857738,-2.316711187362671
5.920000076293945,-0.016735419631004333,-11.313910484313965,-0.040931157767772675,-2.2880828380584717
5.925000190734863,0.010659200139343739,-11.184378623962402,-0.019490115344524384,-2.260855197906494
5.929999828338623,-0.003620233852416277,-11.0191011428833,-0.0553583949804306,-2.2436678409576416
5.934999942779541,0.009083651937544346,-10.877079963684082,-0.0010903060901910067,-2.2193281650543213
5.940000057220459,0.015289650298655033,-10.690906524658203,-0.011023426428437233,-2.18924880027771
5.945000171661377,0.02818923629820347,-10.471380233764648,-0.002905565081164241,-2.1663265228271484
5.949999809265137,0.0059524597600102425,-10.32932186126709,0.02649077959358692,-2.1333882808685303
5.954999923706055,0.041529975831508636,-10.149465560913086,0.010715642012655735,-2.107604503631592
5.960000038146973,0.03237190097570419,-10.043566703796387,-0.03928523510694504,-2.0718026161193848
5.965000152587891,0.021439259871840477,-9.867414474487305,0.025098854675889015,-2.0474483966827393
5.96999979019165,0.03448810800909996,-9.70019817352295,-0.03340258076786995,-2.017369031906128
5.974999904632568,0.025651777163147926,-9.556690216064453,-0.006668160203844309,-1.9858697652816772
5.980000019073486,0.046648018062114716,-9.408341407775879,-0.018866967409849167,-1.9615086317062378
5.985000133514404,0.029582349583506584,-9.264263153076172,-0.014779249206185341,-1.934309959411621
5.989999771118164,0.036524709314107895,-9.053962707519531,0.023825466632843018,-1.909943699836731
5.994999885559082,0.031207652762532234,-8.884178161621094,-0.061366353183984756,-1.8712730407714844
6,0.020198723301291466,-8.739910125732422,-0.053096093237400055,-1.8483772277832031
6.005000114440918,0.03960615023970604,-8.552162170410156,-0.03469967469573021,-1.82400381565094
6.010000228881836,0.014533388428390026,-8.426152229309082,-0.05794581398367882,-1.792521357536316
6.014999866485596,0.009800111874938011,-8.294977188110352,-0.0005010248278267682,-1.772438883781433
6.019999980926514,0.006516339723020792,-8.166604995727539,0.004182746633887291,-1.7423595190048218
6.025000095367432,-0.003225517924875021,-8.002574920654297,-0.012842072173953056,-1.7194758653640747
6.03000020980835,-0.013753492385149002,-7.886872291564941,-0.04595021530985832,-1.690794825553894
6.034999847412109,0.01801949366927147,-7.758280277252197,0.017871689051389694,-1.6679158210754395
6.039999961853027,0.003816349199041724,-7.625021457672119,-0.023669270798563957,-1.6421369314193726
6.045000076293945,-0.011511238291859627,-7.496754169464111,-0.008080405183136463,-1.6177442073822021
6.050000190734863,-0.012715288437902927,-7.340134620666504,-0.00925558153539896,-1.5905768871307373
6.054999828338623,-0.03283585608005524,-7.218048572540283,0.01595144532620907,-1.5690937042236328
6.059999942779541,-0.008705105632543564,-7.124487400054932,-0.012669350951910019,-1.5489895343780518
6.065000057220459,-0.017027312889695168,-7.023733139038086,-0.06021827831864357,-1.5218292474746704
6.070000171661377,-0.010473035275936127,-6.914479732513428,-0.02107846550643444,-1.500346064567566
6.074999809265137,-0.029442625120282173,-6.779851913452148,-0.001953909872099757,-1.4831587076187134
6.079999923706055,-0.02274572104215622,-6.67144250869751,-0.014233995229005814,-1.4673404693603516
6.085000038146973,-0.019269565120339394,-6.597743034362793,0.01460693497210741,-1.447414517402649
6.090000152587891,-0.018330872058868408,-6.528404235839844,0.011413300409913063,-1.428665041923523
6.09499979019165,-0.01833750493824482,-6.41475248336792,-0.014125621877610683,-1.4101107120513916
6.099999904632568,-0.011441582813858986,-6.341310501098633,-0.045814745128154755,-1.3958592414855957
6.105000019073486,-0.004436201881617308,-6.280066967010498,-0.05461332947015762,-1.377095341682434
6.110000133514404,-0.018626077100634575,-6.21319580078125,-0.08876117318868637,-1.3657846450805664
6.114999771118164,-0.03309457749128342,-6.1356329917907715,-0.03725999966263771,-1.3499544858932495
6.119999885559082,-0.013461600057780743,-6.086097717285156,-0.051463719457387924,-1.3400081396102905
6.125,0.004887721501290798,-6.0261759757995605,-0.09241201728582382,-1.328468918800354
6.130000114440918,0.01378044206649065,-5.97797966003418,-0.04765032231807709,-1.3155770301818848
6.135000228881836,0.005199513863772154,-5.946800231933594,-0.026185574010014534,-1.3142293691635132
6.139999866485596,0.0006851563230156898,-5.918210506439209,-0.031465400010347366,-1.2983871698379517
6.144999980926514,-0.014639114029705524,-5.888979911804199,-0.020502733066678047,-1.2927485704421997
6.150000095367432,0.009123455733060837,-5.865096569061279,-0.017332803457975388,-1.2854928970336914
6.15500020980835,-0.015780141577124596,-5.819356918334961,0.014935442246496677,-1.279859185218811
6.159999847412109,-0.01386626623570919,-5.825435638427734,0.025931980460882187,-1.279859185218811
6.164999961853027,-0.02014192007482052,-5.840095043182373,-0.04380305856466293,-1.2768919467926025
6.170000076293945,0.011647648178040981,-5.849928855895996,-0.012557590380311012,-1.2699394226074219
6.175000190734863,0.020918499678373337,-5.8170857429504395,-0.06523393839597702,-1.272591471672058
6.179999828338623,0.02249736338853836,-5.8508100509643555,-0.000897267134860158,-1.2742400169372559
6.184999942779541,0.027568968012928963,-5.890471458435059,-0.046112772077322006,-1.279859185218811
6.190000057220459,0.02287217788398266,-5.8909454345703125,-0.02575884945690632,-1.2828384637832642
6.195000171661377,0.01757833920419216,-5.911263465881348,0.005374857224524021,-1.2811754941940308
6.199999809265137,0.005969044286757708,-5.9554548263549805,0.007115607615560293,-1.2871389389038086
6.204999923706055,0.022570336237549782,-5.983679294586182,0.02967764250934124,-1.2970443964004517
6.210000038146973,0.029579034075140953,-6.062366962432861,0.016354458406567574,-1.3000332117080688
6.215000152587891,0.019953269511461258,-6.095714569091797,0.06209489703178406,-1.305638074874878
6.21999979019165,0.04263783246278763,-6.148062229156494,0.05354354530572891,-1.317223072052002
6.224999904632568,0.019090864807367325,-6.2264251708984375,0.10091297328472137,-1.3314143419265747
6.230000019073486,0.01958508975803852,-6.324753284454346,0.08941182494163513,-1.3473000526428223
6.235000133514404,0.03112141229212284,-6.40135383605957,0.04480253532528877,-1.3516005277633667
6.239999771118164,0.025134332478046417,-6.478218078613281,0.04240815341472626,-1.3687880039215088
6.244999885559082,0.012407228350639343,-6.575425148010254,0.06417770683765411,-1.3786741495132446
6.25,0.011103670112788677,-6.69695520401001,0.044846560806035995,-1.3945692777633667
6.255000114440918,0.04104570299386978,-6.796995639801025,0.07520810514688492,-1.4117567539215088
6.260000228881836,0.037761930376291275,-6.895350456237793,0.005784645676612854,-1.424648642539978
6.264999866485596,0.00972713902592659,-7.028317928314209,0.016974221915006638,-1.4448515176773071
6.269999980926514,0.013584742322564125,-7.159201145172119,0.10447575896978378,-1.4676172733306885
6.275000095367432,0.009846549481153488,-7.24407958984375,0.08155812323093414,-1.4848047494888306
6.28000020980835,0.01322651281952858,-7.367426872253418,0.10803515464067459,-1.506287932395935
6.284999847412109,0.003899272996932268,-7.505341529846191,0.07417178153991699,-1.5277711153030396
6.289999961853027,-0.018261214718222618,-7.654976844787598,0.07983430474996567,-1.5522816181182861
6.295000076293945,-0.0006714732153341174,-7.799055099487305,0.11373493075370789,-1.5677099227905273
6.300000190734863,0.0022806054912507534,-7.937319278717041,0.07308126986026764,-1.5909571647644043
6.304999828338623,-0.02313711866736412,-8.058794975280762,0.0866008847951889,-1.613706111907959
6.309999942779541,-0.023793872445821762,-8.214378356933594,0.011501355096697807,-1.6382262706756592
6.315000057220459,-0.02942604199051857,-8.338467597961426,0.041517458856105804,-1.6609705686569214
6.320000171661377,-0.020549902692437172,-8.475052833557129,0.010004442185163498,-1.6897913217544556
6.324999809265137,-0.03811642527580261,-8.671561241149902,-0.006214347667992115,-1.7125306129455566
6.329999923706055,-0.050190094858407974,-8.832366943359375,0.010688550770282745,-1.7456517219543457
6.335000038146973,-0.043267637491226196,-9.014963150024414,0.0016799941658973694,-1.7683862447738647
6.340000152587891,-0.060893867164850235,-9.188496589660645,0.07501506805419922,-1.7972166538238525
6.34499979019165,-0.05948416516184807,-9.334183692932129,-0.010908279567956924,-1.8230003118515015
6.349999904632568,-0.032573819160461426,-9.495240211486816,-0.041622038930654526,-1.8573753833770752
6.355000019073486,-0.06168661639094353,-9.636194229125977,-0.030876116827130318,-1.8758044242858887
6.360000133514404,-0.06200172007083893,-9.791014671325684,0.04058612138032913,-1.9015833139419556
6.364999771118164,-0.051603108644485474,-9.928572654724121,0.002093168906867504,-1.9347214698791504
6.369999885559082,-0.0667383149266243,-10.086772918701172,-0.044788580387830734,-1.9648007154464722
6.375,-0.058379627764225006,-10.2033109664917,-0.035241540521383286,-1.9961072206497192
6.380000114440918,-0.04755312576889992,-10.396768569946289,-0.013553272001445293,-2.0206613540649414
6.385000228881836,-0.05224327743053436,-10.56405258178711,-0.018978726118803024,-2.0507407188415527
6.389999866485596,-0.05714240297675133,-10.746026992797852,-0.09742429107427597,-2.0820400714874268
6.394999980926514,-0.03130011260509491,-10.867560386657715,-0.05217830464243889,-2.1066009998321533
6.400000095367432,-0.04874058812856674,-11.003885269165039,-0.047623228281736374,-2.1335999965667725
6.40500020980835,-0.044687286019325256,-11.179868698120117,-0.04036558419466019,-2.15816593170166
6.409999847412109,-0.035996902734041214,-11.29265308380127,-0.055581919848918915,-2.1882452964782715
6.414999961853027,-0.04885004833340645,-11.429666519165039,-0.034198448061943054,-2.2152371406555176
6.420000076293945,-0.05021994188427925,-11.56251049041748,0.024960003793239594,-2.23242449760437
6.425000190734863,-0.02274240367114544,-11.699009895324707,0.05552474781870842,-2.2612955570220947
6.429999828338623,-0.007647001650184393,-11.832674980163574,0.025684751570224762,-2.291375160217285
6.434999942779541,0.006592629477381706,-11.942093849182129,0.07371119409799576,-2.3140616416931152
6.440000057220459,0.011322587728500366,-12.071858406066895,0.06657885760068893,-2.342939853668213
6.445000171661377,0.010171608999371529,-12.17062759399414,0.09008238464593887,-2.361325979232788
6.449999809265137,0.004781579598784447,-12.311788558959961,0.0564764030277729,-2.390209197998047
6.454999923706055,0.012377374805510044,-12.431086540222168,0.046478938311338425,-2.4097790718078613
6.460000038146973,0.022925250232219696,-12.534490585327148,0.10268758982419968,-2.4214797019958496
6.465000152587891,0.01582035981118679,-12.622208595275879,0.06347327679395676,-2.4503700733184814
6.46999979019165,0.032385166734457016,-12.82563591003418,0.1261674165725708,-2.4644482135772705
6.474999904632568,0.021754369139671326,-12.953238487243652,0.1188725158572197,-2.4871106147766113
6.480000019073486,0.022925248369574547,-13.035563468933105,0.10418111830949783,-2.5019400119781494
6.485000133514404,0.024033108726143837,-13.106679916381836,0.12667879462242126,-2.5203065872192383
6.489999771118164,0.010748757980763912,-13.18242073059082,0.0893508642911911,-2.5417897701263428
6.494999885559082,-0.003898858092725277,-13.296710014343262,0.11413116753101349,-2.5546817779541016
6.5,-0.0015836323145776987,-13.366314888000488,0.051521699875593185,-2.576164722442627
6.505000114440918,-0.028945082798600197,-13.438337326049805,0.09589730948209763,-2.5890564918518066
6.510000228881836,-0.02370763197541237,-13.491369247436523,0.09999857097864151,-2.5988149642944336
6.514999866485596,-0.01580667868256569,-13.564165115356445,0.08173084259033203,-2.610542058944702
6.519999980926514,-0.033077992498874664,-13.650277137756348,0.039018090814352036,-2.620295763015747
6.525000095367432,-0.008257318288087845,-13.670098304748535,0.048761557787656784,-2.6320273876190186
6.53000020980835,-0.04489957168698311,-13.72652816772461,0.05925009027123451,-2.6406235694885254
6.534999847412109,-0.058479130268096924,-13.740130424499512,0.06673803180456161,-2.6503701210021973
6.539999961853027,-0.06817787140607834,-13.771867752075195,0.06519370526075363,-2.6546661853790283
6.545000076293945,-0.057387858629226685,-13.796067237854004,0.053370825946331024,-2.654665946960449
6.550000190734863,-0.06379618495702744,-13.817317962646484,0.0415072999894619,-2.6675527095794678
6.554999828338623,-0.03403327241539955,-13.830384254455566,0.03068009577691555,-2.6707077026367188
6.559999942779541,-0.04323114827275276,-13.86308765411377,0.011271059513092041,-2.670712471008301
6.565000057220459,-0.07117637991905212,-13.819991111755371,-0.006597040221095085,-2.6729891300201416
6.570000171661377,-0.0631294846534729,-13.831618309020996,-0.026365065947175026,-2.6718509197235107
6.574999809265137,-0.059328269213438034,-13.800143241882324,-0.015040021389722824,-2.6718506813049316
6.579999923706055,-0.08167118579149246,-13.793264389038086,0.009564174339175224,-2.6718509197235107
6.585000038146973,-0.06347444653511047,-13.774389266967773,-0.05248649790883064,-2.6686816215515137
6.590000152587891,-0.08185029774904251,-13.740395545959473,-0.09914811700582504,-2.666429042816162
6.59499979019165,-0.08824867755174637,-13.700395584106445,-0.07533301413059235,-2.660085439682007
6.599999904632568,-0.07063572108745575,-13.664624214172363,-0.047392938286066055,-2.654665946960449
6.605000019073486,-0.06699371337890625,-13.594245910644531,-0.036992453038692474,-2.642895460128784
6.610000133514404,-0.06605834513902664,-13.523962020874023,-0.04425348713994026,-2.6374807357788086
6.614999771118164,-0.06591903418302536,-13.477619171142578,-0.030503585934638977,-2.6300013065338135
6.619999885559082,-0.041124895215034485,-13.40184211730957,0.015843071043491364,-2.620295763015747
6.625,-0.04540706425905228,-13.310483932495117,0.010129750706255436,-2.608515739440918
6.630000114440918,-0.033797770738601685,-13.205138206481934,0.06312106549739838,-2.5945193767547607
6.635000228881836,-0.011013696901500225,-13.140946388244629,0.04381362348794937,-2.5870301723480225
6.639999866485596,-0.0034742888528853655,-13.044689178466797,0.023425836116075516,-2.56984281539917
6.644999980926514,-0.002323310123756528,-12.948054313659668,0.11843563616275787,-2.5601491928100586
6.650000095367432,-0.013139856979250908,-12.834660530090332,0.100178062915802,-2.540860891342163
6.65500020980835,0.011982659809291363,-12.656492233276367,0.0678827241063118,-2.522575855255127
6.659999847412109,0.02542290650308132,-12.518815040588379,0.08117543160915375,-2.5053884983062744
6.664999961853027,-0.004131042864173651,-12.395461082458496,0.028566811233758926,-2.4882009029388428
6.670000076293945,0.0156312957406044,-12.303032875061035,0.12060649693012238,-2.4624221324920654
6.675000190734863,0.008904537186026573,-12.167561531066895,0.10145483911037445,-2.4495301246643066
6.679999828338623,0.03221600130200386,-12.043408393859863,0.0769319236278534,-2.4291274547576904
6.684999942779541,0.014725770801305771,-11.931161880493164,0.0863942950963974,-2.4065616130828857
6.690000057220459,0.03489940986037254,-11.829102516174316,0.10315156728029251,-2.3807826042175293
6.695000171661377,0.006300737615674734,-11.695176124572754,0.04877171665430069,-2.3678908348083496
6.699999809265137,-0.0067713288590312,-11.534791946411133,0.11185194551944733,-2.3388872146606445
6.704999923706055,0.0007349101942963898,-11.420397758483887,0.08084015548229218,-2.312035083770752
6.710000038146973,0.015007710084319115,-11.275171279907227,0.0799054279923439,-2.2916181087493896
6.715000152587891,-0.0010562376119196415,-11.138072967529297,0.06635195016860962,-2.269066333770752
6.71999979019165,-0.002432768465951085,-10.977227210998535,0.031696099787950516,-2.2432875633239746
6.724999904632568,0.0014878554502502084,-10.8320951461792,0.023625651374459267,-2.2142720222473145
6.730000019073486,-0.004555611405521631,-10.690835952758789,0.03068009950220585,-2.184192657470703
6.735000133514404,-0.0034245343413203955,-10.487716674804688,0.0005386841366998851,-2.1616504192352295
6.739999771118164,-0.008171077817678452,-10.344718933105469,-0.06280569732189178,-2.1326277256011963
6.744999885559082,0.007803312502801418,-10.166753768920898,0.005479843821376562,-2.102548360824585
6.75,0.006662284955382347,-10.057064056396484,0.02223372831940651,-2.0800137519836426
6.755000114440918,-0.014602627605199814,-9.891063690185547,0.0017511143814772367,-2.0509836673736572
6.760000228881836,-0.03899209946393967,-9.74869441986084,-0.0679432824254036,-2.0284535884857178
6.764999866485596,-0.03963890299201012,-9.590921401977539,-0.05090153217315674,-1.9951229095458984
6.769999980926514,-0.015833213925361633,-9.447900772094727,-0.013495700433850288,-1.9725977182388306
6.775000095367432,-0.01781674474477768,-9.315143585205078,-0.07496386021375656,-1.9392625093460083
6.78000020980835,-0.030925296247005463,-9.138916015625,-0.019236113876104355,-1.9134788513183594
6.784999847412109,-0.046372294425964355,-8.938444137573242,-0.037761226296424866,-1.8909608125686646
6.789999961853027,-0.038461387157440186,-8.793641090393066,-0.03674861416220665,-1.8576183319091797
6.795000076293945,-0.02333613485097885,-8.644749641418457,-0.04706442728638649,-1.8308095932006836
6.800000190734863,-0.027621624991297722,-8.495880126953125,-0.06831242889165878,-1.8060534000396729
6.804999828338623,-0.056346338242292404,-8.354286193847656,-0.015151784755289555,-1.7749537229537964
6.809999942779541,-0.04833260551095009,-8.217782974243164,-0.06245347857475281,-1.754488468170166
6.815000057220459,-0.05060139298439026,-8.080187797546387,-0.010722012259066105,-1.7319849729537964
6.820000171661377,-0.042362112551927567,-7.938207149505615,-0.04045024886727333,-1.7029237747192383
6.824999809265137,-0.038531046360731125,-7.809736728668213,-0.03864176571369171,-1.6847206354141235
6.829999923706055,-0.016987508162856102,-7.669287204742432,-0.04427719488739967,-1.6546461582183838
6.835000038146973,-0.006439634598791599,-7.525418758392334,-0.012621937319636345,-1.6341689825057983
6.840000152587891,-0.01794278807938099,-7.3852410316467285,-0.08749455958604813,-1.6073817014694214
6.84499979019165,-0.03234162926673889,-7.266465187072754,-0.06981950253248215,-1.5858986377716064
6.849999904632568,-0.002910408889874816,-7.189586639404297,-0.027174483984708786,-1.561118483543396
6.855000019073486,-0.023362671956419945,-7.082292556762695,-0.06751656532287598,-1.5472254753112793
6.860000133514404,-0.020390691235661507,-6.9661431312561035,-0.07808298617601395,-1.5214465856552124
6.864999771118164,-0.0061212084256112576,-6.857052326202393,-0.06804149597883224,-1.496659278869629
6.869999885559082,0.0030435016378760338,-6.729855537414551,-0.05334671214222908,-1.4784780740737915
6.875,0.0046190484426915646,-6.6373291015625,-0.05336364358663559,-1.4569947719573975
6.880000114440918,0.01216177362948656,-6.540870666503906,-0.004639543127268553,-1.4312161207199097
6.885000228881836,0.020112482830882072,-6.434206485748291,-0.05115552991628647,-1.4226199388504028
6.889999866485596,0.030968833714723587,-6.3832550048828125,-0.06090915948152542,-1.4097280502319336
6.894999980926514,0.02924070693552494,-6.27765417098999,0.026321444660425186,-1.4001548290252686
6.900000095367432,0.046120621263980865,-6.23644495010376,-0.06039777025580406,-1.3796510696411133
6.90500020980835,0.006347175687551498,-6.15283727645874,-0.05013275519013405,-1.3667593002319336
6.909999847412109,0.029774734750390053,-6.0918378829956055,-0.014393169432878494,-1.3528976440429688
6.914999961853027,0.059272296726703644,-6.032597541809082,-0.005943413823843002,-1.345273733139038
6.920000076293945,0.03545002266764641,-5.972777843475342,-0.029595956206321716,-1.3323818445205688
6.925000190734863,0.03132043033838272,-5.9254961013793945,0.019480358809232712,-1.3151943683624268
6.929999828338623,0.0329921692609787,-5.92912483215332,-0.09717368334531784,-1.3099337816238403
6.934999942779541,0.03992126137018204,-5.896069049835205,-0.059733983129262924,-1.3065959215164185
6.940000057220459,0.0310517568141222,-5.869488716125488,-0.08629906177520752,-1.3013399839401245
6.945000171661377,0.05010426789522171,-5.852138996124268,-0.08603151142597198,-1.2927485704421997
6.949999809265137,0.039065487682819366,-5.856808185577393,-0.07282686233520508,-1.297044277191162
6.954999923706055,0.039178263396024704,-5.813595771789551,-0.03074065037071705,-1.2884528636932373
6.960000038146973,0.04355994611978531,-5.84150505065918,-0.08860877901315689,-1.2884529829025269
6.965000152587891,0.05017392337322235,-5.845517158508301,-0.09268295019865036,-1.2970443964004517
6.96999979019165,0.036528028547763824,-5.8652191162109375,-0.08959091454744339,-1.297044277191162
6.974999904632568,0.04685366898775101,-5.870261192321777,-0.011558521538972855,-1.2884529829025269
6.980000019073486,0.05485081300139427,-5.904584884643555,-0.09444063156843185,-1.2884529829025269
6.985000133514404,0.04511227458715439,-5.919735431671143,-0.07669445127248764,-1.297044277191162
6.989999771118164,0.043404046446084976,-5.95604133605957,-0.1138225793838501,-1.3004086017608643
6.994999885559082,0.05768679827451706,-6.026585578918457,-0.10882384330034256,-1.305638074874878
7,0.013286217115819454,-6.076873302459717,-0.12025725096464157,-1.3142293691635132
7.005000114440918,0.03829263895750046,-6.16084098815918,-0.01918870024383068,-1.3176008462905884
7.010000228881836,0.044949743896722794,-6.20537805557251,-0.08596716821193695,-1.3304927349090576
7.014999866485596,0.028743166476488113,-6.260355472564697,-0.014501542784273624,-1.3400081396102905
7.019999980926514,0.048797398805618286,-6.350771427154541,-0.08831413835287094,-1.3485995531082153
7.025000095367432,0.026082979515194893,-6.416477680206299,-0.03217321261763573,-1.360572099685669
7.03000020980835,0.016686083748936653,-6.540738582611084,-0.04852408543229103,-1.3734638690948486
7.034999847412109,0.0005524780717678368,-6.60374116897583,-0.058514777570962906,-1.3906514644622803
7.039999961853027,-0.0060150655917823315,-6.72624397277832,-0.008273446001112461,-1.4078389406204224
7.045000076293945,0.002721757860854268,-6.832460880279541,-0.047884002327919006,-1.4207308292388916
7.050000190734863,-0.015727071091532707,-6.942348003387451,-0.037192266434431076,-1.4336225986480713
7.054999828338623,-0.014877934008836746,-7.048067092895508,-0.08227907866239548,-1.4517101049423218
7.059999942779541,0.0006022325251251459,-7.156442642211914,-0.008256512694060802,-1.47139310836792
7.065000057220459,-0.01428751926869154,-7.2799859046936035,-0.03273540362715721,-1.4894806146621704
7.070000171661377,-0.025704430416226387,-7.390652179718018,-0.012479695491492748,-1.5152593851089478
7.074999809265137,-0.03887932375073433,-7.563446521759033,-0.013377166353166103,-1.528151273727417
7.079999923706055,-0.015534688718616962,-7.685959339141846,-0.011165667325258255,-1.5530421733856201
7.085000038146973,-0.03661716729402542,-7.809465408325195,0.05418362468481064,-1.5754157304763794
7.090000152587891,-0.03177443519234657,-7.973079681396484,0.003491865238174796,-1.6046069860458374
7.09499979019165,-0.0504753515124321,-8.11449146270752,0.020943403244018555,-1.6226800680160522
7.099999904632568,-0.034567300230264664,-8.272750854492188,0.07181127369403839,-1.6398676633834839
7.105000019073486,-0.023999523371458054,-8.37497615814209,0.04290599748492241,-1.6733617782592773
7.110000133514404,0.0029970642644912004,-8.526466369628906,0.09865406155586243,-1.6948497295379639
7.114999771118164,0.010536473244428635,-8.682279586791992,0.09164703637361526,-1.7300957441329956
7.119999885559082,-0.018174974247813225,-8.833806037902832,0.03612925857305527,-1.7515790462493896
7.125,-0.013849683105945587,-8.98347282409668,0.07652214169502258,-1.7721959352493286
7.130000114440918,0.006854667328298092,-9.233114242553711,0.06535287946462631,-1.8065708875656128
7.135000228881836,-0.003112742444500327,-9.345955848693848,0.0509527362883091,-1.8332159519195557
7.139999866485596,0.006333907600492239,-9.499197959899902,0.025671202689409256,-1.8589948415756226
7.144999980926514,0.011004162020981312,-9.624588012695312,0.04981142655014992,-1.8796212673187256
7.150000095367432,0.0015309761511161923,-9.769469261169434,0.036837074905633926,-1.9139962196350098
7.15500020980835,0.019532017409801483,-9.937091827392578,0.05859984830021858,-1.944075584411621
7.159999847412109,0.022606823593378067,-10.068286895751953,0.03436480090022087,-1.966413140296936
7.164999961853027,0.01738927513360977,-10.206916809082031,0.09188409894704819,-1.9999361038208008
7.170000076293945,0.04322825372219086,-10.348097801208496,0.0635714903473854,-2.026564359664917
7.175000190734863,0.035178035497665405,-10.499293327331543,0.05711309611797333,-2.0515010356903076
7.179999828338623,0.05716272443532944,-10.66431999206543,0.01579904370009899,-2.078124523162842
7.184999942779541,0.02463679201900959,-10.835314750671387,-0.008659525774419308,-2.1030659675598145
7.190000057220459,0.04264446720480919,-10.946956634521484,0.00234039593487978,-2.1296844482421875
7.195000171661377,0.030113061890006065,-11.108053207397461,0.02189844660460949,-2.158926486968994
7.199999809265137,0.029851024970412254,-11.22436809539795,-0.011385800316929817,-2.1890058517456055
7.204999923706055,0.0687355324625969,-11.370511054992676,-0.036250773817300797,-2.2070260047912598
7.210000038146973,0.06011148542165756,-11.492087364196777,0.005757551174610853,-2.23710036277771
7.215000152587891,0.05048239976167679,-11.641988754272461,-0.006742668803781271,-2.257760524749756
7.21999979019165,0.032252490520477295,-11.770634651184082,-0.05744459107518196,-2.28006911277771
7.224999904632568,0.033410102128982544,-11.910465240478516,-0.0003181460197083652,-2.3093254566192627
7.230000019073486,0.02651749923825264,-11.993965148925781,-0.03554634377360344,-2.3316290378570557
7.235000133514404,0.03422607108950615,-12.117100715637207,-0.0720885768532753,-2.357408046722412
7.239999771118164,0.013541621156036854,-12.261829376220703,-0.055890101939439774,-2.3788909912109375
7.244999885559082,0.019177105277776718,-12.387435913085938,0.019886761903762817,-2.3952701091766357
7.25,-0.004947010427713394,-12.549454689025879,0.026480620726943016,-2.4218597412109375
7.255000114440918,-0.010310504585504532,-12.646316528320312,0.009659001603722572,-2.439047336578369
7.260000228881836,-0.031077876687049866,-12.808553695678711,0.008341585285961628,-2.456234931945801
7.264999866485596,-0.03454076498746872,-12.931121826171875,0.02966070920228958,-2.477717876434326
7.269999980926514,-0.043075256049633026,-13.035177230834961,0.01353335939347744,-2.4992012977600098
7.275000095367432,-0.026095831766724586,-13.139171600341797,0.052920397371053696,-2.5120930671691895
7.28000020980835,-0.01846023090183735,-13.20315933227539,0.0927036702632904,-2.5370800495147705
7.284999847412109,-0.07625793665647507,-13.291860580444336,0.0342191718518734,-2.5515553951263428
7.289999961853027,-0.05625015124678612,-13.414993286132812,0.03370778635144234,-2.5679514408111572
7.295000076293945,-0.061401356011629105,-13.518098831176758,0.07809016108512878,-2.580842971801758
7.300000190734863,-0.07686161994934082,-13.556344032287598,0.016550887376070023,-2.5937347412109375
7.304999828338623,-0.06071807071566582,-13.620918273925781,0.07176046818494797,-2.5988149642944336
7.309999942779541,-0.07120954990386963,-13.66579818725586,0.09008238464593887,-2.615220308303833
7.315000057220459,-0.055762555450201035,-13.730256080627441,0.1517402082681656,-2.6324076652526855
7.320000171661377,-0.04220621660351753,-13.73083209991455,0.11861512809991837,-2.6331849098205566
7.324999809265137,-0.0529000349342823,-13.762285232543945,0.13044139742851257,-2.6453020572662354
7.329999923706055,-0.017063800245523453,-13.788493156433105,0.12097902595996857,-2.654665946960449
7.335000038146973,-0.020583072677254677,-13.837910652160645,0.09075972437858582,-2.658196449279785
7.340000152587891,-0.028686363250017166,-13.834030151367188,0.07445964962244034,-2.663259506225586
7.34499979019165,-0.020098799839615822,-13.829872131347656,0.08524960279464722,-2.663259506225586
7.349999904632568,-0.0007145931595005095,-13.801499366760254,0.08306519687175751,-2.663259744644165
7.355000019073486,-0.0008107845205813646,-13.78309154510498,0.0830482542514801,-2.6683108806610107
7.360000133514404,0.008629231713712215,-13.7779541015625,0.038564275950193405,-2.663257360458374
7.364999771118164,0.013471965678036213,-13.7611665725708,0.06668384373188019,-2.654665946960449
7.369999885559082,0.015836944803595543,-13.706536293029785,0.08571697026491165,-2.654665946960449
7.375,0.04146363586187363,-13.683442115783691,0.05320148915052414,-2.6503701210021973
7.380000114440918,0.03349634259939194,-13.637282371520996,0.05437666177749634,-2.6503701210021973
7.385000228881836,0.04446546733379364,-13.601731300354004,0.033799223601818085,-2.6417789459228516
7.389999866485596,0.0309754665941,-13.52084732055664,0.03271210566163063,-2.6382219791412354
7.394999980926514,0.042173463851213455,-13.430337905883789,-0.027983898296952248,-2.6296257972717285
7.400000095367432,0.062068477272987366,-13.43546199798584,-0.012750632129609585,-2.6288869380950928
7.40500020980835,0.05773986876010895,-13.286249160766602,0.025952300056815147,-2.608140230178833
7.409999847412109,0.07689520716667175,-13.243524551391602,0.03309817984700203,-2.6074063777923584
7.414999961853027,0.06305360794067383,-13.163504600524902,-0.003921567462384701,-2.599541664123535
7.420000076293945,0.07059965282678604,-13.09830379486084,-0.016807865351438522,-2.585925579071045
7.425000190734863,0.04863154888153076,-13.01515007019043,-0.018670538440346718,-2.573760747909546
7.429999828338623,0.045543473213911057,-12.925150871276855,-0.03316551074385643,-2.5565731525421143
7.434999942779541,0.027078060433268547,-12.853290557861328,-0.027604591101408005,-2.5393855571746826
7.440000057220459,0.026016641408205032,-12.686797142028809,-0.026991600170731544,-2.52219820022583
7.445000171661377,0.010493353009223938,-12.582120895385742,0.012574929744005203,-2.508593797683716
7.449999809265137,0.026023274287581444,-12.499197959899902,-0.03364303335547447,-2.4885354042053223
7.454999923706055,0.014954638667404652,-12.388643264770508,0.002140581142157316,-2.474931240081787
7.460000038146973,-0.013889485970139503,-12.269769668579102,-0.020458705723285675,-2.4534480571746826
7.465000152587891,-0.02423834428191185,-12.15070915222168,0.04180194064974785,-2.431964874267578
7.46999979019165,-0.030825790017843246,-12.05101490020752,0.059968069195747375,-2.4104816913604736
7.474999904632568,-0.034563980996608734,-11.936976432800293,0.0802915096282959,-2.3854007720947266
7.480000019073486,-0.033990148454904556,-11.841508865356445,0.08264186233282089,-2.363217353820801
7.485000133514404,-0.03631201386451721,-11.756592750549316,0.11347076296806335,-2.3381314277648926
7.489999771118164,-0.06144116073846817,-11.573070526123047,0.07645101845264435,-2.315953016281128
7.494999885559082,-0.04728776961565018,-11.430336952209473,0.09043798595666885,-2.2951581478118896
7.5,-0.05487693101167679,-11.296244621276855,0.09542316943407059,-2.268688678741455
7.505000114440918,-0.06154730170965195,-11.153261184692383,0.10558997839689255,-2.2472054958343506
7.510000228881836,-0.05198455974459648,-11.022048950195312,0.06274513900279999,-2.2178120613098145
7.514999866485596,-0.0410287044942379,-10.870048522949219,0.1422981470823288,-2.191349744796753
7.519999980926514,-0.023339450359344482,-10.723336219787598,0.09627322852611542,-2.1662471294403076
7.525000095367432,-0.05013702064752579,-10.535578727722168,0.09773965924978256,-2.139789581298828
7.53000020980835,-0.03039458766579628,-10.368456840515137,0.0832548514008522,-2.114682197570801
7.534999847412109,-0.032441139221191406,-10.24412727355957,0.09285946190357208,-2.0803072452545166
7.539999961853027,0.0009173420257866383,-10.059182167053223,0.05485757440328598,-2.058152675628662
7.545000076293945,-0.02664312720298767,-9.903788566589355,0.10995201021432877,-2.0330381393432617
7.550000190734863,-0.009733357466757298,-9.751648902893066,0.05018395930528641,-2.0108883380889893
7.554999828338623,0.0033221247140318155,-9.58983039855957,0.07298983633518219,-1.9771775007247925
7.559999942779541,0.0038992727641016245,-9.456334114074707,0.0812770277261734,-1.955689549446106
7.565000057220459,0.008128372952342033,-9.314315795898438,-0.02215881645679474,-1.9249557256698608
7.570000171661377,0.02068299800157547,-9.162762641906738,0.031872209161520004,-1.8955333232879639
7.574999809265137,0.026490962132811546,-8.898427963256836,0.021336259320378304,-1.873395562171936
7.579999923706055,0.048840515315532684,-8.760306358337402,0.03825947642326355,-1.8439685106277466
7.585000038146973,0.019538652151823044,-8.576452255249023,-0.007287922780960798,-1.8175398111343384
7.590000152587891,0.021830659359693527,-8.411109924316406,0.011934847570955753,-1.7924035787582397
7.59499979019165,0.04296620935201645,-8.279561996459961,0.024926135316491127,-1.7702754735946655
7.599999904632568,0.021923532709479332,-8.141295433044434,0.0036036246456205845,-1.7365429401397705
7.605000019073486,0.04524163529276848,-8.020127296447754,0.02499386854469776,-1.7187154293060303
7.610000133514404,0.02865692414343357,-7.871948719024658,0.0025334369856864214,-1.6892738342285156
7.614999771118164,0.02112746797502041,-7.719486713409424,-0.017993206158280373,-1.6714509725570679
7.619999885559082,0.04776914417743683,-7.588221073150635,-0.05674692988395691,-1.6456722021102905
7.625,0.02287549525499344,-7.432607173919678,-0.02052643708884716,-1.6205190420150757
7.630000114440918,0.04959677904844284,-7.334569931030273,-0.04861213639378548,-1.5984077453613281
7.635000228881836,0.04040553420782089,-7.203646183013916,-0.035224609076976776,-1.564658522605896
7.639999866485596,0.049042850732803345,-7.132047176361084,0.006204591132700443,-1.5505248308181763
7.644999980926514,0.03040827251970768,-7.02185583114624,-0.06505445390939713,-1.5302785634994507
7.650000095367432,0.041964493691921234,-6.891952037811279,-0.01508405152708292,-1.5124726295471191
7.65500020980835,0.03859448432922363,-6.7839179039001465,-0.023347539827227592,-1.4866938591003418
7.659999847412109,0.027572283521294594,-6.720770835876465,-0.0846734568476677,-1.473802089691162
7.664999961853027,0.015982890501618385,-6.615262508392334,0.02010689489543438,-1.4609103202819824
7.670000076293945,0.026796119287610054,-6.537522792816162,-0.049929555505514145,-1.439427137374878
7.675000190734863,0.02581098861992359,-6.445548057556152,0.0036036253441125154,-1.4222396612167358
7.679999828338623,0.018497131764888763,-6.383959770202637,-0.008578245528042316,-1.4007564783096313
7.684999942779541,0.04287333786487579,-6.338788986206055,0.0613938607275486,-1.3921602964401245
7.690000057220459,0.017263229936361313,-6.26311731338501,0.005537417717278004,-1.3792685270309448
7.695000171661377,0.027913928031921387,-6.194540977478027,-0.011782040819525719,-1.3657846450805664
7.699999809265137,0.02878960222005844,-6.148103713989258,-0.003918180707842112,-1.3491915464401245
7.704999923706055,0.01634775660932064,-6.095402240753174,0.024899041280150414,-1.344303846359253
7.710000038146973,-0.008701789192855358,-6.072021007537842,-0.011592389084398746,-1.3320015668869019
7.715000152587891,-0.010499570518732071,-6.0506181716918945,-0.0065801083110272884,-1.3228230476379395
7.71999979019165,-0.019465263932943344,-5.9940924644470215,-0.016015388071537018,-1.3148118257522583
7.724999904632568,-0.020231476053595543,-5.9775590896606445,-0.042783670127391815,-1.3099336624145508
7.730000019073486,0.00011132533109048381,-5.980161666870117,-0.011782040819525719,-1.3099336624145508
7.735000133514404,-0.010811363346874714,-5.98825740814209,0.022795913740992546,-1.2976194620132446
7.739999771118164,0.0035310920793563128,-5.961076736450195,-0.024546422064304352,-1.3013399839401245
7.744999885559082,-0.01975715532898903,-5.964197635650635,0.0012702065287157893,-1.297044277191162
7.75,-0.03365182504057884,-5.999168872833252,0.027144407853484154,-1.3013399839401245
7.755000114440918,-0.012678802013397217,-5.987508296966553,0.02514965459704399,-1.2970443964004517
7.760000228881836,-0.037545911967754364,-6.009571552276611,0.037595685571432114,-1.3007792234420776
7.764999866485596,-0.008890854194760323,-6.011815071105957,0.02099420502781868,-1.3019007444381714
7.769999980926514,-0.020646095275878906,-6.100194454193115,-0.033554982393980026,-1.3007841110229492
7.775000095367432,-0.04497917741537094,-6.069479465484619,0.009828336536884308,-1.305638074874878
7.78000020980835,-0.04266727343201637,-6.139617919921875,-0.03308423236012459,-1.3099337816238403
7.784999847412109,-0.017249546945095062,-6.194588661193848,-0.005587811581790447,-1.3179763555526733
7.789999961853027,-0.0016201183898374438,-6.227864742279053,-0.009902437217533588,-1.3271187543869019
7.795000076293945,-0.027528749778866768,-6.247454643249512,0.029416866600513458,-1.3314143419265747
7.800000190734863,-0.0006084511405788362,-6.324258804321289,-0.022622790187597275,-1.3394643068313599
7.804999828338623,-0.021664395928382874,-6.405833721160889,-0.018565552309155464,-1.352356195449829
7.809999942779541,-0.007829432375729084,-6.486984729766846,-0.019696703180670738,-1.361488938331604
7.815000057220459,-0.021538352593779564,-6.5540361404418945,-0.026202505454421043,-1.3738417625427246
7.820000171661377,-0.012821430340409279,-6.624123573303223,-0.06293439120054245,-1.3867336511611938
7.824999809265137,-0.034898992627859116,-6.704397201538086,-0.034316979348659515,-1.403921127319336
7.829999923706055,-0.012844649143517017,-6.805053234100342,-0.0249325018376112,-1.4173400402069092
7.835000038146973,-0.0007013253634795547,-6.89667272567749,-0.015927331522107124,-1.4334733486175537
7.840000152587891,0.014095552265644073,-7.032886028289795,-0.09556163102388382,-1.4474143981933594
7.84499979019165,0.0018560364842414856,-7.123778820037842,-0.05675031617283821,-1.459781527519226
7.849999904632568,-0.01483149640262127,-7.204964637756348,-0.10135622322559357,-1.485042929649353
7.855000019073486,0.006791645660996437,-7.3416290283203125,-0.11065264046192169,-1.5070459842681885
7.860000133514404,0.013438796624541283,-7.441563606262207,-0.0880364254117012,-1.5199377536773682
7.864999771118164,0.013601326383650303,-7.56631326675415,-0.09185998886823654,-1.5495020151138306
7.869999885559082,-0.0032752726692706347,-7.677535533905029,-0.03913621976971626,-1.571497917175293
7.875,0.018119001761078835,-7.808194637298584,-0.08420270681381226,-1.588685393333435
7.880000114440918,0.01788349822163582,-7.950525283813477,-0.08394870907068253,-1.6144641637802124
7.885000228881836,0.01736937277019024,-8.095182418823242,-0.08053833246231079,-1.6397424936294556
7.889999866485596,0.009531439282000065,-8.229532241821289,-0.05636085197329521,-1.657433032989502
7.894999980926514,0.026945382356643677,-8.359785079956055,-0.06681890785694122,-1.6832118034362793
7.900000095367432,0.02709132991731167,-8.484888076782227,-0.052808232605457306,-1.7084972858428955
7.90500020980835,0.013594692572951317,-8.640811920166016,-0.02761136367917061,-1.734771728515625
7.909999847412109,0.015299600549042225,-8.814013481140137,-0.011717695742845535,-1.7600620985031128
7.914999961853027,0.024033108726143837,-8.975522994995117,0.011274445801973343,-1.7863317728042603
7.920000076293945,0.03155261650681496,-9.199756622314453,-0.025047650560736656,-1.8159226179122925
7.925000190734863,0.03985823690891266,-9.340012550354004,-0.0431392677128315,-1.8417062759399414
7.929999828338623,0.008765226230025291,-9.508424758911133,0.005608538165688515,-1.863673210144043
7.934999942779541,0.012311036698520184,-9.630114555358887,0.07342671602964401,-1.897566795349121
7.940000057220459,-0.0133455079048872,-9.767988204956055,0.04908328875899315,-1.923824667930603
7.945000171661377,0.018852045759558678,-9.933703422546387,0.06458748877048492,-1.9405404329299927
7.949999809265137,0.006579361390322447,-10.092679023742676,0.05164361745119095,-1.966793417930603
7.954999923706055,0.030391685664653778,-10.204521179199219,0.09607002884149551,-2.0006964206695557
7.960000038146973,-0.0005122596048749983,-10.409629821777344,0.03334202244877815,-2.026944637298584
7.965000152587891,0.0020782719366252422,-10.537049293518066,0.04263845086097717,-2.0522615909576416
7.96999979019165,-0.02300444059073925,-10.772909164428711,0.06278916448354721,-2.086636543273926
7.974999904632568,0.004715240094810724,-10.890881538391113,0.09627322852611542,-2.10858154296875
7.980000019073486,0.005746809300035238,-11.068243026733398,0.04638411104679108,-2.1343605518341064
7.985000133514404,-0.013053616508841515,-11.203812599182129,0.06944398581981659,-2.163982629776001
7.989999771118164,0.002011932898312807,-11.324668884277344,0.08572711795568466,-2.1897661685943604
7.994999885559082,-0.013809879310429096,-11.445605278015137,0.046810831874608994,-2.2117018699645996
8,-0.026490546762943268,-11.620006561279297,0.13574831187725067,-2.237480640411377
8.005000114440918,-0.024463893845677376,-11.735769271850586,0.00020001681696157902,-2.2628166675567627
8.010000228881836,-0.014984076842665672,-11.903755187988281,0.005195363890379667,-2.280449390411377
8.015000343322754,-0.006784596014767885,-11.975014686584473,0.004653495270758867,-2.3100860118865967
8.020000457763672,-0.0021143427584320307,-12.060445785522461,-0.0348757840692997,-2.32771372795105
8.024999618530273,0.0013916646130383015,-12.166839599609375,0.048135023564100266,-2.3491969108581543
8.029999732971191,-0.024281462654471397,-12.315747261047363,0.018254384398460388,-2.370680093765259
8.03499984741211,-0.01631748490035534,-12.419381141662598,-0.047155868262052536,-2.396458864212036
8.039999961853027,-0.0021143427584320307,-12.513318061828613,-0.05174819752573967,-2.417515993118286
8.045000076293945,-0.05397804081439972,-12.628969192504883,-0.007206642534583807,-2.443723201751709
8.050000190734863,-0.021034175530076027,-12.789246559143066,-0.0807516872882843,-2.4609107971191406
8.055000305175781,-0.018301017582416534,-12.901253700256348,-0.06768251210451126,-2.4738025665283203
8.0600004196167,-0.017276084050536156,-12.981717109680176,-0.059483371675014496,-2.4991650581359863
8.0649995803833,-0.021554937586188316,-13.042597770690918,-0.058453816920518875,-2.5128896236419678
8.069999694824219,0.001083189039491117,-13.117273330688477,-0.0260196253657341,-2.525365114212036
8.074999809265137,-0.01918664015829563,-13.184473991394043,-0.06587064266204834,-2.538256883621216
8.079999923706055,-0.014795009978115559,-13.27129077911377,-0.08279046416282654,-2.5554444789886475
8.085000038146973,-0.0013680305564776063,-13.313459396362305,-0.011348547413945198,-2.5644447803497314
8.09000015258789,0.0003202927182428539,-13.394037246704102,-0.04204537719488144,-2.581225633621216
8.095000267028809,-0.01696760579943657,-13.492494583129883,-0.07920398563146591,-2.5941174030303955
8.100000381469727,0.006194595713168383,-13.538057327270508,-0.05938515067100525,-2.5945193767547607
8.104999542236328,-0.0017362117068842053,-13.550372123718262,-0.043308600783348083,-2.615602731704712
8.109999656677246,0.02367487922310829,-13.624175071716309,-0.06708306074142456,-2.620295524597168
8.114999771118164,-0.0052654375322163105,-13.614554405212402,-0.008205711841583252,-2.6327927112579346
8.119999885559082,0.002871020929887891,-13.642879486083984,-0.0011783605441451073,-2.628889322280884
8.125,0.006091770716011524,-13.680344581604004,-0.04243822768330574,-2.6374807357788086
8.130000114440918,0.013382408767938614,-13.685309410095215,-0.025257624685764313,-2.6413936614990234
8.135000228881836,0.005232682917267084,-13.709558486938477,0.02896982617676258,-2.6503703594207764
8.140000343322754,0.0030368678271770477,-13.703025817871094,0.03182817995548248,-2.654665946960449
8.145000457763672,0.03337029740214348,-13.698067665100098,0.04981481283903122,-2.6421542167663574
8.149999618530273,0.020338036119937897,-13.682950973510742,0.09595149010419846,-2.6460721492767334
8.154999732971191,0.007929356768727303,-13.659234046936035,0.06413368135690689,-2.6499969959259033
8.15999984741211,0.026099562644958496,-13.685391426086426,0.02049975097179413,-2.6421470642089844
8.164999961853027,0.026036541908979416,-13.620552062988281,0.08832470327615738,-2.6374807357788086
8.170000076293945,-0.003245419589802623,-13.602232933044434,0.02314135804772377,-2.6414129734039307
8.175000190734863,0.002011932898312807,-13.551778793334961,0.09540285170078278,-2.6378440856933594
8.180000305175781,0.009063751436769962,-13.49515151977539,0.10641970485448837,-2.6249523162841797
8.1850004196167,0.006702088285237551,-13.478387832641602,0.07662034779787064,-2.62459135055542
8.1899995803833,-0.0017594298115000129,-13.398362159729004,0.09580247104167938,-2.6117043495178223
8.194999694824219,0.0028809711802750826,-13.32199478149414,0.10926112532615662,-2.603464365005493
8.199999809265137,0.013989408500492573,-13.22023868560791,0.08366463333368301,-2.5948684215545654
8.204999923706055,-0.002585348440334201,-13.165914535522461,0.0263485386967659,-2.585925579071045
8.210000038146973,0.007478252053260803,-13.092769622802734,0.06209828704595566,-2.560839891433716
8.21500015258789,0.010062149725854397,-13.00817584991455,0.08632994443178177,-2.5515553951263428
8.220000267028809,-0.0020214684773236513,-12.9478178024292,0.07956337183713913,-2.542964220046997
8.225000381469727,-0.017252864316105843,-12.809507369995117,0.038249313831329346,-2.5307509899139404
8.229999542236328,-0.04836577549576759,-12.664557456970215,0.017682038247585297,-2.5132241249084473
8.234999656677246,-0.03765537589788437,-12.530282020568848,0.025471389293670654,-2.4957046508789062
8.239999771118164,-0.04349318891763687,-12.43358325958252,-0.03686376288533211,-2.478851556777954
8.244999885559082,-0.0431051030755043,-12.310332298278809,0.02213551476597786,-2.457695484161377
8.25,-0.03427872434258461,-12.171231269836426,-0.0132721783593297,-2.440178394317627
8.255000114440918,-0.023289697244763374,-12.062959671020508,-0.04206908121705055,-2.4186952114105225
8.260000228881836,-0.004306841176003218,-11.967399597167969,-0.09699756652116776,-2.3889408111572266
8.265000343322754,0.00022741805878467858,-11.838384628295898,-0.09277438372373581,-2.3714308738708496
8.270000457763672,-0.0137369055300951,-11.72661304473877,-0.01045446377247572,-2.354243516921997
8.274999618530273,-0.005753028206527233,-11.571881294250488,-0.05501972883939743,-2.3370559215545654
8.279999732971191,0.008071985095739365,-11.44858169555664,-0.024421116337180138,-2.3069815635681152
8.28499984741211,-0.0032553712371736765,-11.339476585388184,-0.06865786761045456,-2.28580641746521
8.289999961853027,0.022195523604750633,-11.214237213134766,-0.036149170249700546,-2.2597169876098633
8.295000076293945,0.0028975566383451223,-11.043310165405273,-0.006769762374460697,-2.2468252182006836
8.300000190734863,0.005554426461458206,-10.919299125671387,0.02691750042140484,-2.2127559185028076
8.305000305175781,-0.00341458385810256,-10.769466400146484,-0.01113518700003624,-2.186673641204834
8.3100004196167,-0.0013879324542358518,-10.610697746276855,-0.0148977842181921,-2.1654865741729736
8.3149995803833,-0.009391712956130505,-10.433234214782715,0.07078511267900467,-2.1354074478149414
8.319999694824219,0.007083537057042122,-10.26037883758545,-0.008930460549890995,-2.1136281490325928
8.324999809265137,0.015399109572172165,-10.128096580505371,0.060889244079589844,-2.0838425159454346
8.329999923706055,0.022925248369574547,-9.99897289276123,0.03682013973593712,-2.062068223953247
8.335000038146973,0.00982001330703497,-9.849428176879883,0.058328915387392044,-2.027981996536255
8.34000015258789,0.02871662937104702,-9.708016395568848,0.004856694955378771,-2.0062124729156494
8.345000267028809,0.03391095995903015,-9.56882095336914,0.039018090814352036,-1.9764169454574585
8.350000381469727,0.04038562998175621,-9.454129219055176,0.043549466878175735,-1.958948016166687
8.354999542236328,-0.0005752817378379405,-9.291666984558105,0.10855331271886826,-1.9248521327972412
8.359999656677246,0.01005219854414463,-9.111773490905762,0.06271126866340637,-1.898796558380127
8.364999771118164,0.023631757125258446,-8.902022361755371,0.07431063801050186,-1.8689916133880615
8.369999885559082,0.034196216613054276,-8.79848575592041,0.12803347408771515,-1.8429408073425293
8.375,0.02081899344921112,-8.607403755187988,0.1277693212032318,-1.8174266815185547
8.380000114440918,0.032769933342933655,-8.483003616333008,0.13080377876758575,-1.7830517292022705
8.385000228881836,0.007544591557234526,-8.324130058288574,0.0804879367351532,-1.7698951959609985
8.390000343322754,0.03454449772834778,-8.196195602416992,0.09395335614681244,-1.735782504081726
8.395000457763672,0.04707922041416168,-8.08824634552002,0.07982414215803146,-1.7183351516723633
8.399999618530273,0.03427914157509804,-7.946383476257324,0.03190268576145172,-1.6968520879745483
8.404999732971191,0.037818316370248795,-7.803040981292725,0.10401855409145355,-1.6713234186172485
8.40999984741211,0.02482254058122635,-7.670843124389648,0.09901982545852661,-1.6452919244766235
8.414999961853027,0.03267373889684677,-7.528671741485596,0.08802667260169983,-1.6195130348205566
8.420000076293945,-0.0063666608184576035,-7.422773361206055,0.05310666188597679,-1.5982729196548462
8.425000190734863,0.04439913108944893,-7.313872337341309,0.11597352474927902,-1.5765444040298462
8.430000305175781,0.07457666844129562,-7.194246768951416,-0.017004292458295822,-1.5550611019134521
8.4350004196167,0.03913514316082001,-7.066006183624268,-0.011937828734517097,-1.5335780382156372
8.4399995803833,0.0418085977435112,-6.971303939819336,0.0615936741232872,-1.5163904428482056
8.444999694824219,0.04266105219721794,-6.864778518676758,0.041419241577386856,-1.49513840675354
8.449999809265137,0.02652081474661827,-6.774135589599609,0.08035585284233093,-1.4734219312667847
8.454999923706055,0.04817712679505348,-6.671662330627441,0.013472397811710835,-1.460530161857605
8.460000038146973,0.04323488101363182,-6.600602626800537,0.05256818234920502,-1.4474143981933594
8.46500015258789,0.024198954924941063,-6.5255513191223145,-0.006613974459469318,-1.4220832586288452
8.470000267028809,0.023104364052414894,-6.433413505554199,-0.01871795393526554,-1.4173399209976196
8.475000381469727,0.046458952128887177,-6.3550615310668945,-0.03127913549542427,-1.404452919960022
8.479999542236328,0.019478948786854744,-6.308924674987793,-0.061644069850444794,-1.383402943611145
8.484999656677246,0.05375290662050247,-6.240762233734131,-0.0677671730518341,-1.378674030303955
8.489999771118164,0.008708838373422623,-6.187299728393555,-0.05255423113703728,-1.3659963607788086
8.494999885559082,0.04667786881327629,-6.152962684631348,-0.04285478964447975,-1.3571932315826416
8.5,0.02781442180275917,-6.100390434265137,0.022579168900847435,-1.3488065004348755
8.505000114440918,0.061929166316986084,-6.085555553436279,-0.04481906816363335,-1.3402103185653687
8.510000228881836,0.03844190388917923,-6.054240703582764,-0.06809230148792267,-1.3271187543869019
8.515000343322754,0.02870667725801468,-6.021984577178955,0.043938931077718735,-1.3314143419265747
8.520000457763672,0.04071400687098503,-6.001388072967529,-0.024390630424022675,-1.3228230476379395
8.524999618530273,0.032179515808820724,-6.012394428253174,-0.07816088199615479,-1.3144243955612183
8.529999732971191,0.03294241428375244,-6.012146472930908,-0.030672920867800713,-1.3142294883728027
8.53499984741211,0.0311280470341444,-5.9935808181762695,0.02735099568963051,-1.3099337816238403
8.539999961853027,0.05880460888147354,-5.992377758026123,-0.03397492691874504,-1.3099337816238403
8.545000076293945,0.022464195266366005,-5.998643398284912,0.024465547874569893,-1.3099337816238403
8.550000190734863,0.046395931392908096,-6.026714324951172,-0.050322409719228745,-1.3099336624145508
8.555000305175781,0.024202272295951843,-6.051228046417236,0.014911734499037266,-1.305638074874878
8.5600004196167,0.02365829236805439,-6.100770473480225,-0.008436005562543869,-1.3099337816238403
8.5649995803833,-0.010390112176537514,-6.11910343170166,0.01707582175731659,-1.3142293691635132
8.569999694824219,0.010519888252019882,-6.183382511138916,0.005557737313210964,-1.3183542490005493
8.574999809265137,0.0052459510043263435,-6.194594860076904,0.025671204552054405,-1.322823166847229
8.579999923706055,0.017973054200410843,-6.2777934074401855,0.05164700374007225,-1.3314144611358643
8.585000038146973,0.02191358245909214,-6.321859359741211,0.012473328970372677,-1.3314144611358643
8.59000015258789,0.03329400718212128,-6.374197006225586,0.07069705426692963,-1.3482747077941895
8.595000267028809,0.04723179340362549,-6.44059419631958,0.032522447407245636,-1.3571932315826416
8.600000381469727,0.019090864807367325,-6.526760578155518,0.07999347895383835,-1.3785152435302734
8.604999542236328,-0.001450953888706863,-6.609612941741943,0.04329546540975571,-1.3828158378601074
8.609999656677246,0.03512496128678322,-6.695992946624756,0.05006204545497894,-1.3915634155273438
8.614999771118164,0.026016637682914734,-6.759987831115723,0.016903100535273552,-1.4085969924926758
8.619999885559082,0.035032086074352264,-6.882991790771484,0.023717092350125313,-1.417193055152893
8.625,0.013199977576732635,-6.985766410827637,0.06353084743022919,-1.4343806505203247
8.630000114440918,0.04553021118044853,-7.098171234130859,0.048724304884672165,-1.4517099857330322
8.635000228881836,0.03274007886648178,-7.192589282989502,0.06309057772159576,-1.468613624572754
8.640000343322754,0.028816139325499535,-7.297802925109863,0.06419802457094193,-1.4902386665344238
8.645000457763672,0.04765968397259712,-7.377449989318848,0.04405068978667259,-1.507426142692566
8.649999618530273,0.03201035410165787,-7.529404163360596,0.0354112833738327,-1.5289092063903809
8.654999732971191,0.025127699598670006,-7.646722316741943,0.01613432541489601,-1.5460968017578125
8.65999984741211,0.017943203449249268,-7.7495646476745605,-0.0008159858407452703,-1.5675801038742065
8.664999961853027,0.01076865941286087,-7.9128804206848145,-0.0004807043878827244,-1.5932337045669556
8.670000076293945,0.01828153245151043,-8.04397964477539,-0.024458367377519608,-1.6191400289535522
8.675000190734863,0.006582678761333227,-8.165260314941406,-0.02389618009328842,-1.6405029296875
8.680000305175781,0.01711728423833847,-8.283737182617188,-0.04096163809299469,-1.6578131914138794
8.6850004196167,0.012098751962184906,-8.394976615905762,-0.04419930279254913,-1.6920678615570068
8.6899995803833,-0.020009241998195648,-8.525239944458008,-0.009021899662911892,-1.7093732357025146
8.694999694824219,0.013869998045265675,-8.709988594055176,-0.03788653761148453,-1.7308562994003296
8.699999809265137,-0.0022138506174087524,-8.863293647766113,-0.06747253239154816,-1.756635069847107
8.704999923706055,-0.01143494900316,-9.036026954650879,-0.05202929675579071,-1.7866038084030151
8.710000038146973,-0.011544408276677132,-9.2389497756958,-0.05058657005429268,-1.808091640472412
8.71500015258789,-0.030232058838009834,-9.357891082763672,-0.06612125039100647,-1.8425679206848145
8.720000267028809,-0.008247368037700653,-9.4996919631958,-0.12841914594173431,-1.8639522790908813
8.725000381469727,-0.018748803064227104,-9.65264892578125,-0.05433223396539688,-1.898327350616455
8.729999542236328,-0.03686262294650078,-9.775341987609863,-0.06102769821882248,-1.9199092388153076
8.734999656677246,-0.0056601534597575665,-9.918664932250977,-0.03424247354269028,-1.94559645652771
8.739999771118164,-0.0076868049800395966,-10.08660888671875,-0.09534148871898651,-1.9714692831039429
8.744999885559082,-0.012828064151108265,-10.222043991088867,-0.04910998046398163,-2.0014569759368896
8.75,-0.02430468238890171,-10.387043952941895,-0.04665802791714668,-2.031620740890503
8.755000114440918,-0.01188605185598135,-10.556001663208008,-0.02261601760983467,-2.0530219078063965
8.760000228881836,-0.009408297017216682,-10.731608390808105,-0.08904904127120972,-2.074589252471924
8.765000343322754,-0.02248699776828289,-10.862491607666016,-0.028271764516830444,-2.100368022918701
8.770000457763672,-0.02249031513929367,-10.999643325805664,-0.025542104616761208,-2.130293369293213
8.774999618530273,-0.017518220469355583,-11.160411834716797,0.016811659559607506,-2.15622615814209
8.779999732971191,-0.008824515156447887,-11.312676429748535,-0.035932425409555435,-2.1905267238616943
8.78499984741211,-0.013086785562336445,-11.419432640075684,0.0298909991979599,-2.2120821475982666
8.789999961853027,-0.031927015632390976,-11.571802139282227,-0.024803809821605682,-2.237860918045044
8.795000076293945,-0.0318208709359169,-11.685528755187988,0.07397874444723129,-2.2593438625335693
8.800000190734863,-0.034839287400245667,-11.832661628723145,0.011362498626112938,-2.2807669639587402
8.805000305175781,-0.03591729328036308,-11.93034553527832,0.026460297405719757,-2.3108463287353516
8.8100004196167,-0.04932769015431404,-12.042384147644043,0.02625032514333725,-2.3323895931243896
8.8149995803833,-0.030504044145345688,-12.147615432739258,0.10325316339731216,-2.358168601989746
8.819999694824219,-0.01737227290868759,-12.286211967468262,0.056578006595373154,-2.3753559589385986
8.824999809265137,-0.011060134507715702,-12.375447273254395,0.05521317571401596,-2.3967909812927246
8.829999923706055,-0.01510016992688179,-12.495281219482422,0.06605392694473267,-2.414029121398926
8.835000038146973,-0.008244049735367298,-12.593745231628418,0.11698614060878754,-2.439807891845703
8.84000015258789,0.00127557129599154,-12.727365493774414,0.0706428736448288,-2.4484448432922363
8.845000267028809,0.006151476409286261,-12.842779159545898,0.08135153353214264,-2.469846248626709
8.850000381469727,0.004927524831146002,-12.942314147949219,0.04225575551390648,-2.495666027069092
8.854999542236328,-0.007749825716018677,-12.997352600097656,0.042011912912130356,-2.5042622089385986
8.859999656677246,0.019369488582015038,-13.096107482910156,0.05836617201566696,-2.525745391845703
8.864999771118164,0.02442782372236252,-13.158113479614258,0.014928668737411499,-2.5429329872131348
8.869999885559082,0.019210275262594223,-13.241081237792969,0.06424205005168915,-2.5558245182037354
8.875,0.02812621369957924,-13.276773452758789,0.08780992776155472,-2.5644447803497314
8.880000114440918,0.020464079454541206,-13.338653564453125,0.05672701820731163,-2.57731032371521
8.885000228881836,0.03169524297118187,-13.401039123535156,0.05257834121584892,-2.5902211666107178
8.890000343322754,0.008406995795667171,-13.476054191589355,0.014478241093456745,-2.603091239929199
8.895000457763672,0.012294451706111431,-13.504436492919922,0.05412266403436661,-2.607391834259033
8.899999618530273,0.010722221806645393,-13.539069175720215,0.0043723988346755505,-2.615999937057495
8.904999732971191,0.016288049519062042,-13.58054256439209,-0.039241205900907516,-2.6288774013519287
8.90999984741211,-0.0017295775469392538,-13.59602165222168,-0.06208772212266922,-2.624593734741211
8.914999961853027,0.019160520285367966,-13.581666946411133,-0.0018726261332631111,-2.6331849098205566
8.920000076293945,0.004111556801944971,-13.608105659484863,-0.07360919564962387,-2.6331851482391357
8.925000190734863,-0.0020214682444930077,-13.656847953796387,-0.07413412630558014,-2.6374807357788086
8.930000305175781,0.006386978551745415,-13.63875675201416,-0.055754635483026505,-2.6417763233184814
8.9350004196167,-0.001115943188779056,-13.649346351623535,-0.0360577329993248,-2.6417763233184814
8.9399995803833,-0.023017708212137222,-13.63610553741455,-0.03336871415376663,-2.6417837142944336
8.944999694824219,-0.01692117005586624,-13.625434875488281,-0.02293097786605358,-2.6460649967193604
8.949999809265137,-0.018931234255433083,-13.634516716003418,-0.06248057633638382,-2.6417765617370605
8.954999923706055,-0.05981917306780815,-13.593916893005371,-0.017051709815859795,-2.6374807357788086
8.960000038146973,-0.03491226211190224,-13.561493873596191,-0.032962311059236526,-2.6374807357788086
8.96500015258789,-0.020049044862389565,-13.537713050842285,-0.05539564788341522,-2.6288700103759766
8.970000267028809,-0.03892907872796059,-13.476602554321289,-0.007186323404312134,-2.620295524597168
8.975000381469727,-0.0510624498128891,-13.3826322555542,0.04534778743982315,-2.611680507659912
8.979999542236328,-0.061670031398534775,-13.369348526000977,-0.017349736765027046,-2.603084087371826
8.984999656677246,-0.033409684896469116,-13.308438301086426,-0.03896011784672737,-2.5988125801086426
8.989999771118164,-0.03059028834104538,-13.202603340148926,0.007058036047965288,-2.585925579071045
8.994999885559082,-0.03059360198676586,-13.15012264251709,0.002834850223734975,-2.577300786972046
9,-0.040418386459350586,-13.078836441040039,0.05121012404561043,-2.568704605102539
9.005000114440918,-0.04587806761264801,-13.00012493133545,-0.0014899304369464517,-2.5515167713165283
9.010000228881836,-0.04081309959292412,-12.93065357208252,0.02369338646531105,-2.534329414367676
9.015000343322754,-0.05425666645169258,-12.838971138000488,0.03174690157175064,-2.517141819000244
9.020000457763672,-0.030424438416957855,-12.613595008850098,0.0791231021285057,-2.500000238418579
9.024999618530273,-0.01146811805665493,-12.545199394226074,0.013648506253957748,-2.4913125038146973
9.029999732971191,-0.029717931523919106,-12.450614929199219,0.04724432900547981,-2.46992564201355
9.03499984741211,-0.021621277555823326,-12.302117347717285,0.0468277670443058,-2.4569854736328125
9.039999961853027,0.0015044406754896045,-12.16645622253418,0.026433203369379044,-2.43979811668396
9.045000076293945,-0.000863855704665184,-12.05279541015625,0.06999601423740387,-2.4226107597351074
9.050000190734863,0.0006984240608289838,-11.94347095489502,0.09393981099128723,-2.3924760818481445
9.055000305175781,-0.01234710868448019,-11.83446979522705,0.042188022285699844,-2.3753464221954346
9.0600004196167,0.019027844071388245,-11.706928253173828,0.053174395114183426,-2.3537981510162354
9.0649995803833,0.022414442151784897,-11.608489036560059,-0.00381658086553216,-2.3323776721954346
9.069999694824219,0.030186034739017487,-11.441015243530273,0.013455463573336601,-2.3023033142089844
9.074999809265137,0.013787075877189636,-11.306591033935547,0.0016495144227519631,-2.285043239593506
9.079999923706055,0.017024410888552666,-11.159350395202637,0.05353338271379471,-2.2550384998321533
9.085000038146973,0.02022194117307663,-11.034990310668945,-0.025379544124007225,-2.233478546142578
9.09000015258789,0.019220225512981415,-10.878313064575195,-0.023093538358807564,-2.2077744007110596
9.095000267028809,0.02736000157892704,-10.713085174560547,0.05547056347131729,-2.1777000427246094
9.100000381469727,0.01686519756913185,-10.552849769592285,-0.0070508550852537155,-2.156132459640503
9.104999542236328,0.02075928822159767,-10.387744903564453,-0.007108429446816444,-2.1346442699432373
9.109999656677246,0.00658267829567194,-10.247550010681152,-0.012709991075098515,-2.10465407371521
9.114999771118164,0.015654515475034714,-10.091038703918457,-0.0186366718262434,-2.0788753032684326
9.119999885559082,0.006187962368130684,-9.952652931213379,0.023249730467796326,-2.061594009399414
9.125,0.03137681633234024,-9.816385269165039,0.009767374955117702,-2.02721905708313
9.130000114440918,0.018331285566091537,-9.671144485473633,-0.02391311340034008,-1.9971396923065186
9.135000228881836,-0.004913840908557177,-9.529949188232422,0.000999271753244102,-1.9714572429656982
9.140000343322754,0.005265852436423302,-9.407866477966309,-0.06635832041501999,-1.9456783533096313
9.145000457763672,-0.012688751332461834,-9.257207870483398,0.0060928319580852985,-1.9197936058044434
9.149999618530273,-0.011507921852171421,-9.085799217224121,-0.03209870681166649,-1.8898224830627441
9.154999732971191,-0.016287634149193764,-8.879149436950684,-0.04082617163658142,-1.8726351261138916
9.15999984741211,-0.018752122297883034,-8.768357276916504,0.02061828225851059,-1.8424475193023682
9.164999961853027,-0.0376255176961422,-8.612348556518555,-0.07274559140205383,-1.8209595680236816
9.170000076293945,-0.02838451974093914,-8.466913223266602,-0.0009209716808982193,-1.790998101234436
9.175000190734863,-0.03620918467640877,-8.32351303100586,-0.02367604523897171,-1.7693946361541748
9.180000305175781,-0.035088058561086655,-8.205690383911133,-0.04283447191119194,-1.748029351234436
9.1850004196167,-0.007212481927126646,-8.078269958496094,0.027378086000680923,-1.7178298234939575
9.1899995803833,-0.01924966275691986,-7.975200653076172,-0.02471914328634739,-1.692173719406128
9.194999694824219,-0.022669430822134018,-7.8575439453125,0.013313225470483303,-1.6706905364990234
9.199999809265137,-0.02301439456641674,-7.7172465324401855,-0.025582745671272278,-1.6490750312805176
9.204999923706055,-0.028825674206018448,-7.580179691314697,0.007776007987558842,-1.623426079750061
9.210000038146973,-0.02837788686156273,-7.438537120819092,-0.017661310732364655,-1.6019428968429565
9.21500015258789,-0.02359817363321781,-7.333698749542236,-0.06885430216789246,-1.58461594581604
9.220000267028809,-0.026679612696170807,-7.238413333892822,-0.018799230456352234,-1.5589741468429565
9.225000381469727,-0.030507361516356468,-7.147530555725098,0.033541835844516754,-1.5417866706848145
9.229999542236328,-0.027309831231832504,-7.038016319274902,0.0054154954850673676,-1.52030348777771
9.234999656677246,-0.003321709344163537,-6.923232555389404,0.018758997321128845,-1.5031160116195679
9.239999771118164,-0.026878628879785538,-6.831423759460449,-0.01700090803205967,-1.4859286546707153
9.244999885559082,-0.012887769378721714,-6.700337886810303,0.01845758594572544,-1.4644454717636108
9.25,-0.015047098509967327,-6.647332191467285,0.0018323956755921245,-1.4517099857330322
9.255000114440918,0.0062178149819374084,-6.573466777801514,0.04706144705414772,-1.4428011178970337
9.260000228881836,0.0063140057027339935,-6.495026111602783,0.0055577377788722515,-1.4214743375778198
9.265000343322754,0.004579245578497648,-6.432186603546143,-0.005147544667124748,-1.404450535774231
9.270000457763672,0.006456634495407343,-6.368046760559082,-0.0233610849827528,-1.3913975954055786
9.274999618530273,-0.007461253087967634,-6.306807041168213,-0.006278693675994873,-1.3828012943267822
9.279999732971191,0.007047051098197699,-6.248579502105713,0.006824353709816933,-1.3743760585784912
9.28499984741211,0.029545865952968597,-6.179078578948975,0.03902824968099594,-1.3656113147735596
9.289999961853027,0.014231545850634575,-6.1439995765686035,0.03278999403119087,-1.3528952598571777
9.295000076293945,0.023757802322506905,-6.122898101806641,-0.04052814468741417,-1.3485995531082153
9.300000190734863,0.025323398411273956,-6.100627899169922,-0.009319928474724293,-1.3398276567459106
9.305000305175781,0.03222263604402542,-6.056758403778076,-0.03347708657383919,-1.3312315940856934
9.3100004196167,0.02702498994767666,-6.050093173980713,-0.05839962884783745,-1.322820782661438
9.3149995803833,0.02624550648033619,-5.984231472015381,-0.03741917386651039,-1.3142293691635132
9.319999694824219,0.04970955103635788,-6.018961429595947,-0.05317060276865959,-1.318524956703186
9.324999809265137,0.04549040272831917,-6.007626533508301,0.03456122800707817,-1.3142293691635132
9.329999923706055,0.04931151866912842,-6.00372314453125,0.0043656290508806705,-1.3142293691635132
9.335000038146973,0.05800522491335869,-6.0433430671691895,0.043725572526454926,-1.3142293691635132
9.34000015258789,0.0671168640255928,-6.027751445770264,0.04459594562649727,-1.3099337816238403
9.345000267028809,0.05229676887392998,-6.050699234008789,0.013767039403319359,-1.318524956703186
9.350000381469727,0.06266221404075623,-6.0634684562683105,0.020594576373696327,-1.3142293691635132
9.354999542236328,0.054230544716119766,-6.1211700439453125,-0.01629647985100746,-1.3271163702011108
9.359999656677246,0.05268484726548195,-6.158590793609619,0.009916388429701328,-1.327325701713562
9.364999771118164,0.03939718008041382,-6.219766139984131,-0.00712874811142683,-1.3402175903320312
9.369999885559082,0.05504319816827774,-6.266424655914307,0.004843149334192276,-1.3485995531082153
9.375,0.05975325033068657,-6.345227241516113,0.055514588952064514,-1.3528951406478882
9.380000114440918,0.044117189943790436,-6.381743431091309,-0.029985422268509865,-1.3617056608200073
9.385000228881836,0.03870726004242897,-6.454006195068359,-0.005076424218714237,-1.3700803518295288
9.390000343322754,0.06682165712118149,-6.527793884277344,-0.01948672905564308,-1.3831912279129028
9.395000457763672,0.06062228977680206,-6.6029953956604,0.0023607169277966022,-1.3917872905731201
9.399999618530273,0.03630910813808441,-6.700395107269287,0.02820105291903019,-1.4089748859405518
9.404999732971191,0.038982562720775604,-6.79428768157959,0.028112998232245445,-1.4216357469558716
9.40999984741211,0.023555468767881393,-6.876194953918457,0.017736222594976425,-1.4304604530334473
9.414999961853027,0.04530797153711319,-6.982696533203125,-0.04129692167043686,-1.4433521032333374
9.420000076293945,0.036919429898262024,-7.1092352867126465,0.015666961669921875,-1.4691311120986938
9.425000190734863,0.01808583177626133,-7.219111919403076,0.04430130496621132,-1.482022762298584
9.430000305175781,0.03535383194684982,-7.3177595138549805,0.019642921164631844,-1.499210238456726
9.4350004196167,0.03287938982248306,-7.405732154846191,0.033054158091545105,-1.5166431665420532
9.4399995803833,0.025582121685147285,-7.529098987579346,-0.0019572952296584845,-1.542178988456726
9.444999694824219,0.04297947883605957,-7.6636857986450195,-0.014156101271510124,-1.5593664646148682
9.449999809265137,0.019618257880210876,-7.802816867828369,0.036870937794446945,-1.5808496475219727
9.454999923706055,0.02237463928759098,-7.944327354431152,0.06726635247468948,-1.6025878190994263
9.460000038146973,0.02118717133998871,-8.098015785217285,0.029237374663352966,-1.628114104270935
9.46500015258789,0.007392012979835272,-8.210785865783691,0.01519621629267931,-1.6581885814666748
9.470000267028809,0.001179380458779633,-8.342368125915527,0.10110263526439667,-1.6753761768341064
9.475000381469727,0.01086484920233488,-8.476633071899414,0.043959252536296844,-1.6971241235733032
9.479999542236328,-0.012456567026674747,-8.612218856811523,0.023503731936216354,-1.722907543182373
9.484999656677246,-0.005252169445157051,-8.755420684814453,0.045300375670194626,-1.7484216690063477
9.489999771118164,0.0017100912518799305,-8.945740699768066,-0.0007380922324955463,-1.7744723558425903
9.494999885559082,-0.0020745398942381144,-9.141570091247559,0.06242340803146362,-1.7999818325042725
9.5,-0.007494421675801277,-9.321483612060547,0.03294917196035385,-1.8260372877120972
9.505000114440918,-0.0032885398250073195,-9.454535484313965,0.05856259539723396,-1.8558374643325806
9.510000228881836,-0.02598968893289566,-9.561776161193848,0.07110007107257843,-1.877602219581604
9.515000343322754,-0.02332618460059166,-9.713299751281738,-0.02473607286810875,-1.903101921081543
9.520000457763672,-0.024480478838086128,-9.871109008789062,0.014654348604381084,-1.9331763982772827
9.524999618530273,-0.014310737140476704,-10.012469291687012,0.010194094851613045,-1.9549484252929688
9.529999732971191,-0.017126820981502533,-10.159740447998047,0.01126767322421074,-1.9761450290679932
9.53499984741211,-0.0018191346898674965,-10.287983894348145,-0.00388770061545074,-2.0022175312042236
9.539999961853027,-0.018483448773622513,-10.452997207641602,0.00012889673234894872,-2.023409605026245
9.545000076293945,-0.04283975064754486,-10.600654602050781,-0.0033526066690683365,-2.0537824630737305
9.550000190734863,-0.03146927431225777,-10.76264476776123,-0.005977280903607607,-2.0881574153900146
9.555000305175781,-0.03214924782514572,-10.871030807495117,-0.005929866340011358,-2.113637685775757
9.5600004196167,-0.024709349498152733,-11.031509399414062,-0.058331895619630814,-2.1394166946411133
9.5649995803833,-0.009511122480034828,-11.153525352478027,-0.00854776706546545,-2.156912088394165
9.569999694824219,-0.009099822491407394,-11.278956413269043,-0.029650140553712845,-2.1869914531707764
9.574999809265137,-0.004260404501110315,-11.414258003234863,-0.012229079380631447,-2.2124621868133545
9.579999923706055,-0.004466054495424032,-11.5274658203125,-0.027367522940039635,-2.238241195678711
9.585000038146973,0.02514096535742283,-11.664401054382324,-0.014088368974626064,-2.2600417137145996
9.59000015258789,0.015773924067616463,-11.755799293518066,0.017245154827833176,-2.2898011207580566
9.595000267028809,0.025333350524306297,-11.898942947387695,-0.029927849769592285,-2.3026931285858154
9.600000381469727,0.005836366675794125,-11.968281745910645,0.0041590407490730286,-2.333092451095581
9.604999542236328,0.01757833920419216,-12.083976745605469,-0.06345932185649872,-2.358548641204834
9.609999656677246,0.02878960222005844,-12.199492454528809,-0.009617956355214119,-2.3714404106140137
9.614999771118164,0.0017200418515130877,-12.318363189697266,-0.07836747169494629,-2.3975515365600586
9.619999885559082,0.030192669481039047,-12.419815063476562,0.033132050186395645,-2.4140748977661133
9.625,0.03242828696966171,-12.520977020263672,0.06772354990243912,-2.427635431289673
9.630000114440918,0.05665522813796997,-12.612683296203613,0.005185204558074474,-2.4573755264282227
9.635000228881836,0.005471502430737019,-12.748141288757324,-0.020106490701436996,-2.465630054473877
9.640000343322754,0.014878349378705025,-12.89396858215332,0.00863961223512888,-2.4745655059814453
9.645000457763672,0.019668012857437134,-12.980294227600098,0.026443367823958397,-2.4963951110839844
9.649999618530273,-0.00958409532904625,-13.045620918273926,-0.010027743875980377,-2.5171852111816406
9.654999732971191,0.017223428934812546,-13.11384105682373,0.08418618142604828,-2.530423641204834
9.65999984741211,0.016089031472802162,-13.222785949707031,0.07205510884523392,-2.539019823074341
9.664999961853027,-0.003179080318659544,-13.275885581970215,0.052405621856451035,-2.5558512210845947
9.670000076293945,-0.0008306863601319492,-13.321557998657227,0.08644510060548782,-2.5648012161254883
9.675000190734863,-0.0027312946040183306,-13.377915382385254,0.06968444585800171,-2.581988573074341
9.680000305175781,-0.00497022969648242,-13.425701141357422,0.06095358729362488,-2.585925579071045
9.6850004196167,-0.02636781893670559,-13.495857238769531,0.09188409894704819,-2.5905873775482178
9.6899995803833,-0.014151522889733315,-13.529363632202148,0.06839749962091446,-2.5988149642944336
9.694999694824219,-0.030182303860783577,-13.59015941619873,0.03843896836042404,-2.6074061393737793
9.699999809265137,-0.04878039285540581,-13.603609085083008,0.08700051158666611,-2.612074851989746
9.704999923706055,-0.05489020049571991,-13.618369102478027,0.047169819474220276,-2.620295763015747
9.710000038146973,-0.014469950459897518,-13.630667686462402,0.015707604587078094,-2.620295763015747
9.71500015258789,-0.01568726822733879,-13.628865242004395,0.08051841706037521,-2.62459135055542
9.720000267028809,-0.040607452392578125,-13.652344703674316,0.07456464320421219,-2.62459135055542
9.725000381469727,-0.016284316778182983,-13.610881805419922,0.028055423870682716,-2.6288869380950928
9.729999542236328,-0.03286239132285118,-13.608759880065918,0.004497707821428776,-2.6288869380950928
9.734999656677246,-0.025319665670394897,-13.592447280883789,0.06437413394451141,-2.6335723400115967
9.739999771118164,-0.03721421957015991,-13.549078941345215,0.039353374391794205,-2.6327927112579346
9.744999885559082,-0.054200273007154465,-13.48580551147461,0.0535164512693882,-2.620295524597168
9.75,0.0016138998325914145,-13.450510025024414,0.02269092947244644,-2.620295524597168
9.755000114440918,-0.01347818411886692,-13.402804374694824,0.03046334907412529,-2.620295524597168
9.760000228881836,-0.009978811256587505,-13.363520622253418,-0.07649463415145874,-2.611302614212036
9.765000343322754,0.031343650072813034,-13.311893463134766,-0.035614077001810074,-2.6031107902526855
9.770000457763672,-0.006764695513993502,-13.235595703125,-0.07151622325181961,-2.5941126346588135
9.774999618530273,0.015538422390818596,-13.151573181152344,0.019981589168310165,-2.585925817489624
9.779999732971191,0.006854667328298092,-13.097734451293945,-0.04841909930109978,-2.57692289352417
9.78499984741211,-0.015461715869605541,-13.023324012756348,-0.02597559615969658,-2.564030885696411
9.789999961853027,-0.002339894650503993,-12.977081298828125,0.031790923327207565,-2.54725980758667
9.795000076293945,0.02488224394619465,-12.809998512268066,0.029003694653511047,-2.5378310680389404
9.800000190734863,0.019538652151823044,-12.702625274658203,0.03469669446349144,-2.5214807987213135
9.805000305175781,0.031068341806530952,-12.610782623291016,0.08508026599884033,-2.5081703662872314
9.8100004196167,0.034846339374780655,-12.49527359008789,-0.02545066364109516,-2.4952785968780518
9.8149995803833,0.0005259434110485017,-12.40738582611084,0.002191381063312292,-2.4737954139709473
9.819999694824219,0.012248014099895954,-12.289653778076172,-0.02515602484345436,-2.4566078186035156
9.824999809265137,0.03462741896510124,-12.186012268066406,0.1062774732708931,-2.443715810775757
9.829999923706055,0.02307119593024254,-12.070611953735352,0.022335324436426163,-2.4222328662872314
9.835000038146973,0.02081567421555519,-11.957468032836914,0.10666355490684509,-2.4003117084503174
9.84000015258789,0.04445220157504082,-11.870258331298828,0.06483472138643265,-2.379704475402832
9.845000267028809,0.023134218528866768,-11.754969596862793,0.10762536525726318,-2.361636161804199
9.850000381469727,-0.025876913219690323,-11.651528358459473,0.07707754522562027,-2.3362977504730225
9.854999542236328,0.005454918835312128,-11.524815559387207,0.07171644270420074,-2.3143670558929443
9.859999656677246,-0.0035737964790314436,-11.4017915725708,0.0491882786154747,-2.2933292388916016
9.864999771118164,0.024149201810359955,-11.26484203338623,0.10817061364650726,-2.267550230026245
9.869999885559082,-0.000508942932356149,-11.141697883605957,0.03233956918120384,-2.2503628730773926
9.875,0.0015575112774968147,-10.9985933303833,0.07039564102888107,-2.2241268157958984
9.880000114440918,0.008994095027446747,-10.865614891052246,0.06826203316450119,-2.1988027095794678
9.885000228881836,-0.002256970852613449,-10.741351127624512,0.047423820942640305,-2.1811532974243164
9.890000343322754,0.014928104355931282,-10.566415786743164,0.09296783804893494,-2.151073932647705
9.895000457763672,-0.005961994174867868,-10.411147117614746,0.11048033833503723,-2.1257569789886475
9.899999618530273,0.008095203898847103,-10.253308296203613,0.017482222989201546,-2.0952134132385254
9.904999732971191,-0.010924139991402626,-10.110401153564453,0.08103995770215988,-2.06990122795105
9.90999984741211,-0.011444899253547192,-9.95212173461914,0.07604800164699554,-2.0441226959228516
9.914999961853027,-0.017538122832775116,-9.84171199798584,-0.013373778201639652,-2.022162914276123
9.920000076293945,0.001162795932032168,-9.71140193939209,0.04421325773000717,-1.99685800075531
9.925000190734863,-0.015047097578644753,-9.551342010498047,0.05998838692903519,-1.9748936891555786
9.930000305175781,-0.01802239567041397,-9.436399459838867,-0.008036378771066666,-1.9495937824249268
9.9350004196167,-0.029522230848670006,-9.300934791564941,-0.011473855003714561,-1.9233288764953613
9.9399995803833,-0.01944536156952381,-9.099761009216309,0.043996505439281464,-1.8975450992584229
9.944999694824219,-0.017219694331288338,-8.917352676391602,0.020249133929610252,-1.8679568767547607
9.949999809265137,-0.0341360978782177,-8.78934383392334,0.04125329852104187,-1.8421779870986938
9.954999923706055,-0.0013613970950245857,-8.611016273498535,-0.04217745363712311,-1.8201990127563477
9.960000038146973,-0.020112069323658943,-8.488916397094727,-0.04149334505200386,-1.7906179428100586
9.96500015258789,-0.022384172305464745,-8.348714828491211,-0.07342631369829178,-1.7686342000961304
9.970000267028809,-0.019777055829763412,-8.209444046020508,0.006550034042447805,-1.7433534860610962
9.975000381469727,-0.004223918076604605,-8.114365577697754,-0.03576986864209175,-1.7170692682266235
9.979999542236328,0.010138439945876598,-7.97460412979126,-0.025501463562250137,-1.6965968608856201
9.984999656677246,-0.02566794492304325,-7.84658145904541,-0.0044871424324810505,-1.674098253250122
9.989999771118164,-0.0006051340023986995,-7.698551177978516,-0.014694582670927048,-1.6526103019714355
9.994999885559082,-0.005252169445157051,-7.596499443054199,-0.0232628732919693,-1.627341628074646
10,0.010141757316887379,-7.448123931884766,-0.003674339037388563,-1.6015626192092896
10.005000114440918,0.031655438244342804,-7.356139183044434,0.043407220393419266,-1.5886709690093994
10.010000228881836,0.017263229936361313,-7.237252235412598,-0.08742682635784149,-1.5623698234558105
10.015000343322754,0.031078292056918144,-7.1633687019348145,-0.07491306215524673,-1.5462267398834229
10.020000457763672,0.006702088285237551,-7.086822986602783,-0.0838979110121727,-1.5285171270370483
10.024999618530273,0.006294104270637035,-6.947847843170166,-0.016303252428770065,-1.5113295316696167
10.029999732971191,0.027439607307314873,-6.866421699523926,-0.011467080563306808,-1.4936102628707886
10.03499984741211,0.006612530909478664,-6.772766590118408,-0.06222657486796379,-1.4731909036636353
10.039999961853027,-0.016357289627194405,-6.670344352722168,-0.029358886182308197,-1.4640629291534424
10.045000076293945,0.008712154813110828,-6.616942882537842,-0.02672405168414116,-1.4511709213256836
10.050000190734863,0.02534330077469349,-6.5608673095703125,-0.020197929814457893,-1.4296879768371582
10.055000305175781,0.023907065391540527,-6.481312274932861,0.0010940991342067719,-1.4210917949676514
10.0600004196167,0.020580172538757324,-6.411109447479248,0.022694315761327744,-1.4044504165649414
10.0649995803833,0.007272602524608374,-6.366168975830078,-0.027699416503310204,-1.395310401916504
10.069999694824219,-0.000369631452485919,-6.324922561645508,-0.015849439427256584,-1.3829697370529175
10.074999809265137,-0.004857453517615795,-6.242520809173584,0.017146939411759377,-1.3781205415725708
10.079999923706055,-0.005922191310673952,-6.221541881561279,0.015985311940312386,-1.3743760585784912
10.085000038146973,0.009690653532743454,-6.191064357757568,0.016242699697613716,-1.361488938331604
10.09000015258789,0.010884751565754414,-6.174466609954834,0.00935081485658884,-1.3566325902938843
10.095000267028809,-0.00439971499145031,-6.1685028076171875,-0.07136382162570953,-1.343740701675415
10.100000381469727,-0.00023031956516206264,-6.13728666305542,-0.02206398732960224,-1.3448669910430908
10.104999542236328,0.005083420779556036,-6.114548683166504,-0.05218508094549179,-1.3394402265548706
10.109999656677246,0.014476999640464783,-6.1298112869262695,0.006929342169314623,-1.3314143419265747
10.114999771118164,0.030030138790607452,-6.127018928527832,0.0009112174739129841,-1.335710048675537
10.119999885559082,-0.011915904469788074,-6.136453151702881,0.0243808813393116,-1.3314143419265747
10.125,0.00921633094549179,-6.1181745529174805,0.023923680186271667,-1.335710048675537
10.130000114440918,0.010967674665153027,-6.162843704223633,-0.021349402144551277,-1.3400057554244995
10.135000228881836,0.027960367500782013,-6.171308517456055,-0.0033221261110156775,-1.3314143419265747
10.140000343322754,-0.0009401450515724719,-6.1908135414123535,-0.017735816538333893,-1.3362948894500732
10.145000457763672,0.007607612758874893,-6.2369771003723145,-0.006637680809944868,-1.3480123281478882
10.149999618530273,0.006247667130082846,-6.2643537521362305,-0.05686546489596367,-1.3405953645706177
10.154999732971191,-0.0052123661153018475,-6.321019172668457,-0.009536675177514553,-1.3485995531082153
10.15999984741211,0.004161311313509941,-6.382848262786865,-0.019852489233016968,-1.3571908473968506
10.164999961853027,0.016437312588095665,-6.424237251281738,0.007027554325759411,-1.3620834350585938
10.170000076293945,-0.0015073419781401753,-6.489516258239746,-0.0831054300069809,-1.3743760585784912
10.175000190734863,-0.002963479608297348,-6.550498008728027,-0.009391048923134804,-1.387864589691162
10.180000305175781,-0.004336693324148655,-6.614116668701172,-0.06061451509594917,-1.396460771560669
10.1850004196167,0.002837850945070386,-6.658348560333252,-0.029968490824103355,-1.4093526601791382
10.1899995803833,-0.004807699006050825,-6.806801795959473,-0.0795697420835495,-1.4173399209976196
10.194999694824219,-0.009126356802880764,-6.903615474700928,-0.04637354239821434,-1.4308382272720337
10.199999809265137,0.007959209382534027,-6.965600967407227,-0.03889238089323044,-1.4480255842208862
10.204999923706055,-0.002996648894622922,-7.07149600982666,-0.008957553654909134,-1.4566218852996826
10.210000038146973,0.0005292598507367074,-7.167526721954346,-0.0032679387368261814,-1.4738094806671143
10.21500015258789,0.020782506093382835,-7.278491497039795,0.019561640918254852,-1.4909967184066772
10.220000267028809,0.030418220907449722,-7.346742153167725,0.0028856503777205944,-1.521071195602417
10.225000381469727,-0.01120939664542675,-7.478675842285156,-0.025078129023313522,-1.5296673774719238
10.229999542236328,0.0021213917061686516,-7.620724678039551,-0.04749453440308571,-1.546854853630066
10.234999656677246,0.013919753022491932,-7.72591495513916,-0.023801352828741074,-1.5732643604278564
10.239999771118164,0.006725306622684002,-7.842846870422363,0.024035438895225525,-1.5941193103790283
10.244999885559082,0.005083420313894749,-7.974611282348633,0.024628106504678726,-1.6113067865371704
10.25,0.007232798729091883,-8.106589317321777,-0.024302581325173378,-1.6370856761932373
10.255000114440918,0.011176642030477524,-8.249979019165039,0.010495511814951897,-1.654273271560669
10.260000228881836,0.007388695143163204,-8.357474327087402,0.012232874520123005,-1.6849901676177979
10.265000343322754,0.01704763062298298,-8.466914176940918,0.020784232765436172,-1.7058331966400146
10.270000457763672,0.0017001406522467732,-8.602293014526367,0.040044255554676056,-1.7230205535888672
10.274999618530273,0.015438912436366081,-8.789021492004395,0.05814603343605995,-1.7451536655426025
10.279999732971191,0.0019953481387346983,-8.933938026428223,0.029647158458828926,-1.7795284986495972
10.28499984741211,0.015621344558894634,-9.127304077148438,0.0881519764661789,-1.8089531660079956
10.289999961853027,-0.00949122104793787,-9.298701286315918,0.08682440221309662,-1.8304364681243896
10.295000076293945,0.00624103331938386,-9.416297912597656,0.11020262539386749,-1.848942756652832
10.300000190734863,0.026341700926423073,-9.53283405303955,0.08158522099256516,-1.881998896598816
10.305000305175781,0.025784453377127647,-9.658670425415039,0.08123300224542618,-1.90348219871521
10.3100004196167,0.011760424822568893,-9.820068359375,-0.007972031831741333,-1.9299275875091553
10.3149995803833,0.01490820199251175,-9.98897933959961,0.07689467072486877,-1.9593379497528076
10.319999694824219,0.012523320503532887,-10.092960357666016,0.08952359110116959,-1.9814924001693726
10.324999809265137,0.000923976709600538,-10.228727340698242,0.07583464682102203,-2.0072760581970215
10.329999923706055,0.003464753506705165,-10.386068344116211,0.06431656330823898,-2.0409748554229736
10.335000038146973,0.03819644823670387,-10.558393478393555,0.04203900694847107,-2.062458038330078
10.34000015258789,0.025893913581967354,-10.723278045654297,0.06645354628562927,-2.0882368087768555
10.345000267028809,0.01801949180662632,-10.871004104614258,0.06981651484966278,-2.110403537750244
10.350000381469727,0.03732077404856682,-11.001811027526855,0.03764987364411354,-2.1397969722747803
10.354999542236328,0.040551476180553436,-11.140042304992676,0.08593370765447617,-2.156984329223633
10.359999656677246,0.026076342910528183,-11.247038841247559,-0.004798716865479946,-2.1748623847961426
10.364999771118164,-0.007514323573559523,-11.396873474121094,-0.00015897242701612413,-2.2042489051818848
10.369999885559082,0.0047683110460639,-11.53287410736084,0.0367896594107151,-2.2264275550842285
10.375,0.015326136723160744,-11.645916938781738,0.03943803533911705,-2.2515132427215576
10.380000114440918,0.0012656208127737045,-11.78270435333252,-0.041957318782806396,-2.2779922485351562
10.385000228881836,-0.0014542711433023214,-11.890582084655762,-0.01839960552752018,-2.2987775802612305
10.390000343322754,-0.013348824344575405,-11.969572067260742,-0.021139424294233322,-2.320260763168335
10.395000457763672,-0.013192927464842796,-12.093515396118164,-0.028969421982765198,-2.342451333999634
10.399999618530273,-0.00991247221827507,-12.191756248474121,-0.027817951515316963,-2.3718206882476807
10.404999732971191,-0.014022164046764374,-12.305337905883789,-0.03972889110445976,-2.3847124576568604
10.40999984741211,-0.0467902310192585,-12.406515121459961,-0.027174482122063637,-2.406195640563965
10.414999961853027,-0.02579067274928093,-12.503138542175293,-0.010010809637606144,-2.4190876483917236
10.420000076293945,-0.02993684820830822,-12.606034278869629,-0.04744035005569458,-2.4441466331481934
10.425000190734863,-0.063597172498703,-12.719676971435547,0.009110361337661743,-2.4534599781036377
10.430000305175781,-0.04788150265812874,-12.839516639709473,-0.0518057756125927,-2.471372127532959
10.4350004196167,-0.04302218183875084,-12.958085060119629,-0.016032319515943527,-2.487837314605713
10.4399995803833,-0.04483987018465996,-13.03088665008545,0.028387319296598434,-2.508591651916504
10.444999694824219,-0.048259634524583817,-13.096768379211426,-0.0252339169383049,-2.5179145336151123
10.449999809265137,-0.033330079168081284,-13.147937774658203,-0.03377511352300644,-2.530806303024292
10.454999923706055,-0.019654329866170883,-13.223931312561035,-0.037723977118730545,-2.543698310852051
10.460000038146973,-0.007915673777461052,-13.252654075622559,0.035062454640865326,-2.5565898418426514
10.46500015258789,-0.011537774465978146,-13.325536727905273,-0.05233748257160187,-2.5730361938476562
10.470000267028809,-0.022244861349463463,-13.366681098937988,-0.03326034173369408,-2.578075647354126
10.475000381469727,-0.015763556584715843,-13.404356002807617,-0.012767566367983818,-2.585925817489624
10.479999542236328,-0.02112041972577572,-13.459137916564941,0.03750763460993767,-2.5909698009490967
10.484999656677246,-0.020447079092264175,-13.4857177734375,0.024902429431676865,-2.6031107902526855
10.489999771118164,-0.0108179971575737,-13.523351669311523,0.015213148668408394,-2.6081595420837402
10.494999885559082,-0.022987857460975647,-13.536604881286621,0.020567484200000763,-2.615999937057495
10.5,-0.037943944334983826,-13.529647827148438,0.08583549410104752,-2.620295763015747
10.505000114440918,-0.014854717068374157,-13.533917427062988,0.07784294337034225,-2.623830795288086
10.510000228881836,0.011017429642379284,-13.531450271606445,0.09104081243276596,-2.617523431777954
10.515000343322754,0.014569873921573162,-13.539982795715332,0.07855414599180222,-2.623063087463379
10.520000457763672,-0.010353625752031803,-13.53292179107666,0.04100268334150314,-2.616765260696411
10.524999618530273,0.013803659938275814,-13.51026439666748,0.0714251846075058,-2.62459135055542
10.529999732971191,0.0018792551709339023,-13.44857120513916,0.14392036199569702,-2.620295524597168
10.53499984741211,-0.0010263859294354916,-13.42849063873291,0.08077580481767654,-2.620295524597168
10.539999961853027,0.01847059838473797,-13.402841567993164,0.1033378317952156,-2.610927104949951
10.545000076293945,-0.019418828189373016,-13.330145835876465,0.08346143364906311,-2.6023309230804443
10.550000190734863,0.017465563490986824,-13.28652572631836,0.09835942089557648,-2.5995945930480957
10.555000305175781,-0.000290024938294664,-13.270796775817871,0.06254532188177109,-2.5937347412109375
10.5600004196167,0.008413630537688732,-13.185897827148438,0.049469370394945145,-2.576547622680664
10.5649995803833,0.005862901918590069,-13.122227668762207,0.06762872636318207,-2.5687406063079834
10.569999694824219,0.013253048062324524,-13.061737060546875,0.09088502079248428,-2.5593574047088623
10.574999809265137,-0.006224032957106829,-13.003066062927246,0.06054718792438507,-2.5507612228393555
10.579999923706055,-0.013173026032745838,-12.932616233825684,0.09122369438409805,-2.538666248321533
10.585000038146973,-0.0006283528637140989,-12.827083587646484,0.03952948376536369,-2.52927565574646
10.59000015258789,0.0018162336200475693,-12.668219566345215,0.07622750103473663,-2.5171852111816406
10.595000267028809,-0.02559497207403183,-12.564717292785645,0.042066097259521484,-2.506986141204834
10.600000381469727,-0.0299998689442873,-12.483319282531738,0.029020626097917557,-2.482008695602417
10.604999542236328,-0.042415183037519455,-12.372795104980469,0.00015599139442201704,-2.4648213386535645
10.609999656677246,-0.034126147627830505,-12.243812561035156,-0.023445751518011093,-2.447633743286133
10.614999771118164,-0.005530792288482189,-12.167584419250488,-0.028017764911055565,-2.4261507987976074
10.619999885559082,-0.046621065586805344,-12.072957038879395,0.021817166358232498,-2.408963203430176
10.625,-0.04667413607239723,-11.964180946350098,-0.027983898296952248,-2.3952531814575195
10.630000114440918,-0.042080171406269073,-11.864900588989258,-0.004466821905225515,-2.3711109161376953
10.635000228881836,-0.03406312316656113,-11.740754127502441,0.030673325061798096,-2.3522820472717285
10.640000343322754,-0.0532151460647583,-11.608238220214844,0.01362141314893961,-2.3273239135742188
10.645000457763672,-0.04133717715740204,-11.491241455078125,0.03754488751292229,-2.3058409690856934
10.649999618530273,-0.03254396468400955,-11.36572551727295,-0.014071433804929256,-2.284357786178589
10.654999732971191,-0.059540554881095886,-11.246479034423828,0.003112558741122484,-2.2620418071746826
10.65999984741211,-0.04583495110273361,-11.139134407043457,0.047149501740932465,-2.241389036178589
10.664999961853027,-0.025502096861600876,-11.006302833557129,0.06522757560014725,-2.2147727012634277
10.670000076293945,-0.05117190629243851,-10.854948997497559,0.0665043517947197,-2.189828872680664
10.675000190734863,-0.042415183037519455,-10.712364196777344,0.07050401717424393,-2.1717989444732666
10.680000305175781,-0.03500181809067726,-10.526839256286621,0.016459446400403976,-2.142564296722412
10.6850004196167,-0.021541669964790344,-10.389042854309082,0.046580541878938675,-2.1167855262756348
10.6899995803833,-0.00965706817805767,-10.208627700805664,0.06550189107656479,-2.0944528579711914
10.694999694824219,-0.0045489780604839325,-10.081838607788086,0.04589642956852913,-2.065225601196289
10.699999809265137,-0.03964885696768761,-9.935025215148926,0.06281287223100662,-2.0437424182891846
10.704999923706055,0.0024763045366853476,-9.775463104248047,0.09287639707326889,-2.021402359008789
10.710000038146973,0.0016636537620797753,-9.6380033493042,0.05129140242934227,-1.9999144077301025
10.71500015258789,0.013398994691669941,-9.525839805603027,0.09574151784181595,-1.9664011001586914
10.720000267028809,-0.0019153261091560125,-9.40179443359375,0.05740435793995857,-1.9449177980422974
10.725000381469727,0.003766594920307398,-9.245808601379395,0.11163519322872162,-1.9225683212280273
10.729999542236328,0.0051895626820623875,-9.057321548461914,0.10328026115894318,-1.8976534605026245
10.734999656677246,-0.0006781063857488334,-8.916150093078613,0.0911085456609726,-1.8667079210281372
10.739999771118164,-0.0014111509080976248,-8.753926277160645,0.10682611167430878,-1.8460932970046997
10.744999885559082,0.00894434005022049,-8.588460922241211,0.07968190312385559,-1.8194385766983032
10.75,0.023253627121448517,-8.461844444274902,0.09869131445884705,-1.7945332527160645
10.755000114440918,0.040090419352054596,-8.334882736206055,0.05104079470038414,-1.767873764038086
10.760000228881836,0.023618491366505623,-8.22342300415039,0.023507118225097656,-1.7386775016784668
10.765000343322754,0.0336986742913723,-8.114453315734863,0.0885583832859993,-1.725785732269287
10.770000457763672,0.0355793833732605,-7.966325759887695,0.015473923645913601,-1.6991190910339355
10.774999618530273,0.017933251336216927,-7.885672569274902,0.06615891307592392,-1.6742256879806519
10.779999732971191,0.00032692585955373943,-7.7241291999816895,0.0411178320646286,-1.652742624282837
10.78499984741211,0.02030486799776554,-7.602964401245117,0.015192828141152859,-1.6398508548736572
10.789999961853027,0.03242165595293045,-7.454741954803467,0.04775571450591087,-1.6140718460083008
10.795000076293945,0.016284732148051262,-7.383872032165527,0.03739926218986511,-1.601180076599121
10.800000190734863,0.017492098733782768,-7.244777679443359,0.05979873239994049,-1.5787944793701172
10.805000305175781,-0.0045423442497849464,-7.161352634429932,-0.02249748446047306,-1.5496200323104858
10.8100004196167,0.01092787180095911,-7.109556674957275,-0.01505357027053833,-1.5324325561523438
10.8149995803833,-0.007315307389944792,-6.977705001831055,-0.01183622982352972,-1.523836374282837
10.819999694824219,-0.0029734300915151834,-6.889698505401611,0.00031516287708655,-1.4937620162963867
10.824999809265137,-0.0007444455986842513,-6.810041427612305,0.031198257580399513,-1.480870008468628
10.829999923706055,-0.0006051342934370041,-6.704217433929443,0.01340466644614935,-1.4679782390594482
10.835000038146973,-0.014904470182955265,-6.651605129241943,-0.005330424290150404,-1.4550864696502686
10.84000015258789,0.0020782719366252422,-6.581653594970703,-0.029494354501366615,-1.4378989934921265
10.845000267028809,-0.005577229429036379,-6.493951797485352,0.016100458800792694,-1.416415810585022
10.850000381469727,-0.02223491109907627,-6.43813419342041,0.04182225838303566,-1.4087462425231934
10.854999542236328,0.01516692340373993,-6.421797275543213,-0.007182936184108257,-1.3949302434921265
10.859999656677246,-0.012320570647716522,-6.379181861877441,-0.04800931364297867,-1.3872654438018799
10.864999771118164,-0.0012254022294655442,-6.2991557121276855,0.013773813843727112,-1.3777403831481934
10.869999885559082,-0.004970229230821133,-6.269070625305176,-0.09008536487817764,-1.3648484945297241
10.875,-0.018844997510313988,-6.252811908721924,-0.029077794402837753,-1.3614866733551025
10.880000114440918,-0.004127726424485445,-6.220447540283203,-0.06885768473148346,-1.3571908473968506
10.885000228881836,0.009199746884405613,-6.211416244506836,-0.06132233142852783,-1.3485995531082153
10.890000343322754,0.001759845414198935,-6.1964287757873535,-0.06718805432319641,-1.344303846359253
10.895000457763672,-0.01625778153538704,-6.188654899597168,-0.101826973259449,-1.343355655670166
10.899999618530273,-0.015601027756929398,-6.165510654449463,-0.0728810578584671,-1.340005874633789
10.904999732971191,-0.02416868694126606,-6.174714088439941,-0.10655137896537781,-1.3314144611358643
10.90999984741211,-0.005451185628771782,-6.202023029327393,-0.029352115467190742,-1.3314144611358643
10.914999961853027,-0.02099437452852726,-6.185642242431641,-0.01323153916746378,-1.3357101678848267
10.920000076293945,-0.024198539555072784,-6.188515663146973,-0.1049596443772316,-1.340965986251831
10.925000190734863,-0.028231941163539886,-6.227522850036621,-0.05474879592657089,-1.3485995531082153
10.930000305175781,-0.008267269469797611,-6.243744373321533,-0.059317417442798615,-1.3433388471603394
10.9350004196167,-0.004283622372895479,-6.314891815185547,0.0035968516021966934,-1.3452688455581665
10.9399995803833,-0.003746278118342161,-6.3621506690979,-0.05000067502260208,-1.3528951406478882
10.944999694824219,-0.011119838804006577,-6.38560676574707,-0.054108716547489166,-1.3571909666061401
10.949999809265137,-0.004442835692316294,-6.434477806091309,-0.07800848037004471,-1.3667569160461426
10.954999923706055,-0.002074539428576827,-6.483897686004639,-0.013868234120309353,-1.3796486854553223
10.960000038146973,-0.019123617559671402,-6.558448314666748,-0.0581151507794857,-1.3829697370529175
10.96500015258789,0.005670519080013037,-6.615512847900391,-0.052486494183540344,-1.396838665008545
10.970000267028809,-0.002150829415768385,-6.655159950256348,-0.034279726445674896,-1.4097304344177246
10.975000381469727,0.010563007555902004,-6.747869968414307,-0.045851998031139374,-1.4259312152862549
10.979999542236328,0.01345538254827261,-6.847411632537842,-0.08682738244533539,-1.435511589050293
10.984999656677246,0.0075711277313530445,-6.936631202697754,-0.07193617522716522,-1.4484034776687622
10.989999771118164,0.029025105759501457,-7.035048007965088,-0.08537787944078445,-1.4612953662872314
10.994999885559082,0.025522414594888687,-7.113894462585449,-0.05153483897447586,-1.4784828424453735
11,0.0015011237701401114,-7.202409267425537,-0.08737263828516006,-1.4999659061431885
11.005000114440918,0.016885098069906235,-7.317782878875732,-0.04921835660934448,-1.5171533823013306
11.010000228881836,0.032826319336891174,-7.420133590698242,-0.06600949168205261,-1.5300452709197998
11.015000343322754,0.004735141526907682,-7.521352291107178,-0.05592397227883339,-1.5472326278686523
11.020000457763672,0.03605038672685623,-7.634953498840332,-0.04449394345283508,-1.5687159299850464
11.024999618530273,0.01634775474667549,-7.754389762878418,-0.08285820484161377,-1.5912097692489624
11.029999732971191,0.01503756269812584,-7.897214412689209,-0.0819438025355339,-1.6116845607757568
11.03499984741211,0.010801827535033226,-8.020318031311035,-0.09517893195152283,-1.628872036933899
11.039999961853027,0.018626494333148003,-8.162510871887207,-0.11042574048042297,-1.6460596323013306
11.045000076293945,0.025883961468935013,-8.257068634033203,-0.09477930516004562,-1.6728588342666626
11.050000190734863,0.01991015113890171,-8.384064674377441,-0.08051462471485138,-1.6976197957992554
11.055000305175781,0.015767289325594902,-8.513664245605469,-0.07884837687015533,-1.7191027402877808
11.0600004196167,0.025310132652521133,-8.675200462341309,-0.09123006463050842,-1.7448816299438477
11.0649995803833,0.012629463337361813,-8.82065200805664,-0.11167542636394501,-1.7630990743637085
11.069999694824219,0.03858784958720207,-8.925551414489746,-0.09063739329576492,-1.7835546731948853
11.074999809265137,0.023034708574414253,-9.13608455657959,-0.06412988901138306,-1.8146640062332153
11.079999923706055,0.01069900207221508,-9.297247886657715,-0.10099723935127258,-1.8447433710098267
11.085000038146973,0.005896071437746286,-9.422943115234375,-0.06464127451181412,-1.8694872856140137
11.09000015258789,-0.005434601102024317,-9.584885597229004,-0.08101585507392883,-1.8952661752700806
11.095000267028809,0.0005557949189096689,-9.726924896240234,-0.10059760510921478,-1.917793869972229
11.100000381469727,0.006347175687551498,-9.863362312316895,-0.08879504352807999,-1.9468263387680054
11.104999542236328,0.002426550257951021,-10.013529777526855,-0.05078976973891258,-1.9693586826324463
11.109999656677246,-0.01859954185783863,-10.143677711486816,-0.11092358082532883,-1.9940905570983887
11.114999771118164,-0.018380623310804367,-10.28525161743164,-0.044138338416814804,-2.020923614501953
11.119999885559082,-0.0387565977871418,-10.441164016723633,-0.10219272971153259,-2.0456507205963135
11.125,-0.037738293409347534,-10.598397254943848,0.008304331451654434,-2.071429491043091
11.130000114440918,-0.032948631793260574,-10.77759838104248,-0.01077958568930626,-2.0939738750457764
11.135000228881836,-0.042030420154333115,-10.90507984161377,0.017919104546308517,-2.114398241043091
11.140000343322754,-0.043191347271203995,-11.022262573242188,-0.10694762319326401,-2.145538806915283
11.145000457763672,-0.03763547167181969,-11.190061569213867,0.02175959385931492,-2.1745498180389404
11.149999618530273,-0.04610030725598335,-11.314760208129883,-0.040595877915620804,-2.192808151245117
11.154999732971191,-0.03046092391014099,-11.426795959472656,0.015653416514396667,-2.2132227420806885
11.15999984741211,-0.05299291014671326,-11.548590660095215,0.04115847125649452,-2.239001750946045
11.164999961853027,-0.05294647067785263,-11.72470474243164,-0.0030918330885469913,-2.2658586502075195
11.170000076293945,-0.04030561074614525,-11.812382698059082,0.012408982962369919,-2.2862658500671387
11.175000190734863,-0.06789592653512955,-11.94080638885498,0.039725907146930695,-2.3088321685791016
11.180000305175781,-0.03361533582210541,-12.00944709777832,0.0316690057516098,-2.3335304260253906
11.1850004196167,-0.022835277020931244,-12.11294937133789,0.04056580364704132,-2.350717782974243
11.1899995803833,-0.045529793947935104,-12.245800971984863,-0.0062346686609089375,-2.3764967918395996
11.194999694824219,-0.026271628215909004,-12.335948944091797,0.04955742880702019,-2.3893885612487793
11.199999809265137,-0.005238901823759079,-12.4017915725708,0.05491514876484871,-2.4108715057373047
11.204999923706055,-0.023880112916231155,-12.501585960388184,0.071438729763031,-2.432354688644409
11.210000038146973,-0.04301886260509491,-12.597906112670898,0.012727329507470131,-2.449542284011841
11.21500015258789,-0.015342305414378643,-12.741527557373047,0.02458069659769535,-2.4667298793792725
11.220000267028809,-0.015269334428012371,-12.84079360961914,0.014244559220969677,-2.4807260036468506
11.225000381469727,0.01731630228459835,-12.919142723083496,0.03880811855196953,-2.500000238418579
11.229999542236328,-0.000774298096075654,-12.985831260681152,-0.01761728525161743,-2.5139966011047363
11.234999656677246,0.0033851468469947577,-13.052336692810059,0.03883521258831024,-2.518296957015991
11.239999771118164,-0.03160858899354935,-13.095033645629883,-0.08592653274536133,-2.539780378341675
11.244999885559082,0.0007448610849678516,-13.118388175964355,-0.04096502438187599,-2.5558512210845947
11.25,0.0002108345361193642,-13.169557571411133,-0.02068222500383854,-2.5612659454345703
11.255000114440918,0.0067584761418402195,-13.238431930541992,-0.0020216419361531734,-2.5730364322662354
11.260000228881836,0.029452992603182793,-13.270647048950195,-0.02009294368326664,-2.5827512741088867
11.265000343322754,0.0007514950702898204,-13.340811729431152,-0.018077870830893517,-2.5913476943969727
11.270000457763672,0.0029904311522841454,-13.3660306930542,-0.03765963017940521,-2.5945193767547607
11.274999618530273,0.003136376151815057,-13.374902725219727,-0.019398676231503487,-2.6031105518341064
11.279999732971191,-0.019594624638557434,-13.389009475708008,-0.03309100493788719,-2.6117019653320312
11.28499984741211,-0.006389881018549204,-13.425277709960938,0.011057700030505657,-2.6117019653320312
11.289999961853027,-0.0025753977242857218,-13.446510314941406,-0.06607722491025925,-2.612840175628662
11.295000076293945,-0.008701789192855358,-13.43295669555664,-0.02103782631456852,-2.62459135055542
11.300000190734863,-0.007152776699513197,-13.465487480163574,-0.050166621804237366,-2.620295763015747
11.305000305175781,-0.025810573250055313,-13.42446517944336,-0.022626176476478577,-2.620295763015747
11.3100004196167,-0.030994951725006104,-13.433926582336426,-0.021227478981018066,-2.62459135055542
11.3149995803833,-0.031124314293265343,-13.395184516906738,0.039275482296943665,-2.62459135055542
11.319999694824219,-0.0390717051923275,-13.374515533447266,-0.024624314159154892,-2.62459135055542
11.324999809265137,-0.02928672730922699,-13.38158130645752,0.00048788494314067066,-2.610549211502075
11.329999923706055,-0.01172683946788311,-13.31772518157959,-0.01682480238378048,-2.6031105518341064
11.335000038146973,-0.04107845574617386,-13.254361152648926,0.037876781076192856,-2.6031105518341064
11.34000015258789,-0.04615005850791931,-13.217032432556152,0.01993417553603649,-2.5976526737213135
11.345000267028809,-0.021412309259176254,-13.198029518127441,-0.016228748485445976,-2.585925579071045
11.350000381469727,-0.03715119883418083,-13.127520561218262,-0.02930808812379837,-2.576167106628418
11.354999542236328,-0.0498451329767704,-13.082356452941895,-0.0013612409820780158,-2.5687406063079834
11.359999656677246,-0.06106634810566902,-13.030330657958984,-0.01967976801097393,-2.5632729530334473
11.364999771118164,-0.04233557730913162,-12.951451301574707,0.006526327226310968,-2.5417897701263428
11.369999885559082,-0.05225323140621185,-12.900260925292969,-0.031560227274894714,-2.538666248321533
11.375,-0.04965274780988693,-12.738202095031738,0.01845419965684414,-2.52459979057312
11.380000114440918,-0.050647832453250885,-12.611104011535645,-0.008310699835419655,-2.5160036087036133
11.385000228881836,-0.03590071201324463,-12.5490083694458,0.005320671014487743,-2.494520425796509
11.390000343322754,-0.07500745356082916,-12.431119918823242,0.0005488445749506354,-2.481628656387329
11.395000457763672,-0.05355347320437431,-12.321616172790527,0.001923834439367056,-2.4601454734802246
11.399999618530273,-0.06220073625445366,-12.203999519348145,-0.004351675510406494,-2.447253704071045
11.404999732971191,-0.028089312836527824,-12.094806671142578,-0.006783308926969767,-2.431259870529175
11.40999984741211,-0.03634186089038849,-11.979999542236328,-0.014589596539735794,-2.415980577468872
11.414999961853027,-0.0464751198887825,-11.91393756866455,-0.014013860374689102,-2.3913955688476562
11.420000076293945,-0.05067768320441246,-11.777738571166992,0.013374184258282185,-2.3699123859405518
11.425000190734863,-0.027452459558844566,-11.650066375732422,-0.03532620891928673,-2.3515214920043945
11.430000305175781,-0.033721476793289185,-11.529237747192383,-0.06549471616744995,-2.322648048400879
11.4350004196167,-0.03875991329550743,-11.401041984558105,-0.023333992809057236,-2.309756278991699
11.4399995803833,-0.03485587239265442,-11.271145820617676,-0.02929115481674671,-2.2839772701263428
11.444999694824219,-0.029787587001919746,-11.153528213500977,0.01737046241760254,-2.2655768394470215
11.449999809265137,-0.014088502153754234,-11.044939994812012,-0.06005910411477089,-2.241008758544922
11.454999923706055,-0.01302708126604557,-10.887356758117676,-0.01000403705984354,-2.2195253372192383
11.460000038146973,0.022593555971980095,-10.746315002441406,-0.0300531554967165,-2.196822166442871
11.46500015258789,0.013856731355190277,-10.533782005310059,-0.027072884142398834,-2.1722612380981445
11.470000267028809,-0.007484471891075373,-10.399450302124023,-0.024664955213665962,-2.1452572345733643
11.475000381469727,0.04154656082391739,-10.25364875793457,-0.04982117936015129,-2.1249966621398926
11.479999542236328,0.009090286679565907,-10.129417419433594,-0.052767589688301086,-2.0992178916931152
11.484999656677246,0.027714911848306656,-10.001689910888672,-0.041246119886636734,-2.072206735610962
11.489999771118164,0.02404969185590744,-9.862809181213379,-0.06118009239435196,-2.0433621406555176
11.494999885559082,0.009637581184506416,-9.70030689239502,-0.08918112516403198,-2.024937629699707
11.5,-0.006107940338551998,-9.5759916305542,-0.02915230207145214,-1.9905625581741333
11.505000114440918,-0.001722943619824946,-9.473470687866211,-0.023449139669537544,-1.9672627449035645
11.510000228881836,-0.009179428219795227,-9.3289794921875,-0.018270911648869514,-1.9506430625915527
11.515000343322754,-0.0214388445019722,-9.189241409301758,-0.03141121566295624,-1.9187564849853516
11.520000457763672,-0.012005462311208248,-8.985925674438477,-0.007040695752948523,-1.90156888961792
11.524999618530273,-0.019010841846466064,-8.864690780639648,-0.019906677305698395,-1.8702430725097656
11.529999732971191,0.004695338662713766,-8.729157447814941,-0.001740548643283546,-1.837121844291687
11.53499984741211,-0.014247715473175049,-8.56347370147705,0.009110359475016594,-1.8229737281799316
11.539999961853027,-0.0020214682444930077,-8.442638397216797,-0.013079137541353703,-1.7898573875427246
11.545000076293945,0.017498735338449478,-8.323265075683594,-0.009201395325362682,-1.7726699113845825
11.550000190734863,-0.03665697202086449,-8.229837417602539,-0.03928861767053604,-1.7542190551757812
11.555000305175781,-0.033011652529239655,-8.12879467010498,0.0064314985647797585,-1.7155483961105347
11.5600004196167,-0.02786707691848278,-8.008917808532715,-0.033395808190107346,-1.6965969800949097
11.5649995803833,-0.018692415207624435,-7.880695343017578,0.0387505441904068,-1.681168556213379
11.569999694824219,-0.018937870860099792,-7.747490406036377,0.06115340441465378,-1.6536355018615723
11.574999809265137,-0.04213324189186096,-7.658843517303467,0.003143038135021925,-1.6424931287765503
11.579999923706055,-0.022977905347943306,-7.5319929122924805,0.004040507134050131,-1.612413763999939
11.585000038146973,-0.025737600401043892,-7.419777870178223,0.028881771489977837,-1.5934863090515137
11.59000015258789,-0.029382918030023575,-7.326139450073242,-0.003948660101741552,-1.5780340433120728
11.595000267028809,-0.05179549381136894,-7.210745334625244,-0.013146871700882912,-1.5591161251068115
11.600000381469727,-0.02346881292760372,-7.1485066413879395,0.015558591112494469,-1.5436543226242065
11.604999542236328,-0.009152892976999283,-7.065789699554443,-0.009594249539077282,-1.524746060371399
11.609999656677246,-0.010469717904925346,-6.960087299346924,0.04627912491559982,-1.5092742443084717
11.614999771118164,-0.030215470120310783,-6.8967061042785645,0.049824971705675125,-1.4903758764266968
11.619999885559082,-0.01383641455322504,-6.810685157775879,0.018792863935232162,-1.4804874658584595
11.625,-0.028344716876745224,-6.733407020568848,-0.00873403437435627,-1.4632999897003174
11.630000114440918,-0.02182692661881447,-6.671832084655762,-0.007084722630679607,-1.4461123943328857
11.635000228881836,-0.04329085350036621,-6.5749640464782715,0.006306193768978119,-1.4289250373840332
11.640000343322754,-0.03983791917562485,-6.530531883239746,0.02814009226858616,-1.421635627746582
11.645000457763672,-0.01606540009379387,-6.483379364013672,-0.0011783598456531763,-1.416030764579773
11.649999618530273,0.00489767175167799,-6.4123735427856445,-0.015375304967164993,-1.404450535774231
11.654999732971191,-0.008041717112064362,-6.371306896209717,0.0547051727771759,-1.3945451974868774
11.65999984741211,-0.010589128360152245,-6.344895362854004,0.06977587938308716,-1.3872653245925903
11.664999961853027,0.005746809300035238,-6.297807216644287,0.019907083362340927,-1.3829697370529175
11.670000076293945,0.020530415698885918,-6.313187599182129,-0.0013917220057919621,-1.378674030303955
11.675000190734863,-0.0301955696195364,-6.263967514038086,0.001683380687609315,-1.371731162071228
11.680000305175781,0.01822514273226261,-6.23157262802124,0.027164727449417114,-1.358516812324524
11.6850004196167,0.017160404473543167,-6.236424922943115,-0.05427804961800575,-1.36016047000885
11.6899995803833,0.02884599007666111,-6.230748653411865,0.012195621617138386,-1.354225993156433
11.694999694824219,0.020961619913578033,-6.223073482513428,0.012310768477618694,-1.360155701637268
11.699999809265137,0.005942508112639189,-6.246373653411865,0.00763038219884038,-1.3485995531082153
11.704999923706055,0.011995927430689335,-6.255370616912842,-0.011677056550979614,-1.3571908473968506
11.710000038146973,0.014579825103282928,-6.278088092803955,-0.009004967287182808,-1.3571908473968506
11.71500015258789,0.02443777583539486,-6.314275741577148,-0.010976012796163559,-1.3628294467926025
11.720000267028809,-0.010854484513401985,-6.316837787628174,-0.022406041622161865,-1.3657846450805664
11.725000381469727,0.0024431352503597736,-6.347491264343262,0.022792529314756393,-1.3700803518295288
11.729999542236328,0.007322355639189482,-6.433071136474609,-0.02981947548687458,-1.3671348094940186
11.734999656677246,0.003978879190981388,-6.443338871002197,0.017621073871850967,-1.3829697370529175
11.739999771118164,0.03258418291807175,-6.493846893310547,0.004616240505129099,-1.3872654438018799
11.744999885559082,0.027048207819461823,-6.5609354972839355,0.03793097287416458,-1.3886226415634155
11.75,0.026544032618403435,-6.631026268005371,0.02227098122239113,-1.4058102369308472
11.755000114440918,0.017080798745155334,-6.67410945892334,0.05007558688521385,-1.4173400402069092
11.760000228881836,0.007746925577521324,-6.744752883911133,0.01963275857269764,-1.4272958040237427
11.765000343322754,0.01589001715183258,-6.860166549682617,0.01528765819966793,-1.4358919858932495
11.770000457763672,0.018042711541056633,-6.964086055755615,0.026575446128845215,-1.4560058116912842
11.774999618530273,0.01478215865790844,-7.0167083740234375,0.006184272468090057,-1.4616731405258179
11.779999732971191,0.00042643427150323987,-7.123552322387695,-0.00049425387987867,-1.474565029144287
11.78499984741211,0.011946173384785652,-7.205398082733154,0.04772523418068886,-1.4946714639663696
11.789999961853027,-0.003232152434065938,-7.308104515075684,0.03857104852795601,-1.5060207843780518
11.795000076293945,-0.014911103993654251,-7.413820266723633,0.06137692555785179,-1.524746060371399
11.800000190734863,-0.015236162580549717,-7.509057998657227,0.02207794040441513,-1.540400505065918
11.805000305175781,-0.006894055288285017,-7.649107933044434,-0.00014203766477294266,-1.560502290725708
11.8100004196167,-0.01639709249138832,-7.76057767868042,-0.015930717810988426,-1.5776898860931396
11.8149995803833,0.002993747591972351,-7.885012149810791,0.021715566515922546,-1.5991729497909546
11.819999694824219,-0.03759898617863655,-8.012984275817871,-0.05728541314601898,-1.6120648384094238
11.824999809265137,-0.025764135643839836,-8.120878219604492,0.02290090173482895,-1.6392395496368408
11.829999923706055,-0.03944983705878258,-8.258532524108887,0.0468243807554245,-1.663624882698059
11.835000038146973,-0.03213929757475853,-8.373973846435547,0.004484160803258419,-1.690804362297058
11.84000015258789,-0.015073633752763271,-8.517913818359375,-0.0344829261302948,-1.705190658569336
11.845000267028809,-0.012808161787688732,-8.637234687805176,-0.03226126730442047,-1.7294797897338867
11.850000381469727,-0.038783129304647446,-8.771600723266602,-0.026737600564956665,-1.7581512928009033
11.854999542236328,-0.0471816286444664,-8.894720077514648,-0.015713971108198166,-1.7767488956451416
11.859999656677246,-0.04204368591308594,-9.07144546508789,-0.039965953677892685,-1.7968242168426514
11.864999771118164,-0.02552199922502041,-9.23304271697998,-0.012757404707372189,-1.8326095342636108
11.869999885559082,-0.030434390529990196,-9.402543067932129,-0.025806263089179993,-1.8526800870895386
11.875,-0.024264879524707794,-9.512945175170898,-0.026348132640123367,-1.878458857536316
11.880000114440918,-0.015309136360883713,-9.629009246826172,-0.02172870747745037,-1.9013643264770508
11.885000228881836,-0.014178059063851833,-9.78426456451416,-0.06306985765695572,-1.9214277267456055
11.890000343322754,-0.0304675605148077,-9.913229942321777,-0.02802792377769947,-1.9486335515975952
11.895000457763672,-0.0407567135989666,-10.041849136352539,-0.0419674813747406,-1.9729877710342407
11.899999618530273,-0.0008373201126232743,-10.144572257995605,-0.03834373876452446,-1.9901751279830933
11.904999732971191,-0.04541369527578354,-10.317170143127441,-0.09126053750514984,-2.017388343811035
11.90999984741211,-0.039439886808395386,-10.46603012084961,-0.04612293094396591,-2.0460309982299805
11.914999961853027,-0.009902521967887878,-10.575045585632324,-0.04273625463247299,-2.068953275680542
11.920000076293945,-0.025959836319088936,-10.783027648925781,-0.04346439242362976,-2.101886510848999
11.925000190734863,-0.024384286254644394,-10.873491287231445,-0.03320953622460365,-2.1248137950897217
11.930000305175781,-0.042282506823539734,-10.988224029541016,-0.027980510145425797,-2.149150848388672
11.9350004196167,-0.009172794409096241,-11.131054878234863,-0.01859941892325878,-2.1749298572540283
11.9399995803833,0.004522857256233692,-11.262104034423828,-0.08497148752212524,-2.187821865081787
11.944999694824219,-0.006260519381612539,-11.386627197265625,0.013072771020233631,-2.2093050479888916
11.949999809265137,0.006911055650562048,-11.475703239440918,0.011453941464424133,-2.236539840698242
11.954999923706055,0.0026786380913108587,-11.651761054992676,-0.009987103752791882,-2.2580275535583496
11.960000038146973,-0.004416299983859062,-11.740900039672852,-0.041740573942661285,-2.2866461277008057
11.96500015258789,-0.011670451611280441,-11.87287712097168,0.030978120863437653,-2.30812931060791
11.970000267028809,0.0035344089847058058,-11.949358940124512,0.014247947372496128,-2.326782464981079
11.975000381469727,0.014636212959885597,-12.043624877929688,0.03052430972456932,-2.355393648147583
11.979999542236328,0.02866356074810028,-12.130973815917969,0.007847129367291927,-2.3725812435150146
11.984999656677246,-0.028149018064141273,-12.232881546020508,0.0034376790281385183,-2.389768600463867
11.989999771118164,0.005813148338347673,-12.342435836791992,0.023984640836715698,-2.406956195831299
11.994999885559082,-0.024181954562664032,-12.467381477355957,0.038151104003190994,-2.4241435527801514
12,0.007756875827908516,-12.565752983093262,0.03650856390595436,-2.43703556060791
12.005000114440918,0.00032692684908397496,-12.648843765258789,0.052544474601745605,-2.4585187435150146
12.010000228881836,-0.011494653299450874,-12.765427589416504,0.012280287221074104,-2.4714105129241943
12.015000343322754,-0.016410361975431442,-12.898488998413086,0.04535117745399475,-2.488597869873047
12.020000457763672,-0.037366800010204315,-12.976824760437012,-0.01192428171634674,-2.5057854652404785
12.024999618530273,-0.030314980074763298,-13.031937599182129,-0.018176084384322166,-2.5214810371398926
12.029999732971191,-0.011421681381762028,-13.065457344055176,0.026778647676110268,-2.527271270751953
12.03499984741211,0.00014781161735299975,-13.122550010681152,0.0651462972164154,-2.542961597442627
12.039999961853027,-0.04077329859137535,-13.193014144897461,-0.016496293246746063,-2.5487565994262695
12.045000076293945,-0.008207564242184162,-13.22360610961914,0.01177228707820177,-2.565944194793701
12.050000190734863,-0.07075513154268265,-13.276984214782715,-0.022924203425645828,-2.5687406063079834
12.055000305175781,-0.03758571296930313,-13.314896583557129,0.028637930750846863,-2.5831339359283447
12.0600004196167,-0.025969786569476128,-13.34412670135498,-0.06738448143005371,-2.585925579071045
12.0649995803833,-0.04697929322719574,-13.395729064941406,0.002841623965650797,-2.5902211666107178
12.069999694824219,-0.05138419568538666,-13.404380798339844,-0.039319101721048355,-2.5945169925689697
12.074999809265137,-0.014811594970524311,-13.411140441894531,0.022345487028360367,-2.5960330963134766
12.079999923706055,-0.037622202187776566,-13.43779468536377,-0.03944779559969902,-2.6031105518341064
12.085000038146973,-0.048252999782562256,-13.396443367004395,-0.06035035848617554,-2.6031105518341064
12.09000015258789,-0.06188894435763359,-13.416698455810547,-0.06644976139068604,-2.6074063777923584
12.095000267028809,-0.0458880178630352,-13.404878616333008,-0.07063569128513336,-2.6074063777923584
12.100000381469727,-0.06710650026798248,-13.409757614135742,-0.08332894742488861,-2.6117019653320312
12.104999542236328,-0.03473978117108345,-13.344736099243164,-0.010535743087530136,-2.6074063777923584
12.109999656677246,-0.04162243381142616,-13.316574096679688,0.0233919695019722,-2.6117019653320312
12.114999771118164,-0.03293204307556152,-13.285645484924316,0.011884047649800777,-2.6015753746032715
12.119999885559082,-0.018699049949645996,-13.234761238098145,-0.021396812051534653,-2.5988125801086426
12.125,-0.025697795674204826,-13.218123435974121,-0.004619223531335592,-2.5902211666107178
12.130000114440918,-0.022586505860090256,-13.167553901672363,0.005750777665525675,-2.584383010864258
12.135000228881836,-0.0360930934548378,-13.108078956604004,-0.05770197510719299,-2.577331781387329
12.140000343322754,-0.006811132654547691,-13.074929237365723,-0.03613562509417534,-2.5687406063079834
12.145000457763672,-0.005464453715831041,-12.984089851379395,-0.004720820114016533,-2.5585994720458984
12.149999618530273,-0.02656683698296547,-12.933182716369629,-0.046702053397893906,-2.5500030517578125
12.154999732971191,-0.02223491109907627,-12.875588417053223,0.013418211601674557,-2.53281569480896
12.15999984741211,-0.013239366002380848,-12.750727653503418,-0.028603659942746162,-2.5199239253997803
12.164999961853027,-0.022772256284952164,-12.633976936340332,0.02637224830687046,-2.504296064376831
12.170000076293945,-0.022384172305464745,-12.534138679504395,-0.030042998492717743,-2.4984383583068848
12.175000190734863,-0.01270201988518238,-12.445493698120117,-0.0016050825361162424,-2.481250762939453
12.180000305175781,0.03054426610469818,-12.348067283630371,0.0009044454200193286,-2.46992564201355
12.1850004196167,0.005624081939458847,-12.247957229614258,0.01390928030014038,-2.4539005756378174
12.1899995803833,0.010622713714838028,-12.155125617980957,-0.006563172675669193,-2.4296882152557373
12.194999694824219,-0.0003497297875583172,-12.024567604064941,0.053452104330062866,-2.418370246887207
12.199999809265137,-0.009836181998252869,-11.930134773254395,0.052693482488393784,-2.4023308753967285
12.204999923706055,-0.01263236440718174,-11.839736938476562,0.04822646081447601,-2.3738303184509277
12.210000038146973,0.01225464791059494,-11.740127563476562,0.025136111304163933,-2.356642723083496
12.21500015258789,-0.01646674983203411,-11.62743091583252,0.030087430030107498,-2.3394551277160645
12.220000267028809,-0.012214429676532745,-11.526883125305176,0.013174370862543583,-2.31797194480896
12.225000381469727,0.007392012048512697,-11.36056137084961,0.002580848289653659,-2.299196243286133
12.229999542236328,0.007955892942845821,-11.260503768920898,0.05932121351361275,-2.279299020767212
12.234999656677246,-0.017468465492129326,-11.10751724243164,0.00632312661036849,-2.2535202503204346
12.239999771118164,-0.01865261420607567,-10.999727249145508,-0.021366333588957787,-2.236332893371582
12.244999885559082,-0.01865261420607567,-10.865276336669922,0.06155642122030258,-2.2148497104644775
12.25,-0.02208896540105343,-10.760669708251953,0.00704448577016592,-2.1874704360961914
12.255000114440918,-0.024510331451892853,-10.569315910339355,-0.03504173085093498,-2.1632893085479736
12.260000228881836,-0.023694366216659546,-10.426952362060547,-0.041405290365219116,-2.1444966793060303
12.265000343322754,-0.019674230366945267,-10.252551078796387,-0.012249402701854706,-2.116024971008301
12.270000457763672,-0.03226202353835106,-10.127477645874023,-0.0004976401687599719,-2.0945420265197754
12.274999618530273,-0.03226534277200699,-10.003398895263672,-0.033392418175935745,-2.067150831222534
12.279999732971191,-0.02694828435778618,-9.848990440368652,-0.08238745480775833,-2.037071466445923
12.28499984741211,-0.003301807679235935,-9.737992286682129,-0.08121227473020554,-2.0086092948913574
12.289999961853027,-0.034046538174152374,-9.596604347229004,-0.08006758242845535,-1.9898021221160889
12.295000076293945,-0.021020911633968353,-9.44823932647705,-0.0045989020727574825,-1.9699362516403198
12.300000190734863,-0.008433116599917412,-9.346819877624512,-0.05695351958274841,-1.9398618936538696
12.305000305175781,-0.01075829192996025,-9.207962989807129,-0.00807363260537386,-1.9167518615722656
12.3100004196167,-0.015249431133270264,-8.994881629943848,-0.07801864296197891,-1.8866723775863647
12.3149995803833,-0.00042601878521963954,-8.86302661895752,-0.08119194954633713,-1.862520456314087
12.319999694824219,0.0028079987969249487,-8.7268705368042,-0.04259401559829712,-1.8410372734069824
12.324999809265137,0.017017776146531105,-8.57199478149414,-0.06554551422595978,-1.8179177045822144
12.329999923706055,0.004867819603532553,-8.446856498718262,-0.09744799882173538,-1.7980685234069824
12.335000038146973,-0.004300207365304232,-8.322442054748535,-0.047108449041843414,-1.7706483602523804
12.34000015258789,-0.017422029748558998,-8.213991165161133,-0.09723125398159027,-1.7465084791183472
12.345000267028809,-0.016105202957987785,-8.098812103271484,-0.04979747533798218,-1.7164340019226074
12.350000381469727,-0.007560760714113712,-7.977180004119873,-0.023469459265470505,-1.6933023929595947
12.354999542236328,-0.01802239567041397,-7.8466691970825195,-0.04785013943910599,-1.683707594871521
12.359999656677246,-0.026583420112729073,-7.735901355743408,-0.07116401195526123,-1.663218379020691
12.364999771118164,-0.018619444221258163,-7.6529541015625,-0.0090388348326087,-1.6304988861083984
12.369999885559082,-0.009952275082468987,-7.479855060577393,-0.016774002462625504,-1.6133112907409668
12.375,0.00609840452671051,-7.377277374267578,-0.058870378881692886,-1.5961239337921143
12.380000114440918,0.007766826078295708,-7.2917985916137695,-0.013983380980789661,-1.5789364576339722
12.385000228881836,0.004148043226450682,-7.198695659637451,-0.051426470279693604,-1.5617488622665405
12.390000343322754,-0.009769843891263008,-7.128119945526123,-0.054355937987565994,-1.5385981798171997
12.395000457763672,0.007528006564825773,-7.0329132080078125,-0.04712200164794922,-1.5204503536224365
12.399999618530273,0.009614362381398678,-6.9292168617248535,-0.036840055137872696,-1.5144821405410767
12.404999732971191,0.0070238313637673855,-6.873016357421875,-0.020136971026659012,-1.495619773864746
12.40999984741211,0.015346037223935127,-6.769763946533203,-0.03007347695529461,-1.481782078742981
12.414999961853027,0.0267032440751791,-6.687623500823975,-0.05170755833387375,-1.4715111255645752
12.420000076293945,0.009909570217132568,-6.636082172393799,-0.09247297048568726,-1.4500279426574707
12.425000190734863,0.018619859591126442,-6.5639848709106445,-0.04934365674853325,-1.4388206005096436
12.430000305175781,0.023174019530415535,-6.517282485961914,-0.02458367496728897,-1.4285423755645752
12.4350004196167,0.01868288218975067,-6.463474273681641,-0.04524916782975197,-1.4199461936950684
12.4399995803833,-0.0016499713528901339,-6.406500816345215,-0.02416372299194336,-1.404450535774231
12.444999694824219,0.02762535773217678,-6.396152019500732,-0.03395121917128563,-1.3984606266021729
12.449999809265137,0.012012511491775513,-6.32527494430542,-0.035813894122838974,-1.3872653245925903
12.454999923706055,0.03681660071015358,-6.318972587585449,-0.043610017746686935,-1.3872654438018799
12.460000038146973,0.028700046241283417,-6.281551361083984,-0.014972290024161339,-1.3812682628631592
12.46500015258789,0.04959014058113098,-6.285739898681641,-0.05717027187347412,-1.3743759393692017
12.470000267028809,0.018172074109315872,-6.254422187805176,-0.08099213987588882,-1.3700803518295288
12.475000381469727,0.025585437193512917,-6.262510299682617,-0.055934131145477295,-1.3597803115844727
12.479999542236328,0.018002908676862717,-6.252097129821777,-0.04449055716395378,-1.3571908473968506
12.484999656677246,0.025001654401421547,-6.243276119232178,-0.02241959050297737,-1.3589043617248535
12.489999771118164,0.010032298043370247,-6.261490345001221,-0.040402840822935104,-1.3597731590270996
12.494999885559082,0.04297615960240364,-6.239823818206787,-0.07965102046728134,-1.3589091300964355
12.5,0.014662749134004116,-6.335312843322754,-0.0494520328938961,-1.3657846450805664
12.505000114440918,0.002821266418322921,-6.326176643371582,0.013391117565333843,-1.3657846450805664
12.510000228881836,0.018135584890842438,-6.367280960083008,0.018444037064909935,-1.3700803518295288
12.515000343322754,0.02287217788398266,-6.393173694610596,0.05717744678258896,-1.3761038780212402
12.520000457763672,0.027582235634326935,-6.444240570068359,-0.08659370243549347,-1.3786741495132446
12.524999618530273,0.006002213805913925,-6.481552600860596,-0.02125118486583233,-1.3872654438018799
12.529999732971191,0.016483750194311142,-6.552896976470947,-0.03671136125922203,-1.3915610313415527
12.53499984741211,0.012294452637434006,-6.591392517089844,0.05054633691906929,-1.4036275148391724
12.539999961853027,0.008025547489523888,-6.661340713500977,-0.02779424376785755,-1.4173399209976196
12.545000076293945,-0.01580667681992054,-6.715691089630127,0.010065402835607529,-1.421635627746582
12.550000190734863,0.0316554419696331,-6.818851470947266,-0.004788557533174753,-1.4319716691970825
12.555000305175781,0.02166149578988552,-6.905848503112793,0.002435223897919059,-1.443116307258606
12.5600004196167,-0.002711392240598798,-6.947352886199951,-0.0042974879033863544,-1.4577529430389404
12.5649995803833,-0.0011457959190011024,-7.085673809051514,0.035709310322999954,-1.4706447124481201
12.569999694824219,0.0017333095893263817,-7.170075416564941,-0.03166521340608597,-1.4835366010665894
12.574999809265137,-0.0034145836252719164,-7.277464866638184,0.04283148795366287,-1.500723958015442
12.579999923706055,-0.00513275945559144,-7.361510276794434,0.033684078603982925,-1.5136157274246216
12.585000038146973,-0.006413099355995655,-7.443125247955322,0.03138452395796776,-1.535098910331726
12.59000015258789,0.0041181910783052444,-7.577987194061279,0.04605899006128311,-1.543695092201233
12.595000267028809,-0.016231246292591095,-7.692652225494385,0.06255210191011429,-1.5669447183609009
12.600000381469727,0.013442114926874638,-7.788967609405518,0.029535401612520218,-1.5891907215118408
12.604999542236328,-0.000956730276811868,-7.918797016143799,0.042106740176677704,-1.609915852546692
12.609999656677246,0.008148275315761566,-8.071553230285645,-0.006732506677508354,-1.629630208015442
12.614999771118164,0.003073353786021471,-8.15510082244873,0.02829926460981369,-1.6597046852111816
12.619999885559082,-0.0038325185887515545,-8.294248580932617,0.05554506927728653,-1.6725964546203613
12.625,-0.0066419681534171104,-8.396822929382324,0.020655538886785507,-1.6958606243133545
12.630000114440918,-0.020855063572525978,-8.528502464294434,0.1001679003238678,-1.7241564989089966
12.635000228881836,-0.009733357466757298,-8.715447425842285,0.09766176342964172,-1.7413440942764282
12.640000343322754,-0.00835682637989521,-8.770499229431152,0.029752148315310478,-1.7646152973175049
12.645000457763672,0.0074782525189220905,-8.932385444641113,0.01941940002143383,-1.7843127250671387
12.649999618530273,-0.007816164754331112,-9.118117332458496,0.04343431442975998,-1.8100916147232056
12.654999732971191,0.013634497299790382,-9.276424407958984,0.04550696536898613,-1.8315746784210205
12.65999984741211,-0.015972524881362915,-9.421720504760742,0.052700262516736984,-1.8505600690841675
12.664999961853027,0.029015153646469116,-9.529695510864258,0.06843137741088867,-1.884934902191162
12.670000076293945,0.022802522405982018,-9.630921363830566,0.044392745941877365,-1.9132118225097656
12.675000190734863,0.02242107503116131,-9.781522750854492,0.055436693131923676,-1.9322041273117065
12.680000305175781,0.0162780974060297,-9.928729057312012,0.015948059037327766,-1.956180453300476
12.6850004196167,0.01652355305850506,-10.042024612426758,0.029569266363978386,-1.9819592237472534
12.6899995803833,0.0014347844989970326,-10.175917625427246,0.0002034037170233205,-2.0052545070648193
12.694999694824219,0.004144726321101189,-10.304048538208008,0.0352114737033844,-2.029223680496216
12.699999809265137,0.02514428272843361,-10.4746675491333,-0.010132729075849056,-2.0568196773529053
12.704999923706055,0.024749567732214928,-10.597902297973633,0.035729628056287766,-2.0893750190734863
12.710000038146973,0.01854357123374939,-10.764610290527344,-0.03849952295422554,-2.106562614440918
12.71500015258789,0.03447815775871277,-10.91352367401123,0.06290431320667267,-2.1341657638549805
12.720000267028809,0.01338572520762682,-11.043610572814941,0.003180291038006544,-2.153826951980591
12.725000381469727,-0.0008306862437166274,-11.169475555419922,-0.017627444118261337,-2.1771392822265625
12.729999542236328,0.02418237179517746,-11.263537406921387,0.014373254030942917,-2.196795701980591
12.734999656677246,0.009441882371902466,-11.416348457336426,0.03438512235879898,-2.2182788848876953
12.739999771118164,0.019412608817219734,-11.51913070678711,-0.012154575437307358,-2.24159836769104
12.744999885559082,0.0158104095607996,-11.674912452697754,0.047992780804634094,-2.265543222427368
12.75,0.02301480807363987,-11.75782585144043,0.029217051342129707,-2.2827305793762207
12.755000114440918,-0.01007831934839487,-11.870793342590332,0.030846044421195984,-2.3085098266601562
12.760000228881836,0.004904306028038263,-11.996047973632812,-0.027577495202422142,-2.325697183609009
12.765000343322754,-0.0050796885043382645,-12.080425262451172,0.023960931226611137,-2.347180128097534
12.770000457763672,-0.04264073446393013,-12.168584823608398,-0.0017845758702605963,-2.366218328475952
12.774999618530273,-0.018679149448871613,-12.28194522857666,0.024983709678053856,-2.394444704055786
12.779999732971191,-0.025127284228801727,-12.398711204528809,0.017167262732982635,-2.407336473464966
12.78499984741211,-0.02028454653918743,-12.492555618286133,0.03300335630774498,-2.4245238304138184
12.789999961853027,-0.03589407727122307,-12.569982528686523,0.022623196244239807,-2.44171142578125
12.795000076293945,-0.02060629241168499,-12.666847229003906,0.00590317789465189,-2.4546029567718506
12.800000190734863,-0.027323096990585327,-12.768913269042969,0.038191743195056915,-2.480381965637207
12.805000305175781,-0.023100633174180984,-12.922439575195312,0.04972337186336517,-2.493273973464966
12.8100004196167,-0.021952969953417778,-12.984970092773438,0.05334034189581871,-2.504295825958252
12.8149995803833,-0.020967837423086166,-13.02995777130127,0.04830435663461685,-2.5104637145996094
12.819999694824219,-0.023233311250805855,-13.09886646270752,0.07794792950153351,-2.5214807987213135
12.824999809265137,-0.04166886955499649,-13.149476051330566,0.060804583132267,-2.536245107650757
12.829999923706055,-0.045075368136167526,-13.169750213623047,0.0810772106051445,-2.5448412895202637
12.835000038146973,-0.007613831665366888,-13.224884033203125,0.037971608340740204,-2.566324472427368
12.84000015258789,-0.008025133050978184,-13.268214225769043,0.06598619371652603,-2.5687406063079834
12.845000267028809,-0.005948727484792471,-13.298338890075684,0.0009823398431763053,-2.5730361938476562
12.850000381469727,-0.017577923834323883,-13.306641578674316,0.02337503805756569,-2.5878124237060547
12.854999542236328,0.013641131110489368,-13.332073211669922,0.04453837499022484,-2.590221405029297
12.859999656677246,-0.015959257259964943,-13.369348526000977,0.04736286401748657,-2.5945167541503906
12.864999771118164,-0.03568842634558678,-13.387213706970215,0.03136420622467995,-2.6007089614868164
12.869999885559082,-0.019813543185591698,-13.373157501220703,0.008314491249620914,-2.6031105518341064
12.875,-0.010310506448149681,-13.353360176086426,0.0698470026254654,-2.6031105518341064
12.880000114440918,0.004758360795676708,-13.352797508239746,0.048229847103357315,-2.6031105518341064
12.885000228881836,0.005846317391842604,-13.37936782836914,0.008243370801210403,-2.6012046337127686
12.890000343322754,-0.0086520342156291,-13.316261291503906,0.003965999465435743,-2.5964252948760986
12.895000457763672,0.0021280257496982813,-13.274527549743652,-0.051920920610427856,-2.5926084518432617
12.899999618530273,0.02230166643857956,-13.231481552124023,0.027005553245544434,-2.5945167541503906
12.904999732971191,0.014775524847209454,-13.197696685791016,0.014627253636717796,-2.5902211666107178
12.90999984741211,0.023970086127519608,-13.150776863098145,0.06188831105828285,-2.584007501602173
12.914999961853027,0.006954175885766745,-13.117815017700195,0.03030756115913391,-2.579252243041992
12.920000076293945,-0.011275735683739185,-13.079842567443848,-0.03720242902636528,-2.573488712310791
12.925000190734863,0.003849518485367298,-13.008338928222656,-0.009035448543727398,-2.5644426345825195
12.930000305175781,-0.002936943667009473,-12.991192817687988,0.02424202673137188,-2.5558509826660156
12.9350004196167,0.0453311912715435,-12.943602561950684,-0.022250255569815636,-2.5453298091888428
12.9399995803833,0.017064213752746582,-12.86846923828125,-0.041029371321201324,-2.528142213821411
12.944999694824219,-0.007988646626472473,-12.715302467346191,-0.0022112957667559385,-2.5171852111816406
12.949999809265137,-0.004210650455206633,-12.621785163879395,0.07257665693759918,-2.5152480602264404
12.954999923706055,-0.0008306856034323573,-12.55392837524414,0.02709699422121048,-2.500000238418579
12.960000038146973,-0.011839615181088448,-12.457880020141602,-0.011290975846350193,-2.4918203353881836
12.96500015258789,-0.011295637115836143,-12.371604919433594,0.03254276514053345,-2.46992564201355
12.970000267028809,-0.0024792063049972057,-12.287955284118652,0.00008825623081065714,-2.4531447887420654
12.975000381469727,-0.004558928310871124,-12.17621898651123,0.05612757429480553,-2.431259870529175
12.979999542236328,-0.032749615609645844,-12.101800918579102,-0.0014967068564146757,-2.418765068054199
12.984999656677246,-0.022304566577076912,-12.005888938903809,0.019924016669392586,-2.4011855125427246
12.989999771118164,-0.014586043544113636,-11.918699264526367,0.05144380405545235,-2.3863418102264404
12.994999885559082,-0.051453847438097,-11.813582420349121,0.0690782219171524,-2.3628995418548584
13,-0.021010959520936012,-11.700748443603516,0.051552172750234604,-2.3433728218078613
13.005000114440918,-0.00625056866556406,-11.572500228881836,0.07097814977169037,-2.326185464859009
13.010000228881836,-0.03477626293897629,-11.476150512695312,-0.0052118911407887936,-2.3004066944122314
13.015000343322754,-0.027004672214388847,-11.350497245788574,0.015646643936634064,-2.283219337463379
13.020000457763672,-0.03471656143665314,-11.22960090637207,0.018288251012563705,-2.255469560623169
13.024999618530273,-0.047606199979782104,-11.111495971679688,0.05227692797780037,-2.240250587463379
13.029999732971191,-0.01594267040491104,-10.969429969787598,0.06817059218883514,-2.2144718170166016
13.03499984741211,-0.024788955226540565,-10.840489387512207,0.06766597926616669,-2.19728422164917
13.039999961853027,-0.03454408049583435,-10.68031120300293,0.029745375737547874,-2.169524669647217
13.045000076293945,-0.013448333367705345,-10.522857666015625,0.08638413995504379,-2.1480367183685303
13.050000190734863,-0.020453711971640587,-10.370038986206055,0.07806985080242157,-2.1242384910583496
13.055000305175781,0.023568736389279366,-10.235815048217773,0.12015268206596375,-2.0984597206115723
13.0600004196167,0.0043934970162808895,-10.104403495788574,0.037914033979177475,-2.07928204536438
13.0649995803833,0.0108913853764534,-9.981328010559082,0.013333545066416264,-2.0511956214904785
13.069999694824219,-0.0092689860612154,-9.830660820007324,0.03257663547992706,-2.025416612625122
13.074999809265137,0.001872620894573629,-9.688074111938477,-0.01561575848609209,-2.0019359588623047
13.079999923706055,-0.009862718172371387,-9.570311546325684,-0.013597299344837666,-1.9867433309555054
13.085000038146973,-0.007245651446282864,-9.441835403442383,-0.0005687592783942819,-1.9546667337417603
13.09000015258789,-0.044216278940439224,-9.300527572631836,0.039790257811546326,-1.9331789016723633
13.095000267028809,0.015097267925739288,-9.157920837402344,-0.004178954754024744,-1.9008108377456665
13.100000381469727,0.03864755481481552,-8.97873592376709,0.008717505261301994,-1.8856327533721924
13.104999542236328,0.020046144723892212,-8.84152889251709,0.027896249666810036,-1.860130786895752
13.109999656677246,0.03722790256142616,-8.69076156616211,-0.007677389308810234,-1.8406569957733154
13.114999771118164,0.02321713976562023,-8.52741813659668,-0.026795174926519394,-1.810844898223877
13.119999885559082,0.03868735581636429,-8.406405448913574,-0.06762832403182983,-1.7805031538009644
13.125,0.018782388418912888,-8.299189567565918,-0.01954091526567936,-1.7610416412353516
13.130000114440918,-0.00004457100294530392,-8.179316520690918,-0.029118435457348824,-1.7441067695617676
13.135000228881836,0.003769912291318178,-8.072580337524414,-0.02438724786043167,-1.71605384349823
13.140000343322754,0.011325904168188572,-7.941883563995361,-0.005218665115535259,-1.698866367340088
13.145000457763672,-0.000641620543319732,-7.815568447113037,-0.0310420673340559,-1.67964768409729
13.149999618530273,0.01840094104409218,-7.716514587402344,-0.004527782555669546,-1.6516019105911255
13.154999732971191,0.017412493005394936,-7.5971903800964355,-0.004267008509486914,-1.630118727684021
13.15999984741211,0.006930957082659006,-7.496036052703857,-0.02255505695939064,-1.6172268390655518
13.164999961853027,0.03305850550532341,-7.390462875366211,-0.03698229417204857,-1.5957437753677368
13.170000076293945,0.0026056659407913685,-7.298562526702881,-0.03662669286131859,-1.5851044654846191
13.175000190734863,0.004778262227773666,-7.220762252807617,0.032051701098680496,-1.559116244316101
13.180000305175781,-0.017020678147673607,-7.135361671447754,-0.04796528443694115,-1.544181227684021
13.1850004196167,0.007780094631016254,-7.065495014190674,-0.032488174736499786,-1.5355850458145142
13.1899995803833,0.004891038406640291,-6.958694934844971,-0.06287004798650742,-1.5098062753677368
13.194999694824219,-0.009796380065381527,-6.887776851654053,-0.017312483862042427,-1.4969143867492676
13.199999809265137,0.006990661844611168,-6.809834957122803,-0.03323324769735336,-1.484022617340088
13.204999923706055,-0.00759393023326993,-6.728402137756348,0.008223051205277443,-1.4668351411819458
13.210000038146973,-0.006111256778240204,-6.674078941345215,-0.02654794603586197,-1.4603015184402466
13.21500015258789,0.024029791355133057,-6.629047393798828,-0.03975936770439148,-1.4453495740890503
13.220000267028809,-0.02481549046933651,-6.5797834396362305,-0.05920904129743576,-1.4367533922195435
13.225000381469727,0.011080451309680939,-6.527488708496094,-0.027391228824853897,-1.421635627746582
13.229999542236328,-0.01127573475241661,-6.469756603240967,0.003105785232037306,-1.4109723567962646
13.234999656677246,-0.02489509806036949,-6.447236061096191,-0.030080247670412064,-1.4044504165649414
13.239999771118164,0.005056886002421379,-6.443525791168213,-0.07784591615200043,-1.4001548290252686
13.244999885559082,-0.002804266521707177,-6.408646106719971,-0.03829632326960564,-1.3980755805969238
13.25,-0.0015670473221689463,-6.384644508361816,-0.039312321692705154,-1.3829697370529175
13.255000114440918,-0.004140994045883417,-6.380117416381836,-0.08630583435297012,-1.378674030303955
13.260000228881836,-0.014566140249371529,-6.3432416915893555,-0.05255761742591858,-1.3786741495132446
13.265000343322754,-0.011494654230773449,-6.366318702697754,-0.08373535424470901,-1.3808809518814087
13.270000457763672,-0.010871068574488163,-6.34701681137085,-0.07108950614929199,-1.378671646118164
13.274999618530273,0.002380113350227475,-6.3779144287109375,-0.06399103254079819,-1.3743759393692017
13.279999732971191,-0.01950175128877163,-6.382862091064453,-0.08938771486282349,-1.3743760585784912
13.28499984741211,-0.02099437452852726,-6.4041900634765625,-0.08066702634096146,-1.3764744997024536
13.289999961853027,-0.00974994245916605,-6.399737358093262,0.011863728053867817,-1.3765732049942017
13.295000076293945,-0.035098008811473846,-6.404172897338867,-0.06055694818496704,-1.380774974822998
13.300000190734863,-0.018645979464054108,-6.458499908447266,-0.0525982566177845,-1.378674030303955
13.305000305175781,-0.018115269020199776,-6.499752998352051,-0.11188878864049911,-1.3979648351669312
13.3100004196167,-0.012294036336243153,-6.5245819091796875,-0.06021827831864357,-1.3937486410140991
13.3149995803833,-0.014300785958766937,-6.585787773132324,-0.06763509660959244,-1.3979697227478027
13.319999694824219,-0.010088270530104637,-6.6009416580200195,-0.020258892327547073,-1.4087462425231934
13.324999809265137,-0.02545897662639618,-6.674976825714111,-0.07067294418811798,-1.4151595830917358
13.329999923706055,-0.008184345439076424,-6.7422685623168945,-0.044297512620687485,-1.4259312152862549
13.335000038146973,0.0021048071794211864,-6.808086395263672,-0.02875267155468464,-1.4323495626449585
13.34000015258789,0.014102185145020485,-6.9133477210998535,-0.03751400113105774,-1.4452412128448486
13.345000267028809,-0.026208605617284775,-6.955058574676514,-0.06588418781757355,-1.4624289274215698
13.350000381469727,0.006927639711648226,-7.069334030151367,-0.035498928278684616,-1.471024990081787
13.354999542236328,0.014251448214054108,-7.11134672164917,-0.07974923402070999,-1.4860801696777344
13.359999656677246,0.017674531787633896,-7.187303066253662,-0.04264819994568825,-1.5011018514633179
13.364999771118164,-0.0096902372315526,-7.285339832305908,-0.04316975176334381,-1.5139936208724976
13.369999885559082,0.01406901702284813,-7.384789943695068,-0.03537023812532425,-1.5311810970306396
13.375,0.002370162634178996,-7.496710300445557,-0.07591551542282104,-1.5440728664398193
13.380000114440918,0.027529163286089897,-7.601372241973877,-0.019015980884432793,-1.5655561685562134
13.385000228881836,-0.025571752339601517,-7.708479881286621,-0.08591976016759872,-1.582743525505066
13.390000343322754,0.0027283919043838978,-7.838566780090332,-0.04481906071305275,-1.5999311208724976
13.395000457763672,0.010937822982668877,-7.952988147735596,-0.04448039457201958,-1.61711847782135
13.399999618530273,-0.008788029663264751,-8.063637733459473,-0.02582658641040325,-1.642897367477417
13.404999732971191,0.022013090550899506,-8.179038047790527,-0.037859443575143814,-1.6622412204742432
13.40999984741211,0.028235673904418945,-8.285411834716797,-0.04171347990632057,-1.6815705299377441
13.414999961853027,0.007624197751283646,-8.432428359985352,-0.011856548488140106,-1.707349419593811
13.420000076293945,0.009441882371902466,-8.53823184967041,-0.014193355105817318,-1.7245367765426636
13.425000190734863,-0.0016367030330002308,-8.688521385192871,0.012568156234920025,-1.7481858730316162
13.430000305175781,-0.006323541514575481,-8.832799911499023,-0.028850886970758438,-1.767505407333374
13.4350004196167,-0.005298607051372528,-8.976924896240234,-0.027919549494981766,-1.7846930027008057
13.4399995803833,0.008742007426917553,-9.162895202636719,-0.010122571140527725,-1.8169405460357666
13.444999694824219,0.02203630842268467,-9.285309791564941,0.060865532606840134,-1.8405487537384033
13.449999809265137,-0.0031790807843208313,-9.41664981842041,-0.011043746955692768,-1.8642098903656006
13.454999923706055,-0.010890970006585121,-9.54916000366211,0.07354186475276947,-1.8878130912780762
13.460000038146973,-0.018350770696997643,-9.703160285949707,-0.004090901464223862,-1.9050006866455078
13.46500015258789,-0.0068642026744782925,-9.839279174804688,0.018562570214271545,-1.9307794570922852
13.470000267028809,0.021896997466683388,-9.983123779296875,0.04476189613342285,-1.9544501304626465
13.475000381469727,0.00829753652215004,-10.053025245666504,0.05921283736824989,-1.978043794631958
13.479999542236328,-0.01434722263365984,-10.20217227935791,0.053255677223205566,-2.0060150623321533
13.484999656677246,-0.01827448233962059,-10.330205917358398,0.04873107746243477,-2.0338997840881348
13.489999771118164,-0.016503235325217247,-10.477808952331543,0.017045343294739723,-2.05757999420166
13.494999885559082,0.014583141542971134,-10.632981300354004,0.0860048234462738,-2.0768682956695557
13.5,0.005408480763435364,-10.806513786315918,0.058129098266363144,-2.100553512573242
13.505000114440918,0.006058601662516594,-10.930843353271484,0.04356301203370094,-2.1284282207489014
13.510000228881836,0.015588175505399704,-11.06180191040039,0.05373319610953331,-2.145615816116333
13.515000343322754,-0.011859518475830555,-11.173992156982422,0.057624489068984985,-2.1713945865631104
13.520000457763672,0.005172978155314922,-11.31461238861084,0.026362085714936256,-2.19508957862854
13.524999618530273,-0.02286512777209282,-11.408358573913574,0.06407948583364487,-2.2143635749816895
13.529999732971191,0.0254693441092968,-11.522233009338379,0.025972619652748108,-2.240142345428467
13.53499984741211,0.02541295439004898,-11.645428657531738,-0.010549291037023067,-2.2595484256744385
13.539999961853027,-0.018944505602121353,-11.751496315002441,-0.006492054555565119,-2.2831108570098877
13.545000076293945,0.002015249338001013,-11.849928855895996,0.014237785711884499,-2.308889865875244
13.550000190734863,-0.0015172935090959072,-11.949562072753906,-0.04401303082704544,-2.321781635284424
13.555000305175781,-0.017611093819141388,-12.001713752746582,0.02748984843492508,-2.3411974906921387
13.5600004196167,-0.002200583228841424,-12.118642807006836,-0.030639052391052246,-2.3582239151000977
13.5649995803833,-0.004658436868339777,-12.222064018249512,-0.013085911050438881,-2.3819353580474854
13.569999694824219,-0.028072727844119072,-12.331843376159668,0.013126958161592484,-2.394827365875244
13.574999809265137,-0.01684819720685482,-12.416542053222656,-0.013289112597703934,-2.4120147228240967
13.579999923706055,0.0006387188914231956,-12.525253295898438,-0.02820403128862381,-2.433497667312622
13.585000038146973,0.015929820016026497,-12.601042747497559,0.045456163585186005,-2.4506852626800537
13.59000015258789,-0.005328459199517965,-12.654163360595703,0.04240815341472626,-2.4592814445495605
13.595000267028809,0.01089470274746418,-12.811726570129395,0.05086129531264305,-2.476469039916992
13.600000381469727,0.011004161089658737,-12.905445098876953,-0.025599680840969086,-2.4871106147766113
13.604999542236328,-0.01750495284795761,-12.9576997756958,0.024868562817573547,-2.5022501945495605
13.609999656677246,-0.0001672979851718992,-13.011422157287598,0.03891310840845108,-2.5151422023773193
13.614999771118164,-0.0013945662649348378,-13.06721305847168,0.016398485749959946,-2.5214807987213135
13.619999885559082,0.0015077582793310285,-13.094752311706543,0.0009857257828116417,-2.532332181930542
13.625,0.009896302595734596,-13.137700080871582,0.01694035530090332,-2.5452237129211426
13.630000114440918,-0.000913609575945884,-13.173785209655762,0.022860264405608177,-2.5515553951263428
13.635000228881836,-0.011494654230773449,-13.188483238220215,0.07628845423460007,-2.5558512210845947
13.640000343322754,0.006267568562179804,-13.233534812927246,0.06129225715994835,-2.566711902618408
13.645000457763672,0.01952206715941429,-13.250749588012695,0.07667454332113266,-2.5687408447265625
13.649999618530273,0.013352557085454464,-13.252043724060059,-0.0038436742033809423,-2.5730361938476562
13.654999732971191,0.010078735649585724,-13.283223152160645,0.06765582412481308,-2.5730361938476562
13.65999984741211,0.0021744631230831146,-13.264398574829102,0.06997568905353546,-2.581627607345581
13.664999961853027,-0.00508300494402647,-13.272727012634277,0.057980090379714966,-2.583908796310425
13.670000076293945,0.005730224773287773,-13.28589916229248,0.04961499944329262,-2.583641767501831
13.675000190734863,0.012410544790327549,-13.297383308410645,0.013008423149585724,-2.583913803100586
13.680000305175781,0.02503150887787342,-13.27246379852295,0.06065895035862923,-2.579341411590576
13.6850004196167,0.03279314935207367,-13.236652374267578,0.12944911420345306,-2.5753273963928223
13.6899995803833,-0.0031790812499821186,-13.186405181884766,0.05165039002895355,-2.575040817260742
13.694999694824219,0.00882161408662796,-13.161726951599121,0.0765593871474266,-2.5687406063079834
13.699999809265137,0.01371410395950079,-13.137206077575684,-0.03315196558833122,-2.5730364322662354
13.704999923706055,-0.006340126506984234,-13.110835075378418,0.05918235331773758,-2.5621442794799805
13.710000038146973,-0.004044802859425545,-13.05074405670166,0.05451890453696251,-2.5558512210845947
13.71500015258789,0.036853086203336716,-13.002516746520996,-0.007663843221962452,-2.5492501258850098
13.720000267028809,0.00710343848913908,-12.949790000915527,0.03433770686388016,-2.5343704223632812
13.725000381469727,0.025585435330867767,-12.893769264221191,0.00005777707337983884,-2.532060146331787
13.729999542236328,-0.008207564242184162,-12.783546447753906,0.005848992150276899,-2.5214807987213135
13.734999656677246,0.011193227022886276,-12.660812377929688,0.03873699530959129,-2.5105745792388916
13.739999771118164,-0.0008008336299099028,-12.576628684997559,0.014596773311495781,-2.497682809829712
13.744999885559082,0.017100699245929718,-12.49695110321045,-0.025653865188360214,-2.4828150272369385
13.75,-0.007537542376667261,-12.427541732788086,-0.016577573493123055,-2.4719014167785645
13.755000114440918,0.0030103318858891726,-12.312740325927734,-0.0020961491391062737,-2.454713821411133
13.760000228881836,-0.011494653299450874,-12.211935043334961,-0.028336111456155777,-2.446117639541626
13.765000343322754,-0.009126357734203339,-12.116765022277832,0.02544768527150154,-2.4246344566345215
13.770000457763672,-0.022321151569485664,-12.033215522766113,0.010072175413370132,-2.414074659347534
13.774999618530273,0.0037566444370895624,-11.946038246154785,0.005114083178341389,-2.4008147716522217
13.779999732971191,-0.005590497050434351,-11.87276554107666,-0.0522054024040699,-2.3730721473693848
13.78499984741211,-0.004728092812001705,-11.769157409667969,-0.03491980955004692,-2.360180377960205
13.789999961853027,-0.014380392618477345,-11.656404495239258,-0.00010817046859301627,-2.3344016075134277
13.795000076293945,-0.006499339826405048,-11.527753829956055,0.019683562219142914,-2.317214012145996
13.800000190734863,-0.006479437462985516,-11.421753883361816,-0.05255422741174698,-2.3000266551971436
13.805000305175781,0.012758824042975903,-11.29167652130127,0.009774149395525455,-2.282839059829712
13.8100004196167,0.003975562285631895,-11.19214916229248,0.0056864311918616295,-2.254709005355835
13.8149995803833,-0.0012851067585870624,-11.071760177612305,0.01908412016928196,-2.231278896331787
13.819999694824219,0.014676015824079514,-10.939349174499512,0.00750846229493618,-2.2140915393829346
13.824999809265137,-0.008890855126082897,-10.805717468261719,0.04105348512530327,-2.1945455074310303
13.829999923706055,0.01222147885710001,-10.63800048828125,0.05877934768795967,-2.1754183769226074
13.835000038146973,0.0004330682859290391,-10.51250171661377,0.09194505959749222,-2.14963960647583
13.84000015258789,0.00515639316290617,-10.403908729553223,0.022250663489103317,-2.117199420928955
13.845000267028809,0.0003667302371468395,-10.234879493713379,0.10866507142782211,-2.0980794429779053
13.850000381469727,0.0030700371135026217,-10.096558570861816,0.05040409043431282,-2.074225902557373
13.854999542236328,0.010191511362791061,-9.965943336486816,0.11719272285699844,-2.0508153438568115
13.859999656677246,-0.0008472705376334488,-9.812789916992188,0.14364604651927948,-2.026956796646118
13.864999771118164,0.009979227557778358,-9.691340446472168,0.055148832499980927,-1.9925817251205444
13.869999885559082,0.02626872807741165,-9.550501823425293,0.10201703011989594,-1.9715583324432373
13.875,0.027701646089553833,-9.453072547912598,0.1299164593219757,-1.949610710144043
13.880000114440918,0.033622387796640396,-9.305333137512207,0.10138034075498581,-1.926211953163147
13.885000228881836,0.011899735778570175,-9.185876846313477,0.07782600820064545,-1.902341365814209
13.890000343322754,0.017750820145010948,-8.968867301940918,0.043014369904994965,-1.8746517896652222
13.895000457763672,0.029933948069810867,-8.851640701293945,0.060442205518484116,-1.8507765531539917
13.899999618530273,0.04214692488312721,-8.707406997680664,0.10123131424188614,-1.8273873329162598
13.904999732971191,0.026875726878643036,-8.577668190002441,0.056584782898426056,-1.8016085624694824
13.90999984741211,0.007969160564243793,-8.441129684448242,0.05635787174105644,-1.7820216417312622
13.914999961853027,0.012659315951168537,-8.330398559570312,0.058704838156700134,-1.7629355192184448
13.920000076293945,0.021419359371066093,-8.215591430664062,-0.005140769761055708,-1.737156629562378
13.925000190734863,0.007368794176727533,-8.113043785095215,0.02774723432958126,-1.7199691534042358
13.930000305175781,0.049095917493104935,-7.988585948944092,-0.003914794884622097,-1.698486089706421
13.9350004196167,0.05854257196187973,-7.852671146392822,0.03646792471408844,-1.6745915412902832
13.9399995803833,0.02183397486805916,-7.717416286468506,0.006180887576192617,-1.6555174589157104
13.944999694824219,0.028345132246613503,-7.630033016204834,0.017858142033219337,-1.6340341567993164
13.949999809265137,0.052548859268426895,-7.551199913024902,0.04857528954744339,-1.6211423873901367
13.954999923706055,0.023260261863470078,-7.423766136169434,0.04904942587018013,-1.5996590852737427
13.960000038146973,0.02145584486424923,-7.29135799407959,0.008277238346636295,-1.57575261592865
13.96500015258789,0.03921475261449814,-7.240806579589844,0.020804552361369133,-1.5609861612319946
13.970000267028809,0.019502166658639908,-7.159257888793945,0.011674073524773121,-1.5462268590927124
13.975000381469727,0.016805492341518402,-7.1037116050720215,0.04424712061882019,-1.5309091806411743
13.979999542236328,0.04295625910162926,-6.994651794433594,0.013543518260121346,-1.5137215852737427
13.984999656677246,0.02663690783083439,-6.927383899688721,0.03121180646121502,-1.4965342283248901
13.989999771118164,0.04169582575559616,-6.8197736740112305,-0.006454802118241787,-1.4860801696777344
13.994999885559082,0.03541021794080734,-6.74119758605957,0.04076561704277992,-1.4750486612319946
14,0.030245741829276085,-6.704860687255859,-0.02354058064520359,-1.4621567726135254
14.005000114440918,0.025817621499300003,-6.6339945793151855,-0.011094547808170319,-1.453560709953308
14.010000228881836,0.01595635525882244,-6.592985153198242,-0.014955354854464531,-1.4388206005096436
14.015000343322754,0.0008742219652049243,-6.534677028656006,0.03408031910657883,-1.4277795553207397
14.020000457763672,0.017913350835442543,-6.505327224731445,0.025302056223154068,-1.4173399209976196
14.024999618530273,0.00933905690908432,-6.460912704467773,0.06289415061473846,-1.410589575767517
14.029999732971191,0.038916222751140594,-6.442949295043945,-0.01661144196987152,-1.4001548290252686
14.03499984741211,0.018178706988692284,-6.39355993270874,0.01611400581896305,-1.3958592414855957
14.039999961853027,0.046648018062114716,-6.396210193634033,0.02485162951052189,-1.393397331237793
14.045000076293945,-0.000031303523428505287,-6.379107475280762,0.01341482624411583,-1.378674030303955
14.050000190734863,-0.0007212272030301392,-6.373021602630615,-0.022517802193760872,-1.3805030584335327
14.055000305175781,0.015803776681423187,-6.376674652099609,0.019355054944753647,-1.3811407089233398
14.0600004196167,0.024089496582746506,-6.402227878570557,-0.00841907225549221,-1.3762024641036987
14.0649995803833,0.03235531598329544,-6.359798908233643,0.01573808491230011,-1.378671646118164
14.069999694824219,-0.00259529915638268,-6.400110244750977,0.00010857761662919074,-1.3700803518295288
14.074999809265137,-0.002781048184260726,-6.4122819900512695,0.047545742243528366,-1.3743760585784912
14.079999923706055,0.015803778544068336,-6.428503513336182,0.046516191214323044,-1.3811527490615845
14.085000038146973,0.020855477079749107,-6.448110103607178,0.02008657529950142,-1.3829697370529175
14.09000015258789,0.00911350455135107,-6.490962982177734,-0.0015576672740280628,-1.3872654438018799
14.095000267028809,0.022799206897616386,-6.520081996917725,-0.014779249206185341,-1.3915610313415527
14.100000381469727,0.01254322286695242,-6.572246551513672,0.06206780672073364,-1.3983474969863892
14.104999542236328,-0.0038126171566545963,-6.635217666625977,0.06853635609149933,-1.404450535774231
14.109999656677246,0.0033984140027314425,-6.660893440246582,0.03538418933749199,-1.411241888999939
14.114999771118164,0.004459835588932037,-6.730801582336426,0.056517042219638824,-1.4173399209976196
14.119999885559082,-0.00044923785026185215,-6.808686256408691,0.0010907115647569299,-1.4259313344955444
14.125,0.005624081939458847,-6.8760762214660645,0.037917423993349075,-1.439528226852417
14.130000114440918,-0.007527591194957495,-6.959721565246582,-0.03736159950494766,-1.4517101049423218
14.135000228881836,-0.017836645245552063,-7.013797760009766,0.04034905508160591,-1.4645971059799194
14.140000343322754,0.01183339674025774,-7.091926097869873,0.004670428577810526,-1.4628114700317383
14.145000457763672,0.03372189402580261,-7.180983066558838,-0.03116060048341751,-1.4842945337295532
14.149999618530273,-0.0024360856041312218,-7.262907028198242,-0.01937158592045307,-1.5014820098876953
14.154999732971191,0.00920969620347023,-7.358220100402832,0.014667893759906292,-1.514373779296875
14.15999984741211,0.01659652590751648,-7.452678203582764,-0.01694672182202339,-1.5315613746643066
14.164999961853027,0.0014447357971221209,-7.56101655960083,-0.014237379655241966,-1.5462268590927124
14.170000076293945,0.003952343948185444,-7.6660308837890625,0.005669496953487396,-1.5641628503799438
14.175000190734863,-0.020357521250844002,-7.782908916473389,-0.03491642326116562,-1.5788280963897705
14.180000305175781,0.006804913282394409,-7.916481971740723,-0.020560305565595627,-1.6046069860458374
14.1850004196167,-0.007242334540933371,-8.010436058044434,-0.06705258786678314,-1.6217944622039795
14.1899995803833,0.019797373563051224,-8.095707893371582,-0.07074067741632462,-1.6432777643203735
14.194999694824219,-0.00861886516213417,-8.216913223266602,-0.03616271913051605,-1.660465121269226
14.199999809265137,-0.015040464699268341,-8.346173286437988,-0.07505191117525101,-1.684487223625183
14.204999923706055,-0.0035406274255365133,-8.464738845825195,-0.023923274129629135,-1.7034339904785156
14.210000038146973,-0.00027343982947058976,-8.592260360717773,-0.0691252276301384,-1.724916934967041
14.21500015258789,-0.006512608379125595,-8.723183631896973,-0.09418663382530212,-1.748946189880371
14.220000267028809,0.0010898227337747812,-8.871521949768066,-0.0740562379360199,-1.7721813917160034
14.225000381469727,-0.024191906675696373,-9.006109237670898,-0.09212753176689148,-1.7936644554138184
14.229999542236328,-0.03880966827273369,-9.201921463012695,-0.05225958675146103,-1.817700982093811
14.234999656677246,-0.0073153069242835045,-9.332357406616211,-0.024349994957447052,-1.8409290313720703
14.239999771118164,-0.018626078963279724,-9.493389129638672,-0.11785271763801575,-1.8624122142791748
14.244999885559082,-0.021807024255394936,-9.567926406860352,-0.03084563836455345,-1.8864558935165405
14.25,-0.014260984025895596,-9.707606315612793,0.0025673031341284513,-1.9096766710281372
14.255000114440918,-0.0350714735686779,-9.830533027648926,-0.013793724589049816,-1.9380207061767578
14.260000228881836,-0.021339336410164833,-9.982039451599121,0.01565680466592312,-1.95694100856781
14.265000343322754,-0.001009801053442061,-10.109615325927734,0.012199007906019688,-1.9938812255859375
14.270000457763672,-0.027581820264458656,-10.24449348449707,-0.017285387963056564,-2.0085010528564453
14.274999618530273,-0.049546606838703156,-10.374669075012207,-0.009252194315195084,-2.0342798233032227
14.279999732971191,-0.016284316778182983,-10.514602661132812,-0.013085911050438881,-2.058340549468994
14.28499984741211,-0.04696602746844292,-10.66322135925293,0.03516744077205658,-2.0901355743408203
14.289999961853027,0.004764994140714407,-10.834338188171387,-0.013383937999606133,-2.109905242919922
14.295000076293945,-0.02449374832212925,-10.933999061584473,0.03556029498577118,-2.1288084983825684
14.300000190734863,-0.0445181243121624,-11.065572738647461,-0.002732844790443778,-2.1588830947875977
14.305000305175781,-0.04639219865202904,-11.19733715057373,0.01570083200931549,-2.1760706901550293
14.3100004196167,-0.015727071091532707,-11.308688163757324,0.06194249540567398,-2.195849895477295
14.3149995803833,-0.0384083166718483,-11.43229866027832,0.031418390572071075,-2.223335027694702
14.319999694824219,-0.006071454845368862,-11.51734447479248,0.045882876962423325,-2.238823413848877
14.324999809265137,-0.0017959162360057235,-11.651897430419922,0.07974286377429962,-2.266303777694702
14.329999923706055,-0.007975378073751926,-11.7735013961792,0.042760368436574936,-2.283491373062134
14.335000038146973,-0.044800061732530594,-11.864047050476074,0.01652379333972931,-2.3006787300109863
14.34000015258789,-0.01917337439954281,-11.951725006103516,0.06610133498907089,-2.317866325378418
14.345000267028809,-0.01013470720499754,-12.037132263183594,0.04495832324028015,-2.3393492698669434
14.350000381469727,-0.016353974118828773,-12.124755859375,0.06793013960123062,-2.3651282787323
14.354999542236328,0.006294104270637035,-12.20338249206543,0.03257324919104576,-2.3849291801452637
14.359999656677246,0.003501239465549588,-12.31480598449707,0.04959467798471451,-2.3968899250030518
14.364999771118164,0.013823562301695347,-12.420372009277344,0.022419994696974754,-2.4123947620391846
14.369999885559082,-0.006950443610548973,-12.497249603271484,-0.006888296455144882,-2.4252867698669434
14.375,0.019362853839993477,-12.583795547485352,0.032285384833812714,-2.446769952774048
14.380000114440918,0.006061918567866087,-12.65829086303711,0.047792963683605194,-2.4639573097229004
14.385000228881836,0.006980711128562689,-12.730267524719238,0.057702384889125824,-2.481144905090332
14.390000343322754,0.007799995131790638,-12.85211181640625,0.04272989183664322,-2.485445261001587
14.395000457763672,0.022344784811139107,-12.912615776062012,-0.014406715519726276,-2.4957046508789062
14.399999618530273,0.003763278014957905,-12.972764015197754,0.03115423396229744,-2.5155222415924072
14.404999732971191,0.012304402887821198,-13.028446197509766,-0.016225360333919525,-2.5171852111816406
14.40999984741211,0.018042711541056633,-13.072504997253418,-0.0026312435511499643,-2.5214810371398926
14.414999961853027,-0.008867636322975159,-13.096772193908691,0.029271239414811134,-2.532714605331421
14.420000076293945,-0.002575397025793791,-13.125123023986816,0.000992498593404889,-2.5456066131591797
14.425000190734863,-0.0011988667538389564,-13.167486190795898,0.00631635170429945,-2.5515553951263428
14.430000305175781,-0.014937639236450195,-13.175989151000977,-0.004026554524898529,-2.5558512210845947
14.4350004196167,-0.007630416192114353,-13.208377838134766,0.02975553460419178,-2.5644426345825195
14.4399995803833,-0.015474983491003513,-13.218144416809082,0.0015987152000889182,-2.5628013610839844
14.444999694824219,0.0045328084379434586,-13.24034309387207,0.02296186238527298,-2.577332019805908
14.449999809265137,0.0005126752657815814,-13.27127456665039,0.045263126492500305,-2.581627368927002
14.454999923706055,-0.006562361493706703,-13.21899127960205,0.024584077298641205,-2.5730361938476562
14.460000038146973,-0.01383641455322504,-13.25137996673584,0.014319066889584064,-2.5730361938476562
14.46500015258789,-0.03581446781754494,-13.230979919433594,0.02398802526295185,-2.5730364322662354
14.470000267028809,-0.029575303196907043,-13.217540740966797,-0.01776968687772751,-2.5730364322662354
14.475000381469727,-0.024669546633958817,-13.2049560546875,0.0176888108253479,-2.5703649520874023
14.479999542236328,-0.015713803470134735,-13.156270027160645,-0.010166597552597523,-2.5671162605285645
14.484999656677246,-0.03615279868245125,-13.135640144348145,0.07589899003505707,-2.5660645961761475
14.489999771118164,-0.025027776136994362,-13.126955032348633,0.0030312766321003437,-2.5601468086242676
14.494999885559082,-0.01638714410364628,-13.065084457397461,0.08408457785844803,-2.5515553951263428
14.5,-0.01607866771519184,-13.033360481262207,0.10033384710550308,-2.544576406478882
14.505000114440918,-0.040020350366830826,-12.982300758361816,0.05623256042599678,-2.5343704223632812
14.510000228881836,-0.033671725541353226,-12.942728042602539,0.026243552565574646,-2.531682252883911
14.515000343322754,-0.015139973722398281,-12.823938369750977,0.07506924867630005,-2.5171852111816406
14.520000457763672,-0.01742534525692463,-12.72210693359375,0.02813670225441456,-2.5101969242095947
14.524999618530273,-0.0032686381600797176,-12.618285179138184,0.025115789845585823,-2.504295825958252
14.529999732971191,0.0028842887841165066,-12.56471061706543,0.006814194843173027,-2.484415292739868
14.53499984741211,-0.010088270530104637,-12.46033763885498,0.008395770564675331,-2.4715235233306885
14.539999961853027,0.0055643776431679726,-12.382326126098633,0.03190268576145172,-2.461334466934204
14.545000076293945,0.024225492030382156,-12.265459060668945,0.05953795835375786,-2.4473330974578857
14.550000190734863,-0.010061734355986118,-12.174818992614746,0.009337266907095909,-2.4242568016052246
14.555000305175781,-0.0034543867222964764,-12.059300422668457,0.04324127361178398,-2.4156606197357178
14.5600004196167,0.005965727381408215,-11.989378929138184,0.011911139823496342,-2.3984732627868652
14.5649995803833,0.0035443585366010666,-11.878164291381836,0.028109608218073845,-2.379704713821411
14.569999694824219,0.006924322806298733,-11.783153533935547,0.010434550233185291,-2.3570878505706787
14.574999809265137,0.025174135342240334,-11.68010425567627,0.06959977000951767,-2.3383193016052246
14.579999923706055,-0.0023896486964076757,-11.570590019226074,-0.021918360143899918,-2.3297231197357178
14.585000038146973,0.011097035370767117,-11.460065841674805,0.02074359357357025,-2.3082401752471924
14.59000015258789,0.007043733261525631,-11.321734428405762,-0.03182438760995865,-2.282461166381836
14.595000267028809,0.0017664791084825993,-11.218648910522461,-0.04565218463540077,-2.262544631958008
14.600000381469727,0.020474029704928398,-11.108819007873535,-0.05832512304186821,-2.239492654800415
14.604999542236328,0.028729896992444992,-10.982219696044922,-0.004233145155012608,-2.2180094718933105
14.609999656677246,0.01276545599102974,-10.865012168884277,-0.02135278843343258,-2.200821876525879
14.614999771118164,-0.014201277866959572,-10.707975387573242,0.027306968346238136,-2.1765999794006348
14.619999885559082,-0.0064130984246730804,-10.566446304321289,0.03837801143527031,-2.149261713027954
14.625,0.01342552900314331,-10.389527320861816,0.03371117264032364,-2.1320743560791016
14.630000114440918,-0.0005985002499073744,-10.288128852844238,0.029511695727705956,-2.1121408939361572
14.635000228881836,-0.018679149448871613,-10.16150188446045,0.04356301203370094,-2.0891056060791016
14.640000343322754,0.007451716810464859,-10.059863090515137,0.02660592645406723,-2.0590312480926514
14.645000457763672,0.007179728243499994,-9.887984275817871,0.007786170579493046,-2.034794807434082
14.649999618530273,-0.025701114907860756,-9.775786399841309,-0.036250773817300797,-2.0117666721343994
14.654999732971191,-0.009504488669335842,-9.657122611999512,0.032305702567100525,-1.9988747835159302
14.65999984741211,-0.026991404592990875,-9.551019668579102,0.000813004095107317,-1.9617444276809692
14.664999961853027,-0.025432441383600235,-9.398873329162598,0.012395435944199562,-1.9359608888626099
14.670000076293945,-0.004767896141856909,-9.298257827758789,-0.03123171627521515,-1.9172378778457642
14.675000190734863,0.0018460858846083283,-9.216625213623047,0.06445879489183426,-1.8957548141479492
14.680000305175781,-0.024450628086924553,-8.948752403259277,0.010654684156179428,-1.8672059774398804
14.6850004196167,-0.019143521785736084,-8.840566635131836,0.03770406171679497,-1.8484903573989868
14.6899995803833,-0.02435111813247204,-8.738588333129883,0.025183523073792458,-1.82271146774292
14.694999694824219,-0.014824863523244858,-8.57287311553955,0.043427541851997375,-1.7984510660171509
14.699999809265137,-0.032036472111940384,-8.460225105285645,0.008971504867076874,-1.7754470109939575
14.704999923706055,-0.014619213528931141,-8.336810111999512,0.093868687748909,-1.758259654045105
14.710000038146973,-0.00422391714528203,-8.221697807312012,-0.005120451096445322,-1.736776351928711
14.71500015258789,-0.03239801898598671,-8.125280380249023,0.0667109414935112,-1.7152934074401855
14.720000267028809,-0.007030049804598093,-7.995871543884277,0.00016276411770377308,-1.6953166723251343
14.725000381469727,0.020503882318735123,-7.876550674438477,0.04398295655846596,-1.6794118881225586
14.729999542236328,-0.013856315985321999,-7.766968250274658,-0.008341178297996521,-1.6609368324279785
14.734999656677246,-0.002114342525601387,-7.670930862426758,0.0004303104360587895,-1.6379495859146118
14.739999771118164,-0.018287749961018562,-7.552704334259033,0.021790070459246635,-1.6207621097564697
14.744999885559082,0.012466931715607643,-7.445690631866455,-0.06721854209899902,-1.5992789268493652
14.75,0.017737552523612976,-7.343550205230713,-0.029199713841080666,-1.5749921798706055
14.755000114440918,0.02184060961008072,-7.259206771850586,-0.01048494316637516,-1.5649014711380005
14.760000228881836,0.01170403603464365,-7.188516139984131,-0.020451931282877922,-1.5505224466323853
14.765000343322754,-0.017906302586197853,-7.0973920822143555,-0.006759602576494217,-1.5305289030075073
14.770000457763672,-0.00453239306807518,-7.028507709503174,0.015531497076153755,-1.5176371335983276
14.774999618530273,0.001676921616308391,-6.943652153015137,-0.019337713718414307,-1.5075609683990479
14.779999732971191,0.030431488528847694,-6.856991291046143,-0.04368791729211807,-1.4918558597564697
14.78499984741211,0.04487676918506622,-6.792474746704102,-0.011009878478944302,-1.47896409034729
14.789999961853027,0.04447541758418083,-6.702075958251953,-0.017844190821051598,-1.4617767333984375
14.795000076293945,0.01717367395758629,-6.659572124481201,-0.01735650934278965,-1.4560056924819946
14.800000190734863,0.02547929435968399,-6.60860013961792,0.029101906344294548,-1.437463402748108
14.805000305175781,0.018769122660160065,-6.592639446258545,-0.0005382781382650137,-1.4259313344955444
14.8100004196167,0.03829263895750046,-6.554056167602539,-0.04090068116784096,-1.421635627746582
14.8149995803833,0.023611856624484062,-6.489655017852783,0.03495069220662117,-1.414505124092102
14.819999694824219,0.014205009676516056,-6.494757652282715,-0.00852744746953249,-1.404450535774231
14.824999809265137,0.05324209854006767,-6.440346717834473,-0.04283785820007324,-1.3973151445388794
14.829999923706055,0.03454449772834778,-6.417781829833984,0.04500235244631767,-1.3915611505508423
14.835000038146973,0.04515207186341286,-6.4243621826171875,-0.01026142481714487,-1.3915610313415527
14.84000015258789,0.030302125960588455,-6.414464473724365,0.004131947178393602,-1.3872654438018799
14.845000267028809,0.02846786007285118,-6.402902126312256,-0.024177273735404015,-1.382969856262207
14.850000381469727,0.011558091267943382,-6.405938148498535,0.0020423680543899536,-1.3829697370529175
14.854999542236328,0.024713080376386642,-6.3836750984191895,0.04766766354441643,-1.3829697370529175
14.859999656677246,0.03376169875264168,-6.447192192077637,0.03432415798306465,-1.3915610313415527
14.864999771118164,0.044163625687360764,-6.465846538543701,0.017851371318101883,-1.3872654438018799
14.869999885559082,0.034265872091054916,-6.504280090332031,-0.013478766195476055,-1.3915610313415527
14.875,0.05034640431404114,-6.488390922546387,0.06374082714319229,-1.3915610313415527
14.880000114440918,0.02650422975420952,-6.548288345336914,0.0405285470187664,-1.3944272994995117
14.885000228881836,0.04918547719717026,-6.60560417175293,0.0066448599100112915,-1.4087462425231934
14.890000343322754,0.038402099162340164,-6.620985507965088,0.019155241549015045,-1.404450535774231
14.895000457763672,0.03589781001210213,-6.678921222686768,0.02765241079032421,-1.4159152507781982
14.899999618530273,0.017531901597976685,-6.7395782470703125,0.02933897264301777,-1.421635627746582
14.904999732971191,0.022059528157114983,-6.821685314178467,0.08833485841751099,-1.428809404373169
14.90999984741211,0.03683650493621826,-6.876435279846191,0.04267231747508049,-1.438820719718933
14.914999961853027,0.014855130575597286,-6.968569278717041,0.0980038270354271,-1.4502949714660645
14.920000076293945,0.015183508396148682,-7.043858051300049,0.06556624174118042,-1.4603015184402466
14.925000190734863,0.0206863135099411,-7.095094203948975,0.03748730942606926,-1.4746685028076172
14.930000305175781,0.011160057969391346,-7.17368745803833,0.011315084993839264,-1.4903758764266968
14.9350004196167,0.02035130187869072,-7.237268447875977,0.07591592520475388,-1.5018599033355713
14.9399995803833,0.014835230074822903,-7.349361896514893,-0.008662913925945759,-1.5190472602844238
14.944999694824219,-0.006320224609225988,-7.425681114196777,0.06044897809624672,-1.5276435613632202
14.949999809265137,0.0223713219165802,-7.527933120727539,0.001256660558283329,-1.5491266250610352
14.954999923706055,0.022802522405982018,-7.645871639251709,0.05152846872806549,-1.559116244316101
14.960000038146973,0.011879833415150642,-7.74202823638916,0.029995989054441452,-1.577812671661377
14.96500015258789,0.023515665903687477,-7.832484722137451,0.055182695388793945,-1.5934864282608032
14.970000267028809,0.01562797836959362,-7.979992866516113,0.014268266037106514,-1.6121923923492432
14.975000381469727,0.02936343289911747,-8.073542594909668,0.05707245692610741,-1.6350641250610352
14.979999542236328,0.0015740962699055672,-8.182877540588379,-0.04266852140426636,-1.6479560136795044
14.984999656677246,-0.0011292115086689591,-8.302702903747559,-0.0020588976331055164,-1.6737347841262817
14.989999771118164,0.0051099564880132675,-8.403600692749023,-0.009519741870462894,-1.6938414573669434
14.994999885559082,0.017070846632122993,-8.515008926391602,-0.06491898000240326,-1.7167035341262817
15,0.009189794771373272,-8.676088333129883,0.0014090596232563257,-1.7338910102844238
15.005000114440918,-0.006273787468671799,-8.782071113586426,-0.008618886582553387,-1.7553740739822388
15.010000228881836,0.010191510431468487,-8.894974708557129,-0.02527116984128952,-1.7840816974639893
15.015000343322754,0.005789929069578648,-9.072990417480469,0.014342773705720901,-1.8026385307312012
15.020000457763672,-0.0021342444233596325,-9.248302459716797,0.01627318002283573,-1.828417420387268
15.024999618530273,-0.010685320012271404,-9.33918571472168,-0.025084903463721275,-1.8485409021377563
15.029999732971191,0.0008244677446782589,-9.486754417419434,-0.05099974200129509,-1.8713860511779785
15.03499984741211,0.008887953124940395,-9.599016189575195,-0.028708644211292267,-1.892869234085083
15.039999961853027,0.00044965327833779156,-9.704596519470215,0.015968376770615578,-1.9215914011001587
15.045000076293945,0.014231545850634575,-9.848126411437988,-0.03595613315701485,-1.9401336908340454
15.050000190734863,-0.00844970066100359,-9.998684883117676,-0.0019640682730823755,-1.9702081680297852
15.055000305175781,0.020726116374135017,-10.110987663269043,0.006265553180128336,-1.9860503673553467
15.0600004196167,-0.008190980181097984,-10.235448837280273,-0.007775604259222746,-2.0088813304901123
15.0649995803833,0.009249499067664146,-10.358976364135742,-0.02901006117463112,-2.026068687438965
15.069999694824219,-0.012556075118482113,-10.524795532226562,0.003346237586811185,-2.0518476963043213
15.074999809265137,0.004018682986497879,-10.702499389648438,-0.014914716593921185,-2.0719950199127197
15.079999923706055,0.012112019583582878,-10.815935134887695,-0.01517210528254509,-2.103407621383667
15.085000038146973,-0.005354994907975197,-10.935436248779297,-0.025521785020828247,-2.1235599517822266
15.09000015258789,0.005577645264565945,-11.063210487365723,-0.01540917158126831,-2.146376371383667
15.095000267028809,0.0006055498961359262,-11.198015213012695,0.04756944999098778,-2.1678595542907715
15.100000381469727,0.00019424846686888486,-11.294970512390137,-0.06014038249850273,-2.192314624786377
15.104999542236328,0.007146558258682489,-11.40223503112793,0.039668332785367966,-2.2151238918304443
15.109999656677246,0.0004264345916453749,-11.494240760803223,-0.03274556249380112,-2.232311487197876
15.114999771118164,0.015246530994772911,-11.63693618774414,0.023642582818865776,-2.2537944316864014
15.119999885559082,0.01507073175162077,-11.734505653381348,0.03200428560376167,-2.275277853012085
15.125,0.020318133756518364,-11.82105827331543,0.06242001801729202,-2.2924652099609375
15.130000114440918,0.011461899615824223,-11.934221267700195,0.052856046706438065,-2.316934823989868
15.135000228881836,-0.009832865558564663,-12.017396926879883,0.04611656442284584,-2.3354339599609375
15.140000343322754,0.008834881708025932,-12.123311042785645,0.031672392040491104,-2.349630117416382
15.145000457763672,0.0020583700388669968,-12.197635650634766,0.050532788038253784,-2.368504524230957
15.149999618530273,-0.003971830476075411,-12.319046974182129,0.016550885513424873,-2.391292095184326
15.154999732971191,-0.024513650685548782,-12.388649940490723,0.004443522077053785,-2.404183864593506
15.15999984741211,-0.004091239999979734,-12.488666534423828,0.0034275194630026817,-2.4256670475006104
15.164999961853027,-0.001042970921844244,-12.568207740783691,0.076549232006073,-2.4355554580688477
15.170000076293945,-0.0054545034654438496,-12.637679100036621,0.1249820739030838,-2.454453945159912
15.175000190734863,0.006314006634056568,-12.726275444030762,0.057092782109975815,-2.4686381816864014
15.180000305175781,-0.00208780774846673,-12.84666919708252,0.03075799159705639,-2.4742236137390137
15.1850004196167,-0.004615317098796368,-12.90510368347168,0.045473095029592514,-2.4828150272369385
15.1899995803833,-0.03718768060207367,-12.94742488861084,0.0543021596968174,-2.4987175464630127
15.194999694824219,-0.009219232946634293,-13.008074760437012,0.013916052877902985,-2.5159049034118652
15.199999809265137,-0.01444673165678978,-13.008684158325195,0.0972181111574173,-2.5214807987213135
15.204999923706055,-0.021160220727324486,-13.080184936523438,-0.003843673039227724,-2.528799057006836
15.210000038146973,0.0032922725658863783,-13.089468955993652,0.0361868292093277,-2.538666009902954
15.21500015258789,-0.010111489333212376,-13.139126777648926,0.022663835436105728,-2.5343704223632812
15.220000267028809,-0.004389764741063118,-13.126465797424316,0.01707582175731659,-2.5459916591644287
15.225000381469727,-0.018042296171188354,-13.16085433959961,-0.020516278222203255,-2.551555633544922
15.229999542236328,0.011631064116954803,-13.163053512573242,-0.021698229014873505,-2.5545902252197266
15.234999656677246,-0.012655583210289478,-13.171786308288574,0.03474071994423866,-2.5614078044891357
15.239999771118164,-0.004592098295688629,-13.168980598449707,0.03184511139988899,-2.551555633544922
15.244999885559082,-0.008592328988015652,-13.173030853271484,-0.016171172261238098,-2.5644423961639404
15.25,0.00318281352519989,-13.154329299926758,0.02264690212905407,-2.5631911754608154
15.255000114440918,0.00781326275318861,-13.141634941101074,0.01359093002974987,-2.557102680206299
15.260000228881836,0.00317949615418911,-13.120197296142578,0.05054633691906929,-2.5558509826660156
15.265000343322754,-0.017186526209115982,-13.117926597595215,0.015179282985627651,-2.5515553951263428
15.270000457763672,-0.01995948888361454,-13.093993186950684,0.020045937970280647,-2.551555633544922
15.274999618530273,-0.022573238238692284,-13.053174018859863,0.0038440804928541183,-2.54849910736084
15.279999732971191,-0.01930936798453331,-13.015021324157715,-0.002102921949699521,-2.547257423400879
15.28499984741211,-0.0031691300682723522,-12.96781063079834,-0.013262017630040646,-2.542961597442627
15.289999961853027,0.0009239759529009461,-12.923998832702637,0.02459762617945671,-2.5313069820404053
15.295000076293945,-0.030858958140015602,-12.871549606323242,0.017936037853360176,-2.5171852111816406
15.300000190734863,0.017004508525133133,-12.800558090209961,0.04065724089741707,-2.5171852111816406
15.305000305175781,0.006124942097812891,-12.735417366027832,-0.00887288711965084,-2.5171852111816406
15.3100004196167,0.0012822060380131006,-12.636092185974121,-0.0022350032813847065,-2.505520820617676
15.3149995803833,0.00969396997243166,-12.58029842376709,0.08066404610872269,-2.492628812789917
15.319999694824219,0.011859932914376259,-12.488984107971191,0.03366714343428612,-2.4797370433807373
15.324999809265137,-0.004389765206724405,-12.397531509399414,0.04198143258690834,-2.4625496864318848
15.329999923706055,-0.005364945158362389,-12.319974899291992,0.06303639709949493,-2.4484448432922363
15.335000038146973,-0.003955245018005371,-12.22430419921875,0.05527413636445999,-2.4367682933807373
15.34000015258789,-0.01672215387225151,-12.142434120178223,0.055125121027231216,-2.4238765239715576
15.345000267028809,-0.0006117680459283292,-12.04648494720459,0.06940334290266037,-2.402393341064453
15.350000381469727,-0.00242613535374403,-11.9657564163208,0.031733352690935135,-2.3895015716552734
15.354999542236328,-0.025893496349453926,-11.89424991607666,0.04255716875195503,-2.3766095638275146
15.359999656677246,0.018324650824069977,-11.771333694458008,0.0769522488117218,-2.3551266193389893
15.364999771118164,0.003922491334378719,-11.672943115234375,0.10345298051834106,-2.33913516998291
15.369999885559082,0.006652333773672581,-11.551485061645508,0.04536133632063866,-2.3195557594299316
15.375,-0.013723637908697128,-11.451699256896973,0.07129310816526413,-2.3035643100738525
15.380000114440918,-0.027767568826675415,-11.317275047302246,0.06220666319131851,-2.2789740562438965
15.385000228881836,-0.009922422468662262,-11.227996826171875,0.054095569998025894,-2.2605953216552734
15.390000343322754,-0.011640599928796291,-11.123085021972656,0.0251665897667408,-2.239112377166748
15.395000457763672,-0.009603996761143208,-10.996627807617188,0.03298981115221977,-2.2219247817993164
15.399999618530273,-0.03465685620903969,-10.859238624572754,-0.019100645557045937,-2.200441598892212
15.404999732971191,-0.02215530537068844,-10.730052947998047,0.018755612894892693,-2.171543836593628
15.40999984741211,-0.010108171962201595,-10.577526092529297,-0.05069155618548393,-2.157472848892212
15.414999961853027,-0.012522906064987183,-10.41384506225586,0.0008604182512499392,-2.1359896659851074
15.420000076293945,0.0033320754300802946,-10.295015335083008,-0.012997857294976711,-2.1070847511291504
15.425000190734863,-0.0011391619918867946,-10.142779350280762,-0.01692640222609043,-2.0887253284454346
15.430000305175781,0.004413398914039135,-10.016963005065918,-0.030144598335027695,-2.0586509704589844
15.4350004196167,-0.0012784735299646854,-9.872745513916016,-0.03893302008509636,-2.0414633750915527
15.4399995803833,-0.006034967489540577,-9.752607345581055,-0.05011920630931854,-2.0211400985717773
15.444999694824219,0.0003733630001079291,-9.632336616516113,-0.019926996901631355,-1.9984946250915527
15.449999809265137,-0.006761377677321434,-9.513339042663574,0.010630977340042591,-1.9695754051208496
15.454999923706055,-0.013491451740264893,-9.386924743652344,-0.037503842264413834,-1.9512301683425903
15.460000038146973,-0.005703273694962263,-9.283287048339844,-0.049021925777196884,-1.9223061800003052
15.46500015258789,-0.011547724716365337,-9.143264770507812,-0.032884418964385986,-1.8985222578048706
15.470000267028809,-0.022205056622624397,-8.91407299041748,-0.08071444183588028,-1.879334807395935
15.475000381469727,0.0031231080647557974,-8.796829223632812,0.00950660090893507,-1.8567038774490356
15.479999542236328,0.006728623993694782,-8.67299747467041,-0.02649037353694439,-1.8320657014846802
15.484999656677246,0.019926734268665314,-8.578285217285156,-0.01264902949333191,-1.8137351274490356
15.489999771118164,0.01484517939388752,-8.44835090637207,-0.022067375481128693,-1.7965476512908936
15.494999885559082,0.005663885269314051,-8.309735298156738,0.015412965789437294,-1.7707687616348267
15.5,0.005401847418397665,-8.206767082214355,-0.03457775339484215,-1.7461210489273071
15.505000114440918,-0.010446500033140182,-8.098401069641113,0.012121114879846573,-1.7235044240951538
15.510000228881836,0.012214845046401024,-8.004227638244629,-0.004974823910742998,-1.7020213603973389
15.515000343322754,0.012848380953073502,-7.897051811218262,-0.025498077273368835,-1.6848338842391968
15.520000457763672,0.0014480528188869357,-7.7900590896606445,-0.03198694810271263,-1.6633505821228027
15.524999618530273,-0.021465377882122993,-7.702431678771973,-0.012923350557684898,-1.6386908292770386
15.529999732971191,0.011272833682596684,-7.578546524047852,-0.028190484270453453,-1.6246775388717651
15.53499984741211,0.0024995238054543734,-7.471295356750488,-0.009939690120518208,-1.6074899435043335
15.539999961853027,0.008244466036558151,-7.366311550140381,-0.00018267726409249008,-1.5945981740951538
15.545000076293945,0.0011826972477138042,-7.298521995544434,0.018874146044254303,-1.5688194036483765
15.550000190734863,-0.006028333678841591,-7.215249538421631,0.06682947278022766,-1.5634119510650635
15.555000305175781,-0.004611999727785587,-7.16322660446167,0.01793942227959633,-1.5398470163345337
15.5600004196167,-0.014682233333587646,-7.086196422576904,-0.005459118634462357,-1.5290416479110718
15.5649995803833,0.0051099564880132675,-6.99594259262085,0.03472040221095085,-1.5129587650299072
15.569999694824219,-0.0029203591402620077,-6.918905258178711,0.02335810475051403,-1.4957712888717651
15.574999809265137,-0.003786080749705434,-6.860264778137207,-0.006458188407123089,-1.4871751070022583
15.579999923706055,0.0014944897266104817,-6.781861305236816,0.052425939589738846,-1.477486491203308
15.585000038146973,0.008625914342701435,-6.717019557952881,0.06660594791173935,-1.4613940715789795
15.59000015258789,0.002884287852793932,-6.710642337799072,-0.011138573288917542,-1.4560058116912842
15.595000267028809,0.017004508525133133,-6.635447978973389,0.04306517168879509,-1.435612678527832
15.600000381469727,0.0036803537514060736,-6.586288928985596,-0.059693340212106705,-1.43560791015625
15.604999542236328,0.007756875827908516,-6.534727573394775,0.00873782578855753,-1.4259312152862549
15.609999656677246,-0.005374895874410868,-6.546669006347656,-0.03559037297964096,-1.4173399209976196
15.614999771118164,0.003932441584765911,-6.509244918823242,-0.032115641981363297,-1.4098243713378906
15.619999885559082,0.0004430200788192451,-6.50039005279541,-0.04718296229839325,-1.4130419492721558
15.625,0.00603206641972065,-6.456933975219727,-0.011345159262418747,-1.4087462425231934
15.630000114440918,-0.005434602033346891,-6.47988224029541,-0.07144849002361298,-1.404450535774231
15.635000228881836,-0.0032321522012352943,-6.4691267013549805,-0.0817236676812172,-1.4087461233139038
15.640000343322754,-0.0046418518759310246,-6.465002536773682,-0.09560903906822205,-1.4001548290252686
15.645000457763672,-0.0039121247828006744,-6.451149940490723,-0.02478010393679142,-1.404450535774231
15.649999618530273,0.02411603182554245,-6.466696262359619,-0.013800500892102718,-1.404450535774231
15.654999732971191,0.028799554333090782,-6.4705023765563965,0.004900721833109856,-1.4001548290252686
15.65999984741211,0.028308644890785217,-6.519108772277832,-0.03318244591355324,-1.3991007804870605
15.664999961853027,0.014185109175741673,-6.517343521118164,-0.0622435063123703,-1.405504584312439
15.670000076293945,0.023047976195812225,-6.576651573181152,-0.012493244372308254,-1.4130419492721558
15.675000190734863,0.021741099655628204,-6.616421222686768,-0.024556580930948257,-1.4162907600402832
15.680000305175781,0.011733888648450375,-6.665770053863525,-0.03229852020740509,-1.4259313344955444
15.6850004196167,0.017714334651827812,-6.703013896942139,-0.07470308989286423,-1.4248892068862915
15.6899995803833,0.020381156355142593,-6.7589240074157715,-0.08309187740087509,-1.4345250129699707
15.694999694824219,0.0343620628118515,-6.805812358856201,0.0013988993596285582,-1.446374773979187
15.699999809265137,0.017730919644236565,-6.91132116317749,-0.10144088417291641,-1.4517101049423218
15.704999923706055,0.009309204295277596,-6.965817928314209,-0.057945821434259415,-1.4678603410720825
15.710000038146973,0.03336698189377785,-7.056701183319092,-0.011819293722510338,-1.477486491203308
15.71500015258789,-0.0012950575910508633,-7.116388320922852,0.026670271530747414,-1.4850502014160156
15.720000267028809,0.0034382175654172897,-7.182806491851807,-0.05000406131148338,-1.493646264076233
15.725000381469727,0.01287159975618124,-7.242683410644531,-0.035495541989803314,-1.510833740234375
15.729999542236328,0.01943914406001568,-7.352899551391602,-0.04165252298116684,-1.528021216392517
15.734999656677246,0.014652797020971775,-7.431997299194336,0.04509378969669342,-1.54193115234375
15.739999771118164,-0.005364945624023676,-7.5686445236206055,0.0050057098269462585,-1.5538026094436646
15.744999885559082,-0.004568879492580891,-7.680171489715576,-0.030635664239525795,-1.5666944980621338
15.75,0.009511537849903107,-7.7743964195251465,0.01013652328401804,-1.5838818550109863
15.755000114440918,0.008662399835884571,-7.894218921661377,0.016601687297225,-1.6129480600357056
15.760000228881836,0.013398993760347366,-8.000662803649902,0.028746305033564568,-1.6192653179168701
15.765000343322754,0.009030581451952457,-8.104768753051758,0.0623793825507164,-1.6354442834854126
15.770000457763672,0.023688146844506264,-8.207831382751465,0.051670707762241364,-1.660222053527832
15.774999618530273,0.020503884181380272,-8.330934524536133,0.02806558459997177,-1.6827088594436646
15.779999732971191,0.022543802857398987,-8.42799186706543,0.02140737883746624,-1.704192042350769
15.78499984741211,0.0011196751147508621,-8.560853958129883,0.056716859340667725,-1.7213793992996216
15.789999961853027,0.006509705446660519,-8.703434944152832,0.10162417590618134,-1.742862582206726
15.795000076293945,0.010864850133657455,-8.829282760620117,0.07771763205528259,-1.7600500583648682
15.800000190734863,-0.0010197514202445745,-8.952303886413574,0.04891056567430496,-1.7848421335220337
15.805000305175781,0.009979226626455784,-9.159014701843262,0.11784635484218597,-1.8073145151138306
15.8100004196167,0.01283843070268631,-9.27174186706543,0.0686819851398468,-1.8321113586425781
15.8149995803833,-0.0015405116137117147,-9.409811973571777,0.09105436503887177,-1.8588745594024658
15.819999694824219,0.024072911590337753,-9.515748023986816,0.09207375347614288,-1.8717663288116455
15.824999809265137,-0.004933742806315422,-9.622446060180664,0.05895544961094856,-1.900866150856018
15.829999923706055,0.007683902513235807,-9.765172958374023,0.06779129058122635,-1.920003056526184
15.835000038146973,-0.004691606387495995,-9.879759788513184,0.09062764048576355,-1.9395416975021362
15.84000015258789,-0.001603533630259335,-10.014607429504395,0.06306010484695435,-1.9662927389144897
15.845000267028809,0.016901683062314987,-10.130326271057129,0.0541057325899601,-1.991106390953064
15.850000381469727,-0.0011159437708556652,-10.269291877746582,0.038862306624650955,-2.017852783203125
15.854999542236328,0.03478994965553284,-10.393465042114258,0.025488322600722313,-2.0350403785705566
15.859999656677246,0.007372110150754452,-10.520708084106445,0.027896249666810036,-2.059861421585083
15.864999771118164,-0.0006714725750498474,-10.675440788269043,0.026006484404206276,-2.0908961296081543
15.869999885559082,-0.01285459939390421,-10.783206939697266,-0.0057334392331540585,-2.103787899017334
15.875,0.02652081288397312,-10.943836212158203,-0.0012393195647746325,-2.1286160945892334
15.880000114440918,-0.00262515083886683,-11.091692924499512,0.016371391713619232,-2.1510519981384277
15.885000228881836,0.0032657375559210777,-11.175371170043945,0.0069869160652160645,-2.1725354194641113
15.890000343322754,0.0020152495708316565,-11.28605842590332,-0.04257369786500931,-2.197371006011963
15.895000457763672,-0.01800912618637085,-11.397514343261719,0.01465434581041336,-2.216445207595825
15.899999618530273,-0.005185830872505903,-11.493619918823242,-0.043393269181251526,-2.240342140197754
15.904999732971191,-0.016795126721262932,-11.61633014678955,-0.01146030519157648,-2.258470296859741
15.90999984741211,0.023260261863470078,-11.729113578796387,0.07178079336881638,-2.275657892227173
15.914999961853027,-0.0058425841853022575,-11.814531326293945,-0.03884157910943031,-2.2962098121643066
15.920000076293945,-0.024211807176470757,-11.898247718811035,-0.011321455240249634,-2.318626642227173
15.925000190734863,-0.0047712125815451145,-11.992310523986816,0.029369452968239784,-2.3358142375946045
15.930000305175781,-0.0001772492250893265,-12.089716911315918,-0.00438215397298336,-2.353001594543457
15.9350004196167,-0.012702020816504955,-12.185483932495117,0.05334372818470001,-2.3744847774505615
15.9399995803833,-0.026420891284942627,-12.307613372802734,-0.0061872536316514015,-2.388295888900757
15.944999694824219,-0.009152892976999283,-12.397110939025879,0.05191455036401749,-2.4036448001861572
15.949999809265137,-0.005978579167276621,-12.451699256896973,0.00045401763054542243,-2.418370246887207
15.954999923706055,-0.01052610669285059,-12.53271484375,0.02903078682720661,-2.4337289333343506
15.960000038146973,-0.009073286317288876,-12.5814847946167,0.022240502759814262,-2.4484448432922363
15.96500015258789,-0.033409684896469116,-12.696186065673828,0.01884366385638714,-2.4647204875946045
15.970000267028809,-0.033990152180194855,-12.76708698272705,0.04897492006421089,-2.481907606124878
15.975000381469727,-0.018778657540678978,-12.847188949584961,0.09532157331705093,-2.494799852371216
15.979999542236328,-0.014735305681824684,-12.939658164978027,0.10262663662433624,-2.500000238418579
15.984999656677246,0.006662284955382347,-12.976163864135742,0.06180363893508911,-2.5119895935058594
15.989999771118164,-0.021744003519415855,-13.050507545471191,0.06721894443035126,-2.524881362915039
15.994999885559082,-0.013458283618092537,-13.049138069152832,0.0913185179233551,-2.5343704223632812
16,-0.026862043887376785,-13.079886436462402,0.10429626703262329,-2.5343704223632812
16.0049991607666,-0.018801875412464142,-13.1132173538208,0.1011602059006691,-2.5343704223632812
16.010000228881836,-0.039366912096738815,-13.12263011932373,0.1334690898656845,-2.5506675243377686
16.014999389648438,-0.020049046725034714,-13.122223854064941,0.11033808439970016,-2.5515553951263428
16.020000457763672,0.024643424898386,-13.148625373840332,0.07434450089931488,-2.5601468086242676
16.024999618530273,-0.001610167440958321,-13.162365913391113,0.08968275785446167,-2.5558512210845947
16.030000686645508,-0.016805076971650124,-13.172586441040039,0.07825950533151627,-2.5515553951263428
16.03499984741211,0.007584392558783293,-13.152888298034668,0.008182411082088947,-2.5644426345825195
16.040000915527344,-0.005106224212795496,-13.137680053710938,0.03219055011868477,-2.5601468086242676
16.045000076293945,-0.02261967584490776,-13.117411613464355,0.03871329128742218,-2.5644423961639404
16.049999237060547,-0.006131159141659737,-13.117181777954102,-0.0031968196853995323,-2.5601468086242676
16.05500030517578,0.011083768680691719,-13.071048736572266,0.07527245581150055,-2.5515553951263428
16.059999465942383,0.0004662385326810181,-13.04669189453125,0.07908584922552109,-2.5515553951263428
16.065000534057617,-0.02092803455889225,-13.036850929260254,0.025454457849264145,-2.5515553951263428
16.06999969482422,0.0015044404426589608,-12.985796928405762,-0.004690340720117092,-2.5515553951263428
16.075000762939453,-0.03130674734711647,-12.933695793151855,-0.0027599369641393423,-2.531785726547241
16.079999923706055,-0.002313358476385474,-12.894659042358398,-0.03313841670751572,-2.5343680381774902
16.084999084472656,-0.018387258052825928,-12.78989028930664,-0.03934619575738907,-2.5214807987213135
16.09000015258789,-0.02578403614461422,-12.69625186920166,0.05030249431729317,-2.5128896236419678
16.094999313354492,-0.018493400886654854,-12.645675659179688,0.02662624605000019,-2.5094385147094727
16.100000381469727,-0.0048143332824110985,-12.572748184204102,-0.02406551130115986,-2.496546745300293
16.104999542236328,-0.010778193362057209,-12.497994422912598,-0.028552858158946037,-2.4828150272369385
16.110000610351562,-0.00871173944324255,-12.39665699005127,-0.0927405133843422,-2.475898504257202
16.114999771118164,-0.020065629854798317,-12.361065864562988,-0.003985915798693895,-2.457036256790161
16.1200008392334,0.008280951529741287,-12.251544952392578,-0.02407228760421276,-2.452740430831909
16.125,-0.010937406681478024,-12.169543266296387,-0.0250374898314476,-2.432922601699829
16.1299991607666,-0.029134148731827736,-12.06542682647705,0.013184529729187489,-2.422666072845459
16.135000228881836,-0.03291546180844307,-11.991779327392578,0.01747206225991249,-2.402013063430786
16.139999389648438,-0.026188703253865242,-11.941896438598633,0.0166084636002779,-2.3813531398773193
16.145000457763672,-0.01814843900501728,-11.822725296020508,0.05632739141583443,-2.3547487258911133
16.149999618530273,-0.017982592806220055,-11.71579647064209,0.06850925832986832,-2.3461525440216064
16.155000686645508,-0.023866845294833183,-11.640454292297363,0.04018310829997063,-2.324669361114502
16.15999984741211,-0.02527986280620098,-11.497611999511719,0.017749769613146782,-2.3074820041656494
16.165000915527344,-0.01179317943751812,-11.41305160522461,0.05103401467204094,-2.290294647216797
16.170000076293945,-0.033801086246967316,-11.294750213623047,0.02857019752264023,-2.2731070518493652
16.174999237060547,-0.039366915822029114,-11.197970390319824,0.06853635609149933,-2.2516238689422607
16.18000030517578,-0.03518424928188324,-11.070879936218262,0.05993419513106346,-2.2309443950653076
16.184999465942383,-0.01146811805665493,-10.953536987304688,0.09751952439546585,-2.2086551189422607
16.190000534057617,-0.005311874207109213,-10.823553085327148,0.036207154393196106,-2.1879708766937256
16.19499969482422,-0.03666360303759575,-10.680669784545898,0.11928907781839371,-2.1648898124694824
16.200000762939453,-0.03698866814374924,-10.530895233154297,0.1224217489361763,-2.1407041549682617
16.204999923706055,-0.03396361693739891,-10.393311500549316,-0.0011106259189546108,-2.118424415588379
16.209999084472656,-0.016171541064977646,-10.25121021270752,0.031415004283189774,-2.0969412326812744
16.21500015258789,-0.019087132066488266,-10.128686904907227,0.07894700020551682,-2.07545804977417
16.219999313354492,-0.0051460275426507,-10.019070625305176,0.02904772013425827,-2.050463914871216
16.225000381469727,-0.01133875735104084,-9.886994361877441,0.08172407001256943,-2.03248929977417
16.229999542236328,-0.02735294960439205,-9.74117374420166,0.03690480440855026,-2.003194570541382
16.235000610351562,-0.016824977472424507,-9.60693359375,0.015263949520885944,-1.9852248430252075
16.239999771118164,-0.0035804309882223606,-9.497066497802734,0.03969881311058998,-1.9637418985366821
16.2450008392334,-0.008078203536570072,-9.385379791259766,0.0415072962641716,-1.9379630088806152
16.25,-0.006731525529175997,-9.241569519042969,0.07402615994215012,-1.9086586236953735
16.2549991607666,-0.014493168331682682,-9.125520706176758,0.019155241549015045,-1.8949942588806152
16.260000228881836,0.007249383721500635,-8.916394233703613,-0.013353459537029266,-1.869215488433838
16.264999389648438,-0.012582611292600632,-8.795182228088379,0.002966930391266942,-1.839903712272644
16.270000457763672,0.004837966989725828,-8.644862174987793,0.002475862856954336,-1.821950912475586
16.274999618530273,0.00849655456840992,-8.519123077392578,0.0679030492901802,-1.796930193901062
16.280000686645508,0.027592185884714127,-8.40626335144043,0.026080992072820663,-1.7789822816848755
16.28499984741211,0.01990683190524578,-8.296905517578125,0.041652925312519073,-1.757499098777771
16.290000915527344,0.022401172667741776,-8.195252418518066,-0.020438384264707565,-1.736015796661377
16.295000076293945,0.005043616984039545,-8.059205055236816,0.04140908643603325,-1.718828558921814
16.299999237060547,0.012314354069530964,-7.979382514953613,-0.00845632515847683,-1.6973453760147095
16.30500030517578,-0.007978695444762707,-7.8770012855529785,-0.0325152724981308,-1.6766059398651123
16.309999465942383,0.008546307682991028,-7.742844581604004,-0.049225129187107086,-1.650080919265747
16.315000534057617,0.004184529650956392,-7.692980766296387,0.0007046324317343533,-1.6450417041778564
16.31999969482422,0.024082861840724945,-7.57262659072876,0.018813185393810272,-1.6242997646331787
16.325000762939453,0.0313834510743618,-7.464931488037109,0.03239036723971367,-1.6078461408615112
16.329999923706055,-0.0102308988571167,-7.356711387634277,-0.03572922572493553,-1.5891907215118408
16.334999084472656,0.013203294016420841,-7.306539058685303,-0.04079568758606911,-1.5691708326339722
16.34000015258789,-0.0060714539140462875,-7.22577428817749,-0.03602047637104988,-1.5591161251068115
16.344999313354492,-0.009126357734203339,-7.152647018432617,-0.060241978615522385,-1.5469534397125244
16.350000381469727,0.000018450851712259464,-7.094301700592041,0.03279338404536247,-1.5297660827636719
16.354999542236328,0.004108239430934191,-7.029958248138428,-0.03368028998374939,-1.5125786066055298
16.360000610351562,0.004781579133123159,-6.940728187561035,0.014004106633365154,-1.4989696741104126
16.364999771118164,-0.020506782457232475,-6.904472827911377,-0.009756811894476414,-1.4867974519729614
16.3700008392334,-0.005179197061806917,-6.824626445770264,-0.029301315546035767,-1.4782012701034546
16.375,-0.02423170953989029,-6.783735275268555,0.0061334725469350815,-1.4688951969146729
16.3799991607666,-0.015630878508090973,-6.682468891143799,0.004280958790332079,-1.4610114097595215
16.385000228881836,-0.012148091569542885,-6.689581871032715,-0.00403332756832242,-1.4517101049423218
16.389999389648438,-0.00805830117315054,-6.666396617889404,0.030331270769238472,-1.4395257234573364
16.395000457763672,-0.0013912490103393793,-6.60195779800415,0.05822392925620079,-1.4266339540481567
16.399999618530273,0.00005493713615578599,-6.589087963104248,0.002408128697425127,-1.4259312152862549
16.405000686645508,-0.003815933596342802,-6.559382915496826,0.016259629279375076,-1.4173399209976196
16.40999984741211,0.004751726984977722,-6.54216194152832,-0.023289965465664864,-1.4173399209976196
16.415000915527344,-0.0036666712258011103,-6.544120788574219,0.010969645343720913,-1.409439206123352
16.420000076293945,0.010062149725854397,-6.509037971496582,-0.024136634543538094,-1.4087462425231934
16.424999237060547,0.005660568363964558,-6.530071258544922,-0.009113341569900513,-1.4130419492721558
16.43000030517578,-0.0058823879808187485,-6.53221321105957,-0.03774768486618996,-1.404450535774231
16.434999465942383,-0.009935691021382809,-6.5394511222839355,-0.03318922221660614,-1.4087462425231934
16.440000534057617,0.010300969704985619,-6.545713424682617,-0.028549473732709885,-1.404450535774231
16.44499969482422,0.014311152510344982,-6.580053806304932,-0.04153398424386978,-1.416661262512207
16.450000762939453,0.006400246638804674,-6.596380710601807,-0.030127663165330887,-1.4173399209976196
16.454999923706055,0.0031463266350328922,-6.590179443359375,-0.043196845799684525,-1.4173399209976196
16.459999084472656,0.0004529701254796237,-6.6602630615234375,-0.06552180647850037,-1.4252623319625854
16.46500015258789,0.000496090215165168,-6.665068626403809,-0.02517295628786087,-1.4259337186813354
16.469999313354492,0.019356220960617065,-6.731377124786377,-0.029731424525380135,-1.4345250129699707
16.475000381469727,-0.024251611903309822,-6.758113861083984,-0.07179731875658035,-1.4345250129699707
16.479999542236328,0.0006221344810910523,-6.815151214599609,-0.04872389882802963,-1.4510482549667358
16.485000610351562,0.027635307982563972,-6.861677646636963,-0.06467513740062714,-1.4596444368362427
16.489999771118164,0.020530417561531067,-6.926936626434326,-0.09212075918912888,-1.464599609375
16.4950008392334,0.024039743468165398,-6.993391036987305,-0.05297078564763069,-1.4731907844543457
16.5,0.015896650031208992,-7.0847930908203125,-0.10306649655103683,-1.4854280948638916
16.5049991607666,0.027442924678325653,-7.1226372718811035,-0.05742087960243225,-1.4983198642730713
16.510000228881836,0.01118659321218729,-7.2075910568237305,-0.09938856214284897,-1.5118566751480103
16.514999389648438,0.00040321669075638056,-7.320652961730957,-0.029392754659056664,-1.5198053121566772
16.520000457763672,0.01358805876225233,-7.409279823303223,-0.1301429718732834,-1.5406484603881836
16.524999618530273,0.014812009409070015,-7.473538875579834,-0.08427722007036209,-1.5591161251068115
16.530000686645508,0.028056558221578598,-7.601151943206787,-0.07677573710680008,-1.571367859840393
16.53499984741211,0.006718672811985016,-7.702624797821045,-0.09122329205274582,-1.5842597484588623
16.540000915527344,0.014417295344173908,-7.784806251525879,-0.06269732117652893,-1.6014472246170044
16.545000076293945,0.008702204562723637,-7.912958145141602,-0.058138858526945114,-1.6272259950637817
16.549999237060547,0.01056632585823536,-8.022336959838867,-0.05736330896615982,-1.6358221769332886
16.55500030517578,0.009916204027831554,-8.12939453125,-0.07556668668985367,-1.657305359840393
16.559999465942383,0.011166691780090332,-8.233635902404785,0.012280289083719254,-1.678788661956787
16.565000534057617,-0.005530792288482189,-8.354997634887695,-0.03436777740716934,-1.6996532678604126
16.56999969482422,0.013578108511865139,-8.448994636535645,-0.012930124998092651,-1.7260528802871704
16.575000762939453,-0.0002402711979812011,-8.597623825073242,-0.03237641602754593,-1.7432403564453125
16.579999923706055,-0.012794895097613335,-8.709716796875,-0.05758344382047653,-1.7604278326034546
16.584999084472656,-0.012997228652238846,-8.864866256713867,-0.03131977096199989,-1.785597801208496
16.59000015258789,-0.005915558431297541,-9.00899600982666,-0.037527550011873245,-1.8033965826034546
16.594999313354492,-0.012748457491397858,-9.193382263183594,-0.08642437309026718,-1.8205840587615967
16.600000381469727,-0.019777055829763412,-9.32957935333252,-0.015036635100841522,-1.8506585359573364
16.604999542236328,0.011057231575250626,-9.441641807556152,0.005825285334140062,-1.867846131324768
16.610000610351562,-0.01207843516021967,-9.560105323791504,0.02849230356514454,-1.897323727607727
16.614999771118164,-0.0067845964804291725,-9.673686027526855,-0.00425346102565527,-1.910814881324768
16.6200008392334,-0.03520414978265762,-9.827046394348145,-0.01883310079574585,-1.936593770980835
16.625,-0.03167492523789406,-9.948548316955566,-0.0049274093471467495,-1.9574872255325317
16.6299991607666,-0.02578403800725937,-10.084136009216309,0.004985388368368149,-1.9838578701019287
16.635000228881836,-0.041177961975336075,-10.196392059326172,0.05302876606583595,-2.009052038192749
16.639999389648438,-0.029518915340304375,-10.329835891723633,0.037267182022333145,-2.0311224460601807
16.645000457763672,-0.03199998661875725,-10.450807571411133,0.01979532092809677,-2.047729969024658
16.649999618530273,-0.01509685255587101,-10.593310356140137,0.044436775147914886,-2.069795608520508
16.655000686645508,-0.017929520457983017,-10.738917350769043,-0.02091929316520691,-2.095574378967285
16.65999984741211,-0.031217189505696297,-10.876944541931152,0.04119911044836044,-2.1170573234558105
16.665000915527344,-0.011627331376075745,-10.996285438537598,0.010851111263036728,-2.138540744781494
16.670000076293945,-0.0219662394374609,-11.113149642944336,0.0035968520678579807,-2.1637513637542725
16.674999237060547,-0.021810341626405716,-11.22856616973877,0.018149398267269135,-2.181509494781494
16.68000030517578,-0.021863413974642754,-11.331745147705078,-0.013891940005123615,-2.2072882652282715
16.684999465942383,-0.010861118324100971,-11.404728889465332,-0.015155169181525707,-2.228771448135376
16.690000534057617,-0.01975715532898903,-11.507987976074219,0.015131869353353977,-2.2496962547302246
16.69499969482422,-0.022055797278881073,-11.619176864624023,-0.010786357335746288,-2.267444372177124
16.700000762939453,-0.024198541417717934,-11.732163429260254,-0.0024178829044103622,-2.2846319675445557
16.704999923706055,-0.0031857150606811047,-11.807815551757812,0.013783972710371017,-2.298074960708618
16.709999084472656,0.014354271814227104,-11.896967887878418,0.03109326958656311,-2.318455696105957
16.71500015258789,-0.01298727747052908,-11.977850914001465,0.016283338889479637,-2.3361942768096924
16.719999313354492,0.009747041389346123,-12.059090614318848,-0.05565303564071655,-2.353381872177124
16.725000381469727,0.0011462110560387373,-12.127367973327637,-0.007447097450494766,-2.3748648166656494
16.729999542236328,-0.017856547608971596,-12.227879524230957,-0.01202249526977539,-2.39205265045166
16.735000610351562,-0.006741476710885763,-12.297990798950195,-0.031265586614608765,-2.4011852741241455
16.739999771118164,-0.01030387170612812,-12.363709449768066,-0.018331872299313545,-2.4178338050842285
16.7450008392334,-0.006758060771971941,-12.439432144165039,-0.06201321259140968,-2.430725574493408
16.75,-0.01292757224291563,-12.501070976257324,-0.016956878826022148,-2.4479129314422607
16.7549991607666,0.01180022768676281,-12.549454689025879,0.019879989326000214,-2.4651005268096924
16.760000228881836,-0.0020446868147701025,-12.625004768371582,-0.05105393007397652,-2.465630054473877
16.764999389648438,0.009620997123420238,-12.738191604614258,-0.026094133034348488,-2.482290267944336
16.770000457763672,-0.001590265892446041,-12.828932762145996,0.006150403991341591,-2.4951822757720947
16.774999618530273,-0.0027777310460805893,-12.854704856872559,0.0047449348494410515,-2.500000238418579
16.780000686645508,-0.019783690571784973,-12.946797370910645,-0.03243060037493706,-2.5123722553253174
16.78499984741211,-0.01588296703994274,-12.98938274383545,-0.010393504053354263,-2.5171852111816406
16.790000915527344,-0.02131611853837967,-12.995333671569824,0.06706315279006958,-2.5214810371398926
16.795000076293945,-0.021289583295583725,-13.023872375488281,-0.030906599014997482,-2.533860206604004
16.799999237060547,-0.006088038440793753,-13.049687385559082,0.01151489932090044,-2.538666009902954
16.80500030517578,-0.0059818970039486885,-13.074755668640137,0.027181662619113922,-2.5467543601989746
16.809999465942383,-0.0003762652340810746,-13.100757598876953,0.03971574828028679,-2.547760248184204
16.815000534057617,-0.04439539834856987,-13.112109184265137,0.09301186352968216,-2.5467591285705566
16.81999969482422,-0.04712523892521858,-13.111817359924316,0.059727612882852554,-2.5515553951263428
16.825000762939453,-0.03458056598901749,-13.127880096435547,0.09973780065774918,-2.5515553951263428
16.829999923706055,-0.05966991186141968,-13.116127967834473,0.027439048513770103,-2.5558512210845947
16.834999084472656,-0.05014365538954735,-13.100184440612793,0.05060729384422302,-2.5515553951263428
16.84000015258789,-0.059125933796167374,-13.073862075805664,-0.0013544674729928374,-2.547745943069458
16.844999313354492,-0.03803682327270508,-13.04597282409668,0.1062876284122467,-2.542478084564209
16.850000381469727,-0.05242239311337471,-13.034512519836426,0.08161908388137817,-2.543445587158203
16.854999542236328,-0.050651147961616516,-13.003973960876465,0.07112716138362885,-2.5343704223632812
16.860000610351562,-0.04406370222568512,-12.965242385864258,0.06460781395435333,-2.5343704223632812
16.864999771118164,-0.050581492483615875,-12.923883438110352,0.09181635826826096,-2.5262529850006104
16.8700008392334,-0.04047476872801781,-12.8632173538208,0.06204748526215553,-2.5171852111816406
16.875,-0.04551320523023605,-12.724555969238281,0.03714526444673538,-2.509063243865967
16.8799991607666,-0.03864382207393646,-12.665335655212402,0.003051597625017166,-2.496171474456787
16.885000228881836,-0.04200056567788124,-12.578230857849121,0.032519061118364334,-2.4871106147766113
16.889999389648438,-0.04401395097374916,-12.520057678222656,-0.01019030250608921,-2.4703900814056396
16.895000457763672,-0.0383651964366436,-12.447093963623047,0.0039863199926912785,-2.461794137954712
16.899999618530273,-0.03137640282511711,-12.357954978942871,-0.01140273455530405,-2.457036256790161
16.905000686645508,-0.03556238114833832,-12.265910148620605,0.02426234446465969,-2.44460391998291
16.90999984741211,-0.031528979539871216,-12.189167022705078,-0.02485799603164196,-2.431259870529175
16.915000915527344,-0.026918431743979454,-12.069737434387207,-0.031153826043009758,-2.4106814861297607
16.920000076293945,-0.022855177521705627,-11.999531745910645,-0.041859108954668045,-2.4054811000823975
16.924999237060547,-0.025903448462486267,-11.915459632873535,-0.0279872827231884,-2.3887436389923096
16.93000030517578,-0.0024593051057308912,-11.857611656188965,-0.015246610157191753,-2.375851631164551
16.934999465942383,-0.016032230108976364,-11.73680591583252,-0.053864870220422745,-2.346217632293701
16.940000534057617,-0.01977705769240856,-11.621541023254395,-0.04003368690609932,-2.332444906234741
16.94499969482422,-0.0029070915188640356,-11.505253791809082,0.0011279657483100891,-2.3156979084014893
16.950000762939453,0.010818412527441978,-11.422989845275879,0.008548171259462833,-2.2942147254943848
16.954999923706055,-0.004283622372895479,-11.331418991088867,-0.023703141137957573,-2.281322956085205
16.959999084472656,-0.010277336463332176,-11.214755058288574,-0.0023332173004746437,-2.255972385406494
16.96500015258789,0.006247667130082846,-11.089622497558594,-0.01141289435327053,-2.242649793624878
16.969999313354492,-0.006824399344623089,-10.991933822631836,0.01556197740137577,-2.2211666107177734
16.975000381469727,-0.01762767881155014,-10.874059677124023,-0.023584606125950813,-2.199683666229248
16.979999542236328,-0.032291874289512634,-10.755208969116211,0.011975488625466824,-2.1867916584014893
16.985000610351562,-0.010240849107503891,-10.58055591583252,0.02336149290204048,-2.1653084754943848
16.989999771118164,-0.0311574824154377,-10.472990036010742,0.02583376318216324,-2.1399435997009277
16.9950008392334,0.011810177005827427,-10.312643051147461,0.041087351739406586,-2.109452724456787
17,-0.0012917413841933012,-10.198875427246094,0.06301946192979813,-2.0922653675079346
17.0049991607666,-0.01312659028917551,-10.099150657653809,-0.00035201082937419415,-2.0711889266967773
17.010000228881836,-0.0080649359151721,-10.012113571166992,0.020320259034633636,-2.0450010299682617
17.014999389648438,-0.015604344196617603,-9.848933219909668,0.027090223506093025,-2.0235178470611572
17.020000457763672,-0.024662911891937256,-9.746131896972656,0.01034311018884182,-2.002434015274048
17.024999618530273,-0.014904470182955265,-9.601638793945312,0.06400498747825623,-1.9762533903121948
17.030000686645508,-0.013862949796020985,-9.505219459533691,0.0806775838136673,-1.9508692026138306
17.03499984741211,-0.03836851567029953,-9.379222869873047,0.09418703615665436,-1.9414838552474976
17.040000915527344,-0.035230688750743866,-9.298973083496094,0.03553997352719307,-1.9164894819259644
17.045000076293945,-0.0235749538987875,-9.159808158874512,0.031692713499069214,-1.8903183937072754
17.049999237060547,-0.04994795843958855,-8.971080780029297,0.07274260371923447,-1.8688353300094604
17.05500030517578,-0.03572159633040428,-8.841843605041504,0.053685784339904785,-1.8477346897125244
17.059999465942383,-0.018748806789517403,-8.711302757263184,0.10090958327054977,-1.8340775966644287
17.065000534057617,-0.017458515241742134,-8.59970474243164,0.0850091502070427,-1.8090591430664062
17.06999969482422,-0.026268312707543373,-8.47374153137207,0.047518644481897354,-1.7789798974990845
17.075000762939453,-0.039433255791664124,-8.346077919006348,0.039136625826358795,-1.7614145278930664
17.079999923706055,-0.009952275082468987,-8.253660202026367,0.034879572689533234,-1.739931344985962
17.084999084472656,-0.02221500873565674,-8.149478912353516,0.06875310093164444,-1.7270395755767822
17.09000015258789,-0.008074887096881866,-8.061726570129395,0.10599298775196075,-1.7012608051300049
17.094999313354492,-0.04541701823472977,-7.924099922180176,0.009164547547698021,-1.6840733289718628
17.100000381469727,-0.015501518733799458,-7.830644607543945,0.040393080562353134,-1.6625901460647583
17.104999542236328,-0.003606966231018305,-7.7268571853637695,0.02237258106470108,-1.6454026699066162
17.110000610351562,-0.01308678463101387,-7.637423992156982,-0.006810401566326618,-1.6285713911056519
17.114999771118164,-0.0368758924305439,-7.529254913330078,0.02420477382838726,-1.6106715202331543
17.1200008392334,-0.0061941808089613914,-7.4150776863098145,0.023883039131760597,-1.5938401222229004
17.125,-0.013697102665901184,-7.34672212600708,0.008514304645359516,-1.5809483528137207
17.1299991607666,-0.027747666463255882,-7.243842601776123,0.06660256534814835,-1.5637608766555786
17.135000228881836,-0.01383641455322504,-7.208614349365234,0.05201953649520874,-1.5508689880371094
17.139999389648438,-0.014426830224692822,-7.14552116394043,-0.020539985969662666,-1.5293858051300049
17.145000457763672,-0.009574144147336483,-7.044996738433838,-0.024570127949118614,-1.520450234413147
17.149999618530273,-0.01750827021896839,-6.973286151885986,0.013479172252118587,-1.5121958255767822
17.155000686645508,-0.0034510705154389143,-6.942259311676025,0.01879286766052246,-1.4950083494186401
17.15999984741211,0.00807861890643835,-6.855320930480957,0.038645558059215546,-1.4821165800094604
17.165000915527344,-0.014081868343055248,-6.815606117248535,0.06265708804130554,-1.464929223060608
17.170000076293945,-0.0033747812267392874,-6.7495036125183105,0.00869041308760643,-1.4517101049423218
17.174999237060547,-0.0018224518280476332,-6.705145359039307,0.019311027601361275,-1.4517101049423218
17.18000030517578,-0.0032421029172837734,-6.677674293518066,0.01874545030295849,-1.4348498582839966
17.184999465942383,0.009292619302868843,-6.641842842102051,0.008067264221608639,-1.438820719718933
17.190000534057617,-0.0006714732735417783,-6.592531204223633,-0.030246194452047348,-1.4262514114379883
17.19499969482422,0.014904885552823544,-6.604926586151123,2.0120307908655377e-7,-1.421635627746582
17.200000762939453,0.018308067694306374,-6.5927276611328125,-0.027303176000714302,-1.4259313344955444
17.204999923706055,0.01306398306041956,-6.569610118865967,0.02336149290204048,-1.4173400402069092
17.209999084472656,0.011133522726595402,-6.586492538452148,-0.02199964039027691,-1.4173400402069092
17.21500015258789,0.013737321831285954,-6.5813212394714355,0.06044558808207512,-1.413349986076355
17.219999313354492,0.007435132283717394,-6.570152759552002,0.05228370055556297,-1.417034387588501
17.225000381469727,0.018231777474284172,-6.5921854972839355,0.07936355471611023,-1.4173399209976196
17.229999542236328,0.006320639979094267,-6.591277599334717,0.03307786211371422,-1.4173399209976196
17.235000610351562,0.01342552900314331,-6.617186546325684,-0.00529317045584321,-1.4173399209976196
17.239999771118164,0.002018566709011793,-6.646369934082031,0.05419039726257324,-1.4173399209976196
17.2450008392334,0.00030702431104145944,-6.686352252960205,0.039708975702524185,-1.421635627746582
17.25,0.020964937284588814,-6.696497917175293,0.009134066291153431,-1.421635627746582
17.2549991607666,0.02172783389687538,-6.7410454750061035,0.04497525468468666,-1.4342362880706787
17.260000228881836,0.02341284044086933,-6.808740139007568,0.04946259781718254,-1.4345250129699707
17.264999389648438,0.006649017333984375,-6.878316402435303,-0.004246688913553953,-1.4514261484146118
17.270000457763672,0.00895097479224205,-6.908535957336426,0.04316338151693344,-1.4517101049423218
17.274999618530273,-0.01246983464807272,-6.986935615539551,0.0830584242939949,-1.464320421218872
17.280000686645508,-0.0046750218607485294,-7.038111209869385,0.045117493718862534,-1.4772121906280518
17.28499984741211,-0.004787797573953867,-7.106656074523926,0.046597469598054886,-1.4817845821380615
17.290000915527344,-0.00501666683703661,-7.192142009735107,0.029626840725541115,-1.486080288887024
17.295000076293945,-0.019156789407134056,-7.25274133682251,0.0678759515285492,-1.5029957294464111
17.299999237060547,-0.0020214682444930077,-7.32598352432251,0.05817990005016327,-1.5201832056045532
17.30500030517578,0.005219415295869112,-7.395996570587158,0.026595765724778175,-1.5330750942230225
17.309999465942383,-0.011133106425404549,-7.481928825378418,0.010099268518388271,-1.54193115234375
17.315000534057617,0.015720851719379425,-7.605709552764893,0.04887670651078224,-1.554560661315918
17.31999969482422,-0.00028007381479255855,-7.6783552169799805,0.03342330455780029,-1.5760438442230225
17.325000762939453,-0.010997112840414047,-7.8206787109375,0.011457324959337711,-1.5932313203811646
17.329999923706055,-0.014602627605199814,-7.865591526031494,0.047562673687934875,-1.6061230897903442
17.334999084472656,-0.01820814423263073,-8.021944046020508,-0.025857064872980118,-1.6233105659484863
17.34000015258789,-0.002359796781092882,-8.08740234375,0.031574178487062454,-1.6362024545669556
17.344999313354492,-0.016765274107456207,-8.176066398620605,-0.0171600840985775,-1.65768563747406
17.350000381469727,-0.012990593910217285,-8.284319877624512,0.006279097869992256,-1.683223843574524
17.354999542236328,-0.0034444364719092846,-8.388436317443848,-0.04456167295575142,-1.70065438747406
17.360000610351562,0.017419125884771347,-8.514781951904297,0.011528446339070797,-1.7264331579208374
17.364999771118164,-0.0127285560593009,-8.66425895690918,0.003745866008102894,-1.7350292205810547
17.3700008392334,0.0035145070869475603,-8.755118370056152,-0.08501212298870087,-1.7608081102371216
17.375,0.011030696332454681,-8.871820449829102,-0.0543762631714344,-1.7779955863952637
17.3799991607666,-0.0030530374497175217,-9.018765449523926,-0.10350337624549866,-1.8035482168197632
17.385000228881836,-0.00922586489468813,-9.177645683288574,-0.07812701910734177,-1.8209643363952637
17.389999389648438,0.014437195844948292,-9.31161880493164,-0.08689511567354202,-1.8381518125534058
17.395000457763672,0.005093371961265802,-9.42900562286377,-0.08414175361394882,-1.8682262897491455
17.399999618530273,0.01352172065526247,-9.550122261047363,-0.04759613052010536,-1.8937885761260986
17.405000686645508,-0.00195512967184186,-9.643625259399414,-0.06521362066268921,-1.906899333000183
17.40999984741211,-0.0007278609555214643,-9.78474235534668,-0.023943593725562096,-1.9369739294052124
17.415000915527344,0.013495185412466526,-9.903188705444336,-0.04803302139043808,-1.966839075088501
17.420000076293945,0.007922722958028316,-10.063644409179688,-0.038726434111595154,-1.9756468534469604
17.424999237060547,-0.01451638713479042,-10.149383544921875,0.03169609606266022,-2.009812593460083
17.43000030517578,0.000569063238799572,-10.285017967224121,-0.029413072392344475,-2.027207136154175
17.434999465942383,-0.006622066255658865,-10.421886444091797,-0.008375046774744987,-2.0486903190612793
17.440000534057617,-0.0018290856387466192,-10.558173179626465,-0.07259996235370636,-2.0701732635498047
17.44499969482422,-0.01683824695646763,-10.706345558166504,-0.007111815735697746,-2.0873608589172363
17.450000762939453,-0.004187431186437607,-10.821928977966309,-0.004080740734934807,-2.1172428131103516
17.454999923706055,0.0027847804594784975,-10.965831756591797,0.002604554407298565,-2.1303296089172363
17.459999084472656,-0.006433000788092613,-11.062880516052246,-0.01717701554298401,-2.1645119190216064
17.46500015258789,-0.007355110254138708,-11.205334663391113,0.049537111073732376,-2.182075023651123
17.469999313354492,-0.005092956591397524,-11.314144134521484,-0.0105628352612257,-2.1988918781280518
17.475000381469727,-0.013587643392384052,-11.409747123718262,0.060360923409461975,-2.220560312271118
17.479999542236328,-0.01658284105360508,-11.510966300964355,0.05995452031493187,-2.2463390827178955
17.485000610351562,-0.010824630968272686,-11.655163764953613,0.030923940241336823,-2.267646551132202
17.489999771118164,-0.018261214718222618,-11.733016967773438,0.03827641159296036,-2.2808897495269775
17.4950008392334,-0.015760241076350212,-11.838807106018066,0.04137521982192993,-2.2977306842803955
17.5,0.014205009676516056,-11.936407089233398,0.02859390527009964,-2.3152599334716797
17.5049991607666,-0.0011855990160256624,-12.009976387023926,0.041537780314683914,-2.3279809951782227
17.510000228881836,-0.02863660827279091,-12.084031105041504,0.11275617778301239,-2.349463939666748
17.514999389648438,-0.027508847415447235,-12.176748275756836,0.06160383298993111,-2.3750815391540527
17.520000457763672,-0.014997344464063644,-12.255221366882324,0.03920435905456543,-2.3838412761688232
17.524999618530273,0.003411682089790702,-12.329092025756836,0.05648656561970711,-2.401028871536255
17.530000686645508,-0.00971677340567112,-12.40220832824707,0.034568000584840775,-2.414074659347534
17.53499984741211,-0.041254255920648575,-12.472681999206543,0.04438936337828636,-2.4268100261688232
17.540000915527344,0.00817481055855751,-12.55284309387207,-0.009208167903125286,-2.443997621536255
17.545000076293945,-0.006612116005271673,-12.613158226013184,-0.0280854981392622,-2.4568893909454346
17.549999237060547,-0.018284432590007782,-12.661100387573242,0.001774821081198752,-2.465630054473877
17.55500030517578,0.008214614354074001,-12.743163108825684,-0.02501716837286949,-2.482670545578003
17.559999465942383,-0.029369652271270752,-12.766209602355957,-0.04755888134241104,-2.4871106147766113
17.565000534057617,-0.013358774594962597,-12.833528518676758,-0.04627533257007599,-2.4998607635498047
17.56999969482422,-0.0037794464733451605,-12.900468826293945,-0.07729051262140274,-2.5084567070007324
17.575000762939453,-0.02072238363325596,-12.950121879577637,-0.04124273359775543,-2.5128896236419678
17.579999923706055,-0.025843743234872818,-12.953774452209473,-0.07924123108386993,-2.5171852111816406
17.584999084472656,-0.004781162831932306,-13.008216857910156,-0.03357868269085884,-2.5214810371398926
17.59000015258789,-0.015733705833554268,-13.01618766784668,-0.060367289930582047,-2.5257766246795654
17.594999313354492,-0.006704989355057478,-13.030338287353516,-0.06530167162418365,-2.534245252609253
17.600000381469727,-0.018546471372246742,-13.012019157409668,-0.08748440444469452,-2.5343704223632812
17.604999542236328,-0.032825905829668045,-13.065938949584961,0.0018967401701956987,-2.5343704223632812
17.610000610351562,-0.03013918548822403,-13.034302711486816,-0.026598747819662094,-2.542961597442627
17.614999771118164,-0.026075929403305054,-13.033523559570312,-0.026422638446092606,-2.5471441745758057
17.6200008392334,-0.03014249913394451,-13.016275405883789,-0.08545239269733429,-2.547370433807373
17.625,-0.033920496702194214,-13.016369819641113,-0.04205892235040665,-2.538666009902954
17.6299991607666,-0.02450370043516159,-12.995658874511719,-0.048984672874212265,-2.542961835861206
17.635000228881836,-0.03181423619389534,-12.97359848022461,-0.10297505557537079,-2.542961835861206
17.639999389648438,-0.028039557859301567,-12.961603164672852,-0.029081180691719055,-2.5343704223632812
17.645000457763672,0.0014779048506170511,-12.930867195129395,-0.010901506058871746,-2.5343704223632812
17.649999618530273,-0.02338920719921589,-12.895472526550293,-0.023171432316303253,-2.5300748348236084
17.655000686645508,-0.03382762148976326,-12.804176330566406,0.02320231683552265,-2.5215773582458496
17.65999984741211,-0.012950791046023369,-12.702231407165527,0.039685267955064774,-2.5129809379577637
17.665000915527344,-0.03739664703607559,-12.672754287719727,0.05623934045433998,-2.500000238418579
17.670000076293945,-0.02240739017724991,-12.629145622253418,0.0572587288916111,-2.4914088249206543
17.674999237060547,-0.016284316778182983,-12.533670425415039,0.08847371488809586,-2.4829015731811523
17.68000030517578,-0.026716100051999092,-12.467470169067383,-0.013627777807414532,-2.4743056297302246
17.684999465942383,-0.024540185928344727,-12.408761978149414,0.04430130496621132,-2.461413621902466
17.690000534057617,-0.017571289092302322,-12.3276948928833,0.0293999332934618,-2.4527406692504883
17.69499969482422,-0.01963111199438572,-12.217019081115723,0.055849868804216385,-2.4357070922851562
17.700000762939453,0.00541511457413435,-12.16681957244873,0.023717090487480164,-2.426961660385132
17.704999923706055,-0.010250800289213657,-12.063821792602539,0.04786070063710213,-2.4140748977661133
17.709999084472656,-0.022181838750839233,-11.993001937866211,0.015477310866117477,-2.392731189727783
17.71500015258789,-0.009375128895044327,-11.895049095153809,0.06884454935789108,-2.375473737716675
17.719999313354492,-0.009371810592710972,-11.831313133239746,0.0625690370798111,-2.3582863807678223
17.725000381469727,-0.02824188955128193,-11.702943801879883,0.050437960773706436,-2.3410987854003906
17.729999542236328,-0.023767337203025818,-11.615614891052246,0.02262997068464756,-2.3196158409118652
17.735000610351562,-0.01040006335824728,-11.484155654907227,-0.026507306843996048,-2.3067240715026855
17.739999771118164,-0.025104064494371414,-11.400168418884277,-0.016553867608308792,-2.289536476135254
17.7450008392334,-0.015647465363144875,-11.276472091674805,0.013110024854540825,-2.2723488807678223
17.75,-0.02754201553761959,-11.173827171325684,0.0005928721511736512,-2.2508656978607178
17.7549991607666,0.006416831165552139,-11.04628849029541,0.02058102935552597,-2.237974166870117
17.760000228881836,-0.008144542574882507,-10.925773620605469,-0.022362014278769493,-2.2207865715026855
17.764999389648438,0.0013352764071896672,-10.796859741210938,-0.05198865383863449,-2.195007562637329
17.770000457763672,0.0023436269257217646,-10.676244735717773,-0.00557426642626524,-2.169267177581787
17.774999618530273,0.003590797074139118,-10.502318382263184,-0.03702632337808609,-2.1477432250976562
17.780000686645508,-0.008356827311217785,-10.381513595581055,-0.0837048664689064,-2.1262600421905518
17.78499984741211,-0.004761262331157923,-10.26137924194336,-0.043057989329099655,-2.1005125045776367
17.790000915527344,-0.003295174101367593,-10.137462615966797,-0.024397406727075577,-2.0875871181488037
17.795000076293945,-0.012005463242530823,-10.039030075073242,-0.06485801935195923,-2.0618083477020264
17.799999237060547,-0.012874500826001167,-9.876472473144531,-0.04858504608273506,-2.036053419113159
17.80500030517578,0.004456519149243832,-9.770347595214844,-0.07905834913253784,-2.0188395977020264
17.809999465942383,0.0044731032103300095,-9.649101257324219,-0.022666817530989647,-1.99306058883667
17.815000534057617,-0.013199561275541782,-9.516181945800781,-0.08779259026050568,-1.963003158569336
17.81999969482422,-0.019597942009568214,-9.424729347229004,-0.03535668924450874,-1.9415006637573242
17.825000762939453,0.013107102364301682,-9.290318489074707,-0.05217491835355759,-1.9200174808502197
17.829999923706055,-0.020914766937494278,-9.2178955078125,-0.013786956667900085,-1.9071255922317505
17.834999084472656,-0.005719858221709728,-9.003374099731445,0.00336655811406672,-1.885642409324646
17.84000015258789,0.002967212116345763,-8.890151977539062,-0.044263649731874466,-1.864164113998413
17.844999313354492,-0.005600448232144117,-8.76712703704834,-0.014484608545899391,-1.8469693660736084
