Time (s),Fᵧ (N),rᵧ (m),vᵧ (m/s),aᵧ (m/s²)
0.009999999776482582,-0.03265155479311943,0,0,0
0.019999999552965164,-0.03265155479311943,0,0,0
0.029999999329447746,-0.03360627964138985,0,0,0
0.03999999910593033,-0.03647046163678169,0,0,0
0.05000000074505806,-0.03742518648505211,0,0,0
0.05999999865889549,-0.038379915058612823,0,0,0
0.07000000029802322,-0.038379915058612823,0,0,0
0.07999999821186066,-0.03647046163678169,0,0,0
0.09000000357627869,-0.038379915058612823,0,0,0
0.10000000149011612,-0.038379915058612823,0,0,0
0.10999999940395355,-0.038379915058612823,0,0,0
0.11999999731779099,-0.038379915058612823,0,0,0
0.12999999523162842,-0.03551573306322098,0,0,0
0.14000000059604645,-0.03551573306322098,0,0,0
0.15000000596046448,-0.03647046163678169,0,0,0
0.1599999964237213,-0.03933464363217354,0,0,0
0.17000000178813934,-0.040289368480443954,0,0,0
0.18000000715255737,-0.03933463990688324,0,0,0
0.1899999976158142,-0.03742518648505211,0,0,0
0.20000000298023224,-0.03551573306322098,0,0,0
0.20999999344348907,-0.03265155479311943,0,0,0
0.2199999988079071,-0.03265155479311943,0,0,0
0.23000000417232513,-0.03265155479311943,0,0,0
0.23999999463558197,-0.03265155479311943,0,0,0
0.25,-0.03265155479311943,0,0,0
0.25999999046325684,-0.0307421013712883,0,0,0
0.27000001072883606,-0.029787374660372734,0,0,0
0.2800000011920929,-0.02883264794945717,0,0,0
0.28999999165534973,-0.02883264794945717,0,0,0
0.30000001192092896,-0.029787374660372734,0,0,0
0.3100000023841858,-0.0307421013712883,0,0,0
0.3199999928474426,-0.03456100821495056,0,0,0
0.33000001311302185,-0.03742519021034241,0,0,0
0.3400000035762787,-0.04124409705400467,0,0,0
0.3499999940395355,-0.046017732471227646,0,0,0
0.36000001430511475,-0.052700821310281754,0,0,0
0.3700000047683716,-0.05938391014933586,0,0,0
0.3799999952316284,-0.06893117725849152,0,0,0
0.38999998569488525,-0.08802571892738342,0,0,0
0.4000000059604645,-0.10902970284223557,0,0,0
0.4099999964237213,-0.1300337016582489,0,0,0
0.41999998688697815,-0.15008297562599182,0,0,0
0.4300000071525574,-0.16249442100524902,0,0,0
0.4399999976158142,-0.1672680675983429,0,0,0
0.44999998807907104,-0.17204168438911438,0,0,0
0.46000000834465027,-0.17777001857757568,0,0,0
0.4699999988079071,-0.18349838256835938,0,0,0
0.47999998927116394,-0.1911362111568451,0,0,0
0.49000000953674316,-0.20068347454071045,0,0,0
0.5,-0.20832128822803497,0,0,0
0.5099999904632568,-0.21500436961650848,0,0,0
0.5199999809265137,-0.22455164790153503,0,0,0
0.5299999713897705,-0.23314419388771057,0,0,0
0.5400000214576721,-0.2417367547750473,0,0,0
0.550000011920929,-0.2531934678554535,0,0,0
0.5600000023841858,-0.26274073123931885,0,0,2.018587298249536e-15
0.5699999928474426,-0.2732427418231964,0,0,0.09090909361839294
0.5799999833106995,-0.28660890460014343,0,0,0.16363637149333954
0.5899999737739563,-0.2971108853816986,0,0,0.2181818187236786
0.6000000238418579,-0.3085675835609436,0,0,0.2545454502105713
0.6100000143051147,-0.3200243413448334,6.661338412448735e-18,6.661338147750939e-16,0.27272728085517883
0.6200000047683716,-0.3286169171333313,0.00020000000949949026,0.019999999552965164,0.27272728085517883
0.6299999952316284,-0.3352999687194824,0.0004000000189989805,0.019999999552965164,0.2545454502105713
0.6399999856948853,-0.3410283327102661,0.0006000000284984708,0.019999999552965164,0.2181818187236786
0.6499999761581421,-0.3458019495010376,0.000800000037997961,0.019999999552965164,0.16363637149333954
0.6600000262260437,-0.34866613149642944,0.0010000000474974513,0.019999999552965164,0.1818181872367859
0.6700000166893005,-0.3524850308895111,0.0012000000569969416,0.019999999552965164,0.0727272778749466
0.6800000071525574,-0.35439446568489075,0.00139999995008111,0.019999999552965164,0.05454545468091965
0.6899999976158142,-0.3601228594779968,0.001600000075995922,0.019999999552965164,0.12727272510528564
0.699999988079071,-0.3668059706687927,0.0017999999690800905,0.019999999552965164,0.1818181872367859
0.7099999785423279,-0.3715796172618866,0.002199999988079071,0.03999999910593033,0.2181818187236786
0.7200000286102295,-0.3763532340526581,0.0023999998811632395,0.019999999552965164,0.23636364936828613
0.7300000190734863,-0.3830363154411316,0.002599999774247408,0.019999999552965164,0.23636364936828613
0.7400000095367432,-0.38685521483421326,0.0029999997932463884,0.03999999910593033,0.2181818187236786
0.75,-0.3887646496295929,0.003399999812245369,0.03999999910593033,0.1818181872367859
0.7599999904632568,-0.39258357882499695,0.0037999998312443495,0.03999999910593033,0.0363636389374733
0.7699999809265137,-0.394493043422699,0.004200000315904617,0.03999999910593033,0.09090909361839294
0.7799999713897705,-0.4011761248111725,0.0046000005677342415,0.03999999910593033,0.0363636389374733
0.7900000214576721,-0.40594980120658875,0.004999999888241291,0.03999999910593033,-0.12727272510528564
0.800000011920929,-0.41072341799736023,0.005399999674409628,0.03999999910593033,-0.09090908616781235
0.8100000023841858,-0.41836121678352356,0.005599999334663153,0.019999999552965164,-0.05454545468091965
0.8199999928474426,-0.42504429817199707,0.005999999586492777,0.03999999910593033,-0.01818181946873665
0.8299999833106995,-0.42981797456741333,0.006399999372661114,0.03999999910593033,0.01818181946873665
0.8399999737739563,-0.43841052055358887,0.006599999964237213,0.019999999552965164,0.1454545557498932
0.8500000238418579,-0.44413885474205017,0.007000000216066837,0.03999999910593033,0.16363637149333954
0.8600000143051147,-0.44795775413513184,0.007400000002235174,0.03999999910593033,0.27272728085517883
0.8700000047683716,-0.44986721873283386,0.007800000254064798,0.03999999910593033,0.16363637149333954
0.8799999952316284,-0.4536861181259155,0.008200000040233135,0.03999999910593033,0.1454545557498932
0.8899999856948853,-0.4575050175189972,0.008800000883638859,0.06000000238418579,0.12727272510528564
0.8999999761581421,-0.4632333815097809,0.009200001135468483,0.03999999910593033,-2.0185875100077726e-15
0.9100000262260437,-0.46800702810287476,0.009800000116229057,0.06000000238418579,-0.0363636389374733
0.9200000166893005,-0.47373539209365845,0.010199999436736107,0.03999999910593033,-0.0727272778749466
0.9300000071525574,-0.47850900888442993,0.010599999688565731,0.03999999910593033,-0.01818181946873665
0.9399999976158142,-0.4842373728752136,0.010999999940395355,0.03999999910593033,0.01818181946873665
0.949999988079071,-0.4899657368659973,0.011399999260902405,0.03999999910593033,0.1454545557498932
0.9599999785423279,-0.4966488182544708,0.011799999512732029,0.03999999910593033,0.0727272778749466
0.9700000286102295,-0.5033319592475891,0.012199999764561653,0.03999999910593033,0.20000000298023224
0.9800000190734863,-0.5119245052337646,0.012800000607967377,0.06000000238418579,0.2181818187236786
0.9900000095367432,-0.519562304019928,0.013399998657405376,0.06000000238418579,0.2181818187236786
1,-0.529109537601471,0.014000000432133675,0.06000000238418579,0.20000000298023224
1.0099999904632568,-0.536747395992279,0.014399999752640724,0.03999999910593033,0.2545454800128937
1.0199999809265137,-0.5415210127830505,0.015000000596046448,0.06000000238418579,0.1818181723356247
1.0299999713897705,-0.5462946891784668,0.015599998645484447,0.06000000238418579,0.09090909361839294
1.0399999618530273,-0.5529777407646179,0.016200000420212746,0.06000000238418579,0.09090909361839294
1.0499999523162842,-0.5577513575553894,0.01679999940097332,0.06000000238418579,0.09090909361839294
1.059999942779541,-0.5653891563415527,0.01759999990463257,0.07999999821186066,0.09090909361839294
1.0700000524520874,-0.5739817023277283,0.018199998885393143,0.06000000238418579,0.0727272778749466
1.0800000429153442,-0.582574188709259,0.018800001591444016,0.06000000238418579,0.0363636389374733
1.090000033378601,-0.5930761694908142,0.01940000057220459,0.06000000238418579,3.633457094497517e-15
1.100000023841858,-0.6035782098770142,0.019999999552965164,0.06000000238418579,0.05454545468091965
1.1100000143051147,-0.6140802502632141,0.020600000396370888,0.06000000238418579,3.633457094497517e-15
1.1200000047683716,-0.6207633018493652,0.021400000900030136,0.07999999821186066,0.05454545468091965
1.1299999952316284,-0.6284011602401733,0.02200000174343586,0.06000000238418579,0.1090909093618393
1.1399999856948853,-0.6350842714309692,0.022599998861551285,0.06000000238418579,0.05454545468091965
1.149999976158142,-0.6427220106124878,0.023399997502565384,0.07999999821186066,3.2297400160124362e-15
1.159999966621399,-0.6503598093986511,0.024000000208616257,0.06000000238418579,0.0363636389374733
1.1699999570846558,-0.6618165373802185,0.02459999918937683,0.06000000238418579,0.05454545468091965
1.1799999475479126,-0.6704091429710388,0.02540000155568123,0.07999999821186066,0.0727272778749466
1.190000057220459,-0.6780468821525574,0.025999998673796654,0.06000000238418579,0.09090909361839294
1.2000000476837158,-0.6875941753387451,0.026599999517202377,0.06000000238418579,1.6148700080062181e-15
1.2100000381469727,-0.694277286529541,0.027399998158216476,0.07999999821186066,0.01818181946873665
1.2200000286102295,-0.6990509033203125,0.028200000524520874,0.07999999821186066,-0.05454545468091965
1.2300000190734863,-0.7066888213157654,0.02879999950528145,0.06000000238418579,-0.12727272510528564
1.2400000095367432,-0.7143265604972839,0.029600000008940697,0.07999999821186066,-0.09090909361839294
1.25,-0.7219642996788025,0.03020000085234642,0.06000000238418579,-0.05454545468091965
1.2599999904632568,-0.7334210872650146,0.030799999833106995,0.06000000238418579,-0.12727272510528564
1.2699999809265137,-0.7439231276512146,0.03140000253915787,0.06000000238418579,-0.09090909361839294
1.2799999713897705,-0.7544251084327698,0.03200000151991844,0.06000000238418579,-0.0363636389374733
1.2899999618530273,-0.7620629668235779,0.032600000500679016,0.06000000238418579,-0.0727272778749466
1.2999999523162842,-0.7716102600097656,0.033399999141693115,0.07999999821186066,-1.6148700080062181e-15
1.309999942779541,-0.7773386240005493,0.03400000184774399,0.06000000238418579,-0.01818181946873665
1.3200000524520874,-0.783066987991333,0.034599997103214264,0.06000000238418579,-0.0363636389374733
1.3300000429153442,-0.7907047271728516,0.03519999980926514,0.06000000238418579,-0.05454545468091965
1.340000033378601,-0.7983424663543701,0.03580000251531601,0.06000000238418579,-0.16363635659217834
1.350000023841858,-0.805025577545166,0.036399997770786285,0.06000000238418579,-0.2545454502105713
1.3600000143051147,-0.8117086291313171,0.03700000047683716,0.06000000238418579,-0.2181818187236786
1.3700000047683716,-0.8174370527267456,0.03760000318288803,0.06000000238418579,-0.2545454502105713
1.3799999952316284,-0.8250748515129089,0.038200002163648605,0.06000000238418579,-0.18181820213794708
1.3899999856948853,-0.8298485279083252,0.038600001484155655,0.03999999910593033,-0.1090909093618393
1.399999976158142,-0.838441014289856,0.039000000804662704,0.03999999910593033,-0.0363636389374733
1.409999966621399,-0.8470335006713867,0.03940000385046005,0.03999999910593033,0.0363636389374733
1.4199999570846558,-0.8556260466575623,0.039799999445676804,0.03999999910593033,0.1090909093618393
1.4299999475479126,-0.8632639050483704,0.04039999842643738,0.06000000238418579,0.09090909361839294
1.440000057220459,-0.8709017038345337,0.04100000113248825,0.06000000238418579,0.1818181872367859
1.4500000476837158,-0.8785395622253418,0.041600000113248825,0.06000000238418579,0.16363637149333954
1.4600000381469727,-0.8833131790161133,0.0421999990940094,0.06000000238418579,0.12727272510528564
1.4700000286102295,-0.8899962902069092,0.04280000180006027,0.06000000238418579,0.0727272778749466
1.4800000190734863,-0.8976340889930725,0.04320000112056732,0.03999999910593033,2.0185875100077726e-15
1.4900000095367432,-0.9043172001838684,0.043800003826618195,0.06000000238418579,0.01818181946873665
1.5,-0.9110003113746643,0.04440000280737877,0.06000000238418579,0.0363636389374733
1.5099999904632568,-0.9186381101608276,0.04500000178813934,0.06000000238418579,0.1454545557498932
1.5199999809265137,-0.926275908946991,0.045600004494190216,0.06000000238418579,0.1454545557498932
1.5299999713897705,-0.9358231425285339,0.04619999974966049,0.06000000238418579,0.23636361956596375
1.5399999618530273,-0.943461000919342,0.046799998730421066,0.06000000238418579,0.1090909019112587
1.5499999523162842,-0.9520534873008728,0.04739999771118164,0.06000000238418579,0.0727272778749466
1.559999942779541,-0.9596914052963257,0.04819999635219574,0.07999999821186066,0.0363636389374733
1.5700000524520874,-0.9654197692871094,0.04879999905824661,0.06000000238418579,0.09090909361839294
1.5800000429153442,-0.9711481928825378,0.04959999769926071,0.07999999821186066,0.0363636389374733
1.590000033378601,-0.980695366859436,0.05020000413060188,0.06000000238418579,0.0727272778749466
1.600000023841858,-0.9892879128456116,0.05080000311136246,0.06000000238418579,-8.07435004003109e-15
1.6100000143051147,-0.9988352060317993,0.05139999836683273,0.06000000238418579,-0.0727272778749466
1.6200000047683716,-1.0083824396133423,0.05220000073313713,0.07999999821186066,-0.0363636389374733
1.6299999952316284,-1.0169750452041626,0.052799999713897705,0.06000000238418579,4.844610024018654e-15
1.6399999856948853,-1.0255675315856934,0.0536000020802021,0.07999999821186066,0.0363636389374733
1.649999976158142,-1.0332053899765015,0.05420000106096268,0.06000000238418579,0.0727272778749466
1.659999966621399,-1.0398885011672974,0.05480000376701355,0.06000000238418579,-9.689220048037309e-15
1.6699999570846558,-1.0503904819488525,0.055400002747774124,0.06000000238418579,-0.0727272778749466
1.6799999475479126,-1.0580281019210815,0.056199997663497925,0.07999999821186066,-0.0363636389374733
1.690000057220459,-1.0656658411026,0.0568000003695488,0.06000000238418579,-0.09090909361839294
1.7000000476837158,-1.0761679410934448,0.0575999990105629,0.07999999821186066,-0.0363636389374733
1.7100000381469727,-1.0857152938842773,0.05820000171661377,0.06000000238418579,0.01818181946873665
1.7200000286102295,-1.0943078994750977,0.058800000697374344,0.06000000238418579,-0.0363636389374733
1.7300000190734863,-1.1019455194473267,0.05939999967813492,0.06000000238418579,-0.1818181872367859
1.7400000095367432,-1.1095833778381348,0.06000000238418579,0.06000000238418579,-0.1090909019112587
1.75,-1.1172211170196533,0.060600001364946365,0.06000000238418579,-0.2181818187236786
1.7599999904632568,-1.1239043474197388,0.06140000373125076,0.07999999821186066,-0.20000000298023224
1.7699999809265137,-1.1286780834197998,0.06199999898672104,0.06000000238418579,-0.16363637149333954
1.7799999713897705,-1.1363158226013184,0.06240000203251839,0.03999999910593033,-0.12727272510528564
1.7899999618530273,-1.1410894393920898,0.06300000101327896,0.06000000238418579,-0.09090909361839294
1.7999999523162842,-1.1496820449829102,0.06340000033378601,0.03999999910593033,-0.05454545468091965
1.809999942779541,-1.1573199033737183,0.06379999965429306,0.03999999910593033,-0.1090909093618393
1.8200000524520874,-1.1649577617645264,0.06440000236034393,0.06000000238418579,-0.0363636389374733
1.8300000429153442,-1.1725956201553345,0.0650000050663948,0.06000000238418579,0.05454545468091965
1.840000033378601,-1.1792786121368408,0.06560000032186508,0.06000000238418579,-0.05454545468091965
1.850000023841858,-1.1859617233276367,0.06620000302791595,0.06000000238418579,-0.05454545468091965
1.8600000143051147,-1.192644715309143,0.066600002348423,0.03999999910593033,-0.05454545468091965
1.8700000047683716,-1.197418451309204,0.06699999421834946,0.03999999910593033,-0.0727272778749466
1.8799999952316284,-1.2050559520721436,0.06759999692440033,0.06000000238418579,-0.09090910106897354
1.8899999856948853,-1.2098296880722046,0.06800000369548798,0.03999999910593033,-0.09090909361839294
1.899999976158142,-1.2165127992630005,0.06840000301599503,0.03999999910593033,0.01818181946873665
1.909999966621399,-1.2241506576538086,0.0689999982714653,0.06000000238418579,0.0363636389374733
1.9199999570846558,-1.22892427444458,0.06960000097751617,0.06000000238418579,-0.0363636389374733
1.9299999475479126,-1.235607385635376,0.07000000029802322,0.03999999910593033,-0.1090909093618393
1.940000057220459,-1.2441999912261963,0.07039999961853027,0.03999999910593033,0.01818181946873665
1.9500000476837158,-1.248018741607666,0.07099999487400055,0.06000000238418579,-0.05454545468091965
1.9600000381469727,-1.252792477607727,0.0714000016450882,0.03999999910593033,-0.0363636389374733
1.9700000286102295,-1.259475588798523,0.07180000841617584,0.03999999910593033,-0.01818181946873665
1.9800000190734863,-1.2632945775985718,0.07220000773668289,0.03999999910593033,0.01818181946873665
1.9900000095367432,-1.2699775695800781,0.07279999554157257,0.06000000238418579,-0.0363636389374733
2,-1.2776154279708862,0.07320000231266022,0.03999999910593033,-0.09090909361839294
2.009999990463257,-1.2842985391616821,0.0737999975681305,0.06000000238418579,-0.0363636389374733
2.0199999809265137,-1.2890721559524536,0.07419999688863754,0.03999999910593033,-0.0727272778749466
2.0299999713897705,-1.293845772743225,0.07459999620914459,0.03999999910593033,-0.01818181946873665
2.0399999618530273,-1.300528883934021,0.07500000298023224,0.03999999910593033,-0.0727272778749466
2.049999952316284,-1.307211995124817,0.07540000230073929,0.03999999910593033,0.0727272778749466
2.059999942779541,-1.3148497343063354,0.07580000162124634,0.03999999910593033,0.01818181946873665
2.069999933242798,-1.3205780982971191,0.07620000094175339,0.03999999910593033,0.0727272778749466
2.0799999237060547,-1.3263063430786133,0.07680000364780426,0.06000000238418579,0.0363636389374733
2.0899999141693115,-1.3310799598693848,0.07720000296831131,0.03999999910593033,1.609823385706477e-15
2.0999999046325684,-1.3387176990509033,0.07779999822378159,0.06000000238418579,-0.0363636389374733
2.109999895095825,-1.3454009294509888,0.07819999754428864,0.03999999910593033,-0.0727272778749466
2.119999885559082,-1.3530387878417969,0.07860000431537628,0.03999999910593033,-0.01818181946873665
2.130000114440918,-1.3568576574325562,0.07900000363588333,0.03999999910593033,0.01818181946873665
2.140000104904175,-1.3606765270233154,0.07940000295639038,0.03999999910593033,0.1454545557498932
2.1500000953674316,-1.365450143814087,0.07980000227689743,0.03999999910593033,0.0727272778749466
2.1600000858306885,-1.3692690134048462,0.08020000159740448,0.03999999910593033,0.10909092426300049
2.1700000762939453,-1.3769068717956543,0.08079999685287476,0.06000000238418579,0.05454545468091965
2.180000066757202,-1.3835901021957397,0.08139999955892563,0.06000000238418579,-0.09090909361839294
2.190000057220459,-1.3893184661865234,0.0820000022649765,0.06000000238418579,-0.12727272510528564
2.200000047683716,-1.3921825885772705,0.08240000158548355,0.03999999910593033,-0.16363637149333954
2.2100000381469727,-1.3979110717773438,0.0828000009059906,0.03999999910593033,-0.1090909093618393
2.2200000286102295,-1.4055488109588623,0.08319999277591705,0.03999999910593033,-0.16363637149333954
2.2300000190734863,-1.4122319221496582,0.08339999616146088,0.019999999552965164,-0.01818181946873665
2.240000009536743,-1.418915033340454,0.08380000293254852,0.03999999910593033,0.0363636389374733
2.25,-1.42559814453125,0.08420000225305557,0.03999999910593033,0.1090909093618393
2.259999990463257,-1.4303717613220215,0.08479999750852585,0.06000000238418579,0.09090909361839294
2.2699999809265137,-1.4380096197128296,0.0851999968290329,0.03999999910593033,0.0727272778749466
2.2799999713897705,-1.4456474781036377,0.08580000698566437,0.06000000238418579,0.05454545468091965
2.2899999618530273,-1.4532852172851562,0.08620000630617142,0.03999999910593033,0.01818181946873665
2.299999952316284,-1.4609229564666748,0.08660000562667847,0.03999999910593033,0.05454545468091965
2.309999942779541,-1.4637870788574219,0.08700000494718552,0.03999999910593033,0.0727272778749466
2.319999933242798,-1.4676059484481812,0.08740000426769257,0.03999999910593033,0.1818181872367859
2.3299999237060547,-1.4733343124389648,0.08779999613761902,0.03999999910593033,0.09090909361839294
2.3399999141693115,-1.476198434829712,0.08839999884366989,0.06000000238418579,0.1090909093618393
2.3499999046325684,-1.4819267988204956,0.08900000154972076,0.06000000238418579,0.0363636389374733
2.359999895095825,-1.486700415611267,0.08959999680519104,0.06000000238418579,-0.0363636389374733
2.369999885559082,-1.4914741516113281,0.09019999206066132,0.06000000238418579,-0.01818181946873665
2.380000114440918,-1.4972025156021118,0.09059999883174896,0.03999999910593033,-0.01818181946873665
2.390000104904175,-1.50484037399292,0.09100000560283661,0.03999999910593033,-0.0363636389374733
2.4000000953674316,-1.5096139907836914,0.09140000492334366,0.03999999910593033,0.0363636389374733
2.4100000858306885,-1.5172518491744995,0.09179999679327011,0.03999999910593033,0.01818181946873665
2.4200000762939453,-1.5258443355560303,0.09239999949932098,0.06000000238418579,0.01818181946873665
2.430000066757202,-1.5344369411468506,0.09300000965595245,0.06000000238418579,0.0363636389374733
2.440000057220459,-1.5411200523376465,0.09360000491142273,0.06000000238418579,-0.0363636389374733
2.450000047683716,-1.5497125387191772,0.094200000166893,0.06000000238418579,-0.01818181946873665
2.4600000381469727,-1.5554410219192505,0.09459999948740005,0.03999999910593033,-0.01818181946873665
2.4700000286102295,-1.5583051443099976,0.0949999988079071,0.03999999910593033,-0.0363636389374733
2.4800000190734863,-1.563078761100769,0.09539999067783356,0.03999999910593033,0.0363636389374733
2.490000009536743,-1.5688071250915527,0.0957999974489212,0.03999999910593033,0.1090909093618393
2.5,-1.575490117073059,0.09640000015497208,0.06000000238418579,0.09090909361839294
2.509999990463257,-1.583127737045288,0.09699999541044235,0.06000000238418579,0.1818181872367859
2.5199999809265137,-1.5926750898361206,0.09759999811649323,0.06000000238418579,0.16363637149333954
2.5299999713897705,-1.6003129482269287,0.0982000082731247,0.06000000238418579,0.12727272510528564
2.5399999618530273,-1.6098601818084717,0.09879999607801437,0.06000000238418579,0.0727272778749466
2.549999952316284,-1.6174980401992798,0.09919999539852142,0.03999999910593033,7.428779813523079e-14
2.559999942779541,-1.625135898590088,0.0998000055551529,0.06000000238418579,0.01818181946873665
2.569999933242798,-1.6327736377716064,0.10040000826120377,0.06000000238418579,-0.05454545468091965
2.5799999237060547,-1.639456868171692,0.10099999606609344,0.06000000238418579,-0.01818181946873665
2.5899999141693115,-1.6432757377624512,0.10160000622272491,0.06000000238418579,-0.0727272778749466
2.5999999046325684,-1.649958848953247,0.1021999940276146,0.06000000238418579,-0.01818181946873665
2.609999895095825,-1.6528230905532837,0.10279998928308487,0.06000000238418579,-0.0727272778749466
2.619999885559082,-1.6575967073440552,0.10319999605417252,0.03999999910593033,-0.0363636389374733
2.630000114440918,-1.6652345657348633,0.10379999876022339,0.06000000238418579,-0.09090909361839294
2.640000104904175,-1.6728724241256714,0.10419999063014984,0.03999999910593033,-0.0363636389374733
2.6500000953674316,-1.6814650297164917,0.10480000078678131,0.06000000238418579,-0.0727272778749466
2.6600000858306885,-1.6900575160980225,0.10540000349283218,0.06000000238418579,-0.09090909361839294
2.6700000762939453,-1.6957858800888062,0.10599999129772186,0.06000000238418579,-1.1707301794672276e-13
2.680000066757202,-1.7034237384796143,0.10639999806880951,0.03999999910593033,-0.01818181946873665
2.690000057220459,-1.7110613584518433,0.10699999332427979,0.06000000238418579,0.05454545468091965
2.700000047683716,-1.716789722442627,0.10740000009536743,0.03999999910593033,0.01818181946873665
2.7100000381469727,-1.7244274616241455,0.10780000686645508,0.03999999910593033,-0.01818181946873665
2.7200000286102295,-1.7301557064056396,0.10840000212192535,0.06000000238418579,-0.0363636389374733
2.7300000190734863,-1.7349294424057007,0.10900000482797623,0.06000000238418579,-0.0363636389374733
2.740000009536743,-1.7406578063964844,0.1096000075340271,0.06000000238418579,-0.12727272510528564
2.75,-1.7473409175872803,0.11020000278949738,0.06000000238418579,-0.1090909093618393
2.759999990463257,-1.7549787759780884,0.11059999465942383,0.03999999910593033,-0.09090909361839294
2.7699999809265137,-1.760707139968872,0.11100000143051147,0.03999999910593033,-0.1818181872367859
2.7799999713897705,-1.767390251159668,0.11139999330043793,0.03999999910593033,-0.0727272778749466
2.7899999618530273,-1.770254373550415,0.11179999262094498,0.03999999910593033,-0.05454545468091965
2.799999952316284,-1.775028109550476,0.11219999939203262,0.03999999910593033,-0.01818181946873665
2.809999942779541,-1.778847098350525,0.1128000020980835,0.06000000238418579,0.0363636389374733
2.819999933242798,-1.784575343132019,0.11319999396800995,0.03999999910593033,5.813405312693476e-14
2.8299999237060547,-1.7922132015228271,0.11380000412464142,0.06000000238418579,-0.0363636389374733
2.8399999141693115,-1.8008058071136475,0.11419999599456787,0.03999999910593033,-0.0727272778749466
2.8499999046325684,-1.808443546295166,0.11460000276565552,0.03999999910593033,-0.01818181946873665
2.859999895095825,-1.815126657485962,0.11500000953674316,0.03999999910593033,0.01818181946873665
2.869999885559082,-1.8189455270767212,0.11540000140666962,0.03999999910593033,0.1454545557498932
2.880000114440918,-1.82276451587677,0.11580000072717667,0.03999999910593033,0.0727272778749466
2.890000104904175,-1.8265833854675293,0.11620000749826431,0.03999999910593033,0.20000000298023224
2.9000000953674316,-1.8313571214675903,0.11679999530315399,0.06000000238418579,0.2181818187236786
2.9100000858306885,-1.8389947414398193,0.11740000545978546,0.06000000238418579,0.12727274000644684
2.9200000762939453,-1.8485418558120728,0.11799999326467514,0.06000000238418579,0.12727272510528564
2.930000066757202,-1.8561797142028809,0.11840000003576279,0.03999999910593033,0.10909092426300049
2.940000057220459,-1.863817572593689,0.11899999529123306,0.06000000238418579,0.0727272778749466
2.950000047683716,-1.8695460557937622,0.11959999799728394,0.06000000238418579,-0.0727272778749466
2.9600000381469727,-1.876229166984558,0.12000000476837158,0.03999999910593033,-0.01818181946873665
2.9700000286102295,-1.882912278175354,0.12060000002384186,0.06000000238418579,-0.05454545468091965
2.9800000190734863,-1.890549898147583,0.12120000272989273,0.06000000238418579,0.01818181946873665
2.990000009536743,-1.9010519981384277,0.1218000054359436,0.06000000238418579,-0.1090909093618393
3,-1.909644603729248,0.12219999730587006,0.03999999910593033,-0.0363636389374733
3.009999990463257,-1.9163275957107544,0.12280000746250153,0.06000000238418579,-0.05454545468091965
3.0199999809265137,-1.9201464653015137,0.12319999933242798,0.03999999910593033,-0.0727272778749466
3.0299999713897705,-1.9239654541015625,0.12380000203847885,0.06000000238418579,-0.09090909361839294
3.0399999618530273,-1.9277843236923218,0.1242000088095665,0.03999999910593033,-1.5745738046746283e-13
3.049999952316284,-1.9316033124923706,0.12480000406503677,0.06000000238418579,2.8260222599009975e-14
3.059999942779541,-1.9373316764831543,0.12520000338554382,0.03999999910593033,2.8260222599009975e-14
3.069999933242798,-1.9440147876739502,0.1257999837398529,0.06000000238418579,2.4223046731961483e-14
3.0799999237060547,-1.9497432708740234,0.12619999051094055,0.03999999910593033,2.0185872558978885e-14
3.0899999141693115,-1.9573811292648315,0.12680000066757202,0.06000000238418579,1.6148698385996287e-14
3.0999999046325684,-1.9640640020370483,0.12720000743865967,0.03999999910593033,2.4223046731961483e-14
3.109999895095825,-1.9707472324371338,0.12780000269412994,0.06000000238418579,2.4223046731961483e-14
3.119999885559082,-1.9783849716186523,0.1281999945640564,0.03999999910593033,-0.09090909361839294
3.130000114440918,-1.9831584692001343,0.12880000472068787,0.06000000238418579,-0.0727272778749466
3.140000104904175,-1.9898414611816406,0.1292000114917755,0.03999999910593033,-0.1454545557498932
3.1500000953674316,-1.9974793195724487,0.1297999918460846,0.06000000238418579,-0.1090909093618393
3.1600000858306885,-2.0022528171539307,0.13019999861717224,0.03999999910593033,-0.16363637149333954
3.1700000762939453,-2.0089361667633057,0.1306000053882599,0.03999999910593033,-0.01818181946873665
3.180000066757202,-2.0156192779541016,0.13100001215934753,0.03999999910593033,-0.0727272778749466
3.190000057220459,-2.0223023891448975,0.13140001893043518,0.03999999910593033,0.0727272778749466
3.200000047683716,-2.029940366744995,0.13180001080036163,0.03999999910593033,0.01818181946873665
3.2100000381469727,-2.0375781059265137,0.13220000267028809,0.03999999910593033,0.16363637149333954
3.2200000286102295,-2.0452158451080322,0.13279999792575836,0.06000000238418579,0.1090909093618393
3.2300000190734863,-2.051898956298828,0.13319998979568481,0.03999999910593033,0.1454545557498932
3.240000009536743,-2.0566725730895996,0.13379999995231628,0.06000000238418579,0.0727272778749466
3.25,-2.064310312271118,0.13420000672340393,0.03999999910593033,0.09090909361839294
3.259999990463257,-2.0690839290618896,0.134799987077713,0.06000000238418579,2.3415991368125333e-13
3.2699999809265137,-2.0757670402526855,0.13519999384880066,0.03999999910593033,4.037174596499072e-15
3.2799999713897705,-2.0824501514434814,0.13580000400543213,0.06000000238418579,4.037174596499072e-15
3.2899999618530273,-2.0862691402435303,0.13620001077651978,0.03999999910593033,1.0577835878108547e-26
3.299999952316284,-2.092952251434326,0.13680000603199005,0.06000000238418579,0
3.309999942779541,-2.099635124206543,0.1371999979019165,0.03999999910593033,0
3.319999933242798,-2.1044087409973145,0.13780000805854797,0.06000000238418579,0
3.3299999237060547,-2.1139559745788574,0.13820001482963562,0.03999999910593033,-4.037174596499072e-15
3.3399999141693115,-2.1206390857696533,0.1387999951839447,0.06000000238418579,-1.0936767589984108e-26
3.3499999046325684,-2.1263675689697266,0.13920000195503235,0.03999999910593033,-1.2111523365980741e-14
3.359999895095825,-2.1330506801605225,0.13979998230934143,0.06000000238418579,-8.074349192998143e-15
3.369999885559082,-2.1387791633605957,0.14019998908042908,0.03999999910593033,-8.074349192998143e-15
3.380000114440918,-2.14450740814209,0.14079999923706055,0.06000000238418579,-2.2589820881908894e-26
3.390000104904175,-2.1511905193328857,0.1412000060081482,0.03999999910593033,8.074349192998143e-15
3.4000000953674316,-2.156919002532959,0.14180000126361847,0.06000000238418579,2.0185872558978885e-14
3.4100000858306885,-2.163601875305176,0.14219999313354492,0.03999999910593033,2.0185872558978885e-14
3.4200000762939453,-2.16933012008667,0.1428000032901764,0.06000000238418579,2.4223046731961483e-14
3.430000066757202,-2.175058603286743,0.14320001006126404,0.03999999910593033,1.6148698385996287e-14
3.440000057220459,-2.1826963424682617,0.14379999041557312,0.06000000238418579,8.074349192998143e-15
3.450000047683716,-2.1893794536590576,0.14419999718666077,0.03999999910593033,1.2111523365980741e-14
3.4600000381469727,-2.1960628032684326,0.14480000734329224,0.06000000238418579,1.2111523365980741e-14
3.4700000286102295,-2.2017908096313477,0.14520001411437988,0.03999999910593033,8.074349192998143e-15
3.4800000190734863,-2.206564426422119,0.14580000936985016,0.06000000238418579,1.6148698385996287e-14
3.490000009536743,-2.2113382816314697,0.1462000012397766,0.03999999910593033,2.4223046731961483e-14
3.5,-2.2180213928222656,0.14680001139640808,0.06000000238418579,2.0185872558978885e-14
3.509999990463257,-2.222795009613037,0.14720000326633453,0.03999999910593033,2.0185872558978885e-14
3.5199999809265137,-2.2304329872131348,0.1477999985218048,0.06000000238418579,2.0185872558978885e-14
3.5299999713897705,-2.238070487976074,0.14820000529289246,0.03999999910593033,-0.09090909361839294
3.5399999618530273,-2.2437987327575684,0.14879998564720154,0.06000000238418579,-0.0727272778749466
3.549999952316284,-2.251436710357666,0.14919999241828918,0.03999999910593033,-0.1454545557498932
3.559999942779541,-2.258119583129883,0.14980000257492065,0.06000000238418579,-0.1090909093618393
3.569999933242798,-2.2619385719299316,0.1502000093460083,0.03999999910593033,-0.16363637149333954
3.5799999237060547,-2.2667124271392822,0.15060000121593475,0.03999999910593033,-0.01818181946873665
3.5899999141693115,-2.2714860439300537,0.1509999930858612,0.03999999910593033,-0.0727272778749466
3.5999999046325684,-2.2753047943115234,0.15139999985694885,0.03999999910593033,0.0727272778749466
3.609999895095825,-2.2819879055023193,0.1518000066280365,0.03999999910593033,0.01818181946873665
3.619999885559082,-2.289625883102417,0.15220001339912415,0.03999999910593033,0.0727272778749466
3.630000114440918,-2.295354127883911,0.15279999375343323,0.06000000238418579,0.0363636389374733
3.640000104904175,-2.302992105484009,0.15320000052452087,0.03999999910593033,1.2272821647840715e-13
3.6500000953674316,-2.3096752166748047,0.15379999577999115,0.06000000238418579,-0.12727272510528564
3.6600000858306885,-2.3134939670562744,0.1541999876499176,0.03999999910593033,-0.1454545557498932
3.6700000762939453,-2.3173129558563232,0.15459999442100525,0.03999999910593033,-0.16363637149333954
3.680000066757202,-2.3192222118377686,0.1550000011920929,0.03999999910593033,-0.1818181723356247
3.690000057220459,-2.324950695037842,0.15540000796318054,0.03999999910593033,-0.09090909361839294
3.700000047683716,-2.330678939819336,0.15559999644756317,0.019999999552965164,-0.09090909361839294
3.7100000381469727,-2.336407423019409,0.15599998831748962,0.03999999910593033,0.01818181946873665
3.7200000286102295,-2.343090772628784,0.15639999508857727,0.03999999910593033,0.0363636389374733
3.7300000190734863,-2.3478641510009766,0.15680000185966492,0.03999999910593033,-0.0363636389374733
3.740000009536743,-2.35359263420105,0.15720000863075256,0.03999999910593033,-0.09090909361839294
3.75,-2.359320878982544,0.15760000050067902,0.03999999910593033,-0.12727272510528564
3.759999990463257,-2.36600399017334,0.15799999237060547,0.03999999910593033,-0.34545454382896423
3.7699999809265137,-2.3736419677734375,0.15839999914169312,0.03999999910593033,-0.34545454382896423
3.7799999713897705,-2.3765060901641846,0.15860000252723694,0.019999999552965164,-0.3272727131843567
3.7899999618530273,-2.3793704509735107,0.15879999101161957,0.019999999552965164,-0.2909091114997864
3.799999952316284,-2.382234573364258,0.1589999943971634,0.019999999552965164,-0.23636364936828613
3.809999942779541,-2.3831892013549805,0.1589999943971634,7.460698725481052e-14,-0.16363637149333954
3.819999933242798,-2.384143829345703,0.15919999778270721,0.019999999552965164,-0.16363637149333954
3.8299999237060547,-2.387962818145752,0.15940001606941223,0.019999999552965164,-0.0363636389374733
3.8399999141693115,-2.390826940536499,0.15960000455379486,0.019999999552965164,-1.372651992070928e-13
3.8499999046325684,-2.393691062927246,0.15980000793933868,0.019999999552965164,0.0363636389374733
3.859999895095825,-2.397510051727295,0.1599999964237213,0.019999999552965164,0.0727272778749466
3.869999885559082,-2.400374412536621,0.1599999964237213,7.72715225139109e-14,2.809835697448193e-13
3.880000114440918,-2.4013290405273438,0.16019999980926514,0.019999999552965164,-0.0727272778749466
3.890000104904175,-2.404193162918091,0.16040000319480896,0.019999999552965164,-0.12727272510528564
3.9000000953674316,-2.4051477909088135,0.16060000658035278,0.019999999552965164,-0.16363635659217834
3.9100000858306885,-2.407057285308838,0.1608000099658966,0.019999999552965164,-0.1818181723356247
3.9200000762939453,-2.4080121517181396,0.16099999845027924,0.019999999552965164,-0.1818181872367859
3.930000066757202,-2.4089667797088623,0.16099999845027924,7.993605777301127e-14,-0.27272728085517883
3.940000057220459,-2.409921646118164,0.16099999845027924,0,-0.2545454800128937
3.950000047683716,-2.4080121517181396,0.16099999845027924,0,-0.2181818187236786
3.9600000381469727,-2.4061026573181152,0.16099999845027924,0,-0.16363637149333954
3.9700000286102295,-2.4061026573181152,0.16099999845027924,0,-0.09090909361839294
3.9800000190734863,-2.404193162918091,0.16099999845027924,0,-3.714251128883461e-13
3.990000009536743,-2.404193162918091,0.16099999845027924,0,0
4,-2.4051477909088135,0.16099999845027924,0,0
4.010000228881836,-2.4061026573181152,0.16099999845027924,0,0
4.019999980926514,-2.4061026573181152,0.16099999845027924,0,0
4.03000020980835,-2.4089667797088623,0.16099999845027924,0,0
4.039999961853027,-2.4118311405181885,0.16099999845027924,0,0
4.050000190734863,-2.412785768508911,0.16099999845027924,0,0
4.059999942779541,-2.4156501293182373,0.16099999845027924,0,0
4.070000171661377,-2.41660475730896,0.16099999845027924,0,0
4.079999923706055,-2.4156501293182373,0.16099999845027924,0,0
4.090000152587891,-2.4175596237182617,0.16099999845027924,0,0
4.099999904632568,-2.4156501293182373,0.16099999845027924,0,0
4.110000133514404,-2.4175596237182617,0.16099999845027924,0,0
4.119999885559082,-2.41660475730896,0.16099999845027924,0,0
4.130000114440918,-2.4146952629089355,0.16099999845027924,0,0
4.139999866485596,-2.412785768508911,0.16099999845027924,0,0
4.150000095367432,-2.412785768508911,0.16099999845027924,0,0
4.159999847412109,-2.4118311405181885,0.16099999845027924,0,0
4.170000076293945,-2.412785768508911,0.16099999845027924,0,0
4.179999828338623,-2.4118311405181885,0.16099999845027924,0,0
4.190000057220459,-2.4118311405181885,0.16099999845027924,0,0
4.199999809265137,-2.4108762741088867,0.16099999845027924,0,0
4.210000038146973,-2.4108762741088867,0.16099999845027924,0,-0.09090909361839294
4.21999979019165,-2.409921646118164,0.16099999845027924,0,-0.16363637149333954
4.230000019073486,-2.4089667797088623,0.16099999845027924,0,-0.2181818187236786
4.239999771118164,-2.404193162918091,0.16099999845027924,0,-0.2545454502105713
4.25,-2.4051477909088135,0.16099999845027924,0,-0.27272728085517883
4.260000228881836,-2.404193162918091,0.1608000099658966,-0.019999999552965164,-0.1818181723356247
4.269999980926514,-2.4013290405273438,0.16060000658035278,-0.019999999552965164,-0.09090909361839294
4.28000020980835,-2.4013290405273438,0.16040000319480896,-0.019999999552965164,-0.09090909361839294
4.289999961853027,-2.400374174118042,0.16020001471042633,-0.019999999552965164,-0.0727272778749466
4.300000190734863,-2.3984649181365967,0.1599999964237213,-0.019999999552965164,-0.0363636389374733
4.309999942779541,-2.3984649181365967,0.1599999964237213,-9.414691248821327e-14,0.01818181946873665
4.320000171661377,-2.397510051727295,0.1599999964237213,0,-0.1090909093618393
4.329999923706055,-2.393691062927246,0.1597999930381775,-0.019999999552965164,-0.12727272510528564
4.340000152587891,-2.3917815685272217,0.15959998965263367,-0.019999999552965164,-0.1454545557498932
4.349999904632568,-2.387962579727173,0.15940000116825104,-0.019999999552965164,-0.2545454502105713
4.360000133514404,-2.3860530853271484,0.15919999778270721,-0.019999999552965164,-0.34545454382896423
4.369999885559082,-2.384143829345703,0.15879999101161957,-0.03999999910593033,-0.2181818187236786
4.380000114440918,-2.381279706954956,0.15860000252723694,-0.019999999552965164,-0.0727272778749466
4.389999866485596,-2.37841534614563,0.15839999914169312,-0.019999999552965164,-0.1090909019112587
4.400000095367432,-2.37459659576416,0.15800000727176666,-0.03999999910593033,-0.0363636389374733
4.409999847412109,-2.3726871013641357,0.15760000050067902,-0.03999999910593033,0.0363636389374733
4.420000076293945,-2.3707776069641113,0.1573999971151352,-0.019999999552965164,0.1090909093618393
4.429999828338623,-2.365049362182617,0.15720000863075256,-0.019999999552965164,-0.01818181946873665
4.440000057220459,-2.3612306118011475,0.15680000185966492,-0.03999999910593033,0.05454545468091965
4.449999809265137,-2.3574116230010986,0.1566000133752823,-0.019999999552965164,0.12727272510528564
4.460000038146973,-2.35359263420105,0.15639999508857727,-0.019999999552965164,6.443456879168252e-13
4.46999979019165,-2.349773645401001,0.15620000660419464,-0.019999999552965164,-0.12727272510528564
4.480000019073486,-2.3459548950195312,0.155799999833107,-0.03999999910593033,-0.1454545557498932
4.489999771118164,-2.344045400619507,0.15559998154640198,-0.019999999552965164,-0.1454545557498932
4.5,-2.340226411819458,0.15539999306201935,-0.019999999552965164,-0.3272727131843567
4.510000228881836,-2.337362289428711,0.1550000011920929,-0.03999999910593033,-0.2909091114997864
4.519999980926514,-2.3344979286193848,0.15459999442100525,-0.03999999910593033,-0.3272727131843567
4.53000020980835,-2.3297243118286133,0.1542000025510788,-0.03999999910593033,-0.23636361956596375
4.539999961853027,-2.323996067047119,0.15380001068115234,-0.03999999910593033,-0.3272727131843567
4.550000190734863,-2.318267583847046,0.15320000052452087,-0.06000000238418579,-0.2909091114997864
4.559999942779541,-2.3134937286376953,0.15279999375343323,-0.03999999910593033,-0.2181818187236786
4.570000171661377,-2.3096749782562256,0.15220001339912415,-0.06000000238418579,-0.2181818187236786
4.579999923706055,-2.3029918670654297,0.1518000066280365,-0.03999999910593033,-0.20000000298023224
4.590000152587891,-2.296308755874634,0.15119999647140503,-0.06000000238418579,-0.16363637149333954
4.599999904632568,-2.286761522293091,0.15059998631477356,-0.06000000238418579,-0.1090909093618393
4.610000133514404,-2.2781689167022705,0.15000000596046448,-0.06000000238418579,-0.23636364936828613
4.619999885559082,-2.2686219215393066,0.149399995803833,-0.06000000238418579,-0.1454545557498932
4.630000114440918,-2.260983943939209,0.14879998564720154,-0.06000000238418579,-0.23636361956596375
4.639999866485596,-2.2562103271484375,0.14820000529289246,-0.06000000238418579,-0.20000000298023224
4.650000095367432,-2.2495272159576416,0.14760001003742218,-0.06000000238418579,-0.23636364936828613
4.659999847412109,-2.241889476776123,0.14680001139640808,-0.07999999821186066,-0.2545454502105713
4.670000076293945,-2.2342517375946045,0.1462000012397766,-0.06000000238418579,-0.34545454382896423
4.679999828338623,-2.225659132003784,0.1454000025987625,-0.07999999821186066,-0.30909091234207153
4.690000057220459,-2.2151572704315186,0.1446000039577484,-0.07999999821186066,-0.2545454502105713
4.699999809265137,-2.206564426422119,0.14379999041557312,-0.07999999821186066,-0.1818181872367859
4.710000038146973,-2.197972059249878,0.14299999177455902,-0.07999999821186066,-0.09090909361839294
4.71999979019165,-2.1893794536590576,0.1419999897480011,-0.10000000149011612,-0.09090909361839294
4.730000019073486,-2.1807870864868164,0.141199991106987,-0.07999999821186066,-0.0727272778749466
4.739999771118164,-2.1702849864959717,0.1403999924659729,-0.07999999821186066,-0.12727272510528564
4.75,-2.1607377529144287,0.13960000872612,-0.07999999821186066,-0.16363635659217834
4.760000228881836,-2.1511902809143066,0.1387999951839447,-0.07999999821186066,-0.09090908616781235
4.769999980926514,-2.1397335529327393,0.1379999965429306,-0.07999999821186066,-0.01818181946873665
4.78000020980835,-2.1292316913604736,0.13699999451637268,-0.10000000149011612,-0.05454545468091965
4.789999961853027,-2.1206390857696533,0.13600000739097595,-0.10000000149011612,-3.1489394425321393e-13
4.800000190734863,-2.1110918521881104,0.13500000536441803,-0.10000000149011612,0.05454545468091965
4.809999942779541,-2.102499485015869,0.13420000672340393,-0.07999999821186066,0.01818181946873665
4.820000171661377,-2.093906879425049,0.13339999318122864,-0.07999999821186066,0.09090909361839294
4.829999923706055,-2.0824501514434814,0.13259999454021454,-0.07999999821186066,0.16363635659217834
4.840000152587891,-2.070993423461914,0.13179999589920044,-0.07999999821186066,0.12727272510528564
4.849999904632568,-2.0566723346710205,0.13100001215934753,-0.07999999821186066,0.0727272778749466
4.860000133514404,-2.0442609786987305,0.1300000101327896,-0.10000000149011612,4.3277881278669383e-13
4.869999885559082,-2.0347137451171875,0.1292000114917755,-0.07999999821186066,0.01818181946873665
4.880000114440918,-2.0242116451263428,0.12839999794960022,-0.07999999821186066,0.0363636389374733
4.889999866485596,-2.0146644115448,0.12759998440742493,-0.07999999821186066,0.05454545468091965
4.900000095367432,-2.0070266723632812,0.12680000066757202,-0.07999999821186066,0.0727272778749466
4.909999847412109,-1.9984339475631714,0.12600000202655792,-0.07999999821186066,0.09090909361839294
4.920000076293945,-1.9898415803909302,0.12520000338554382,-0.07999999821186066,-0.09090909361839294
4.929999828338623,-1.9802944660186768,0.12440000474452972,-0.07999999821186066,-0.0727272778749466
4.940000057220459,-1.9697924852371216,0.12359999120235443,-0.07999999821186066,-0.054545462131500244
4.949999809265137,-1.9583356380462646,0.12280000746250153,-0.07999999821186066,-0.0363636389374733
4.960000038146973,-1.9487884044647217,0.12199999392032623,-0.07999999821186066,-0.01818181946873665
4.96999979019165,-1.9373316764831543,0.1210000067949295,-0.10000000149011612,-1.1142822775589423e-13
4.980000019073486,-1.9268295764923096,0.12020000070333481,-0.07999999821186066,-0.0727272778749466
4.989999771118164,-1.9182370901107788,0.11939998716115952,-0.07999999821186066,-0.0363636389374733
5,-1.9067803621292114,0.11859999597072601,-0.07999999821186066,-2.2608304117710532e-13
5.010000228881836,-1.895323634147644,0.11780001223087311,-0.07999999821186066,0.0363636389374733
5.019999980926514,-1.883866786956787,0.11699999868869781,-0.07999999821186066,0.16363637149333954
5.03000020980835,-1.8724099397659302,0.11600001156330109,-0.10000000149011612,0.16363637149333954
5.039999961853027,-1.861908197402954,0.1151999980211258,-0.07999999821186066,0.1454545557498932
5.050000190734863,-1.8523609638214111,0.1143999919295311,-0.07999999821186066,0.12727272510528564
5.059999942779541,-1.844723105430603,0.1136000007390976,-0.07999999821186066,0.20000000298023224
5.070000171661377,-1.8380402326583862,0.11299999803304672,-0.06000000238418579,0.16363637149333954
5.079999923706055,-1.829447627067566,0.11239999532699585,-0.06000000238418579,0.12727274000644684
5.090000152587891,-1.8199002742767334,0.11159999668598175,-0.07999999821186066,0.0727272778749466
5.099999904632568,-1.811307668685913,0.11080000549554825,-0.07999999821186066,0.09090909361839294
5.110000133514404,-1.8017605543136597,0.11020000278949738,-0.06000000238418579,5.894312815613034e-13
5.119999885559082,-1.7922132015228271,0.10939999669790268,-0.07999999821186066,-0.09090909361839294
5.130000114440918,-1.7817111015319824,0.10860000550746918,-0.07999999821186066,0.01818181946873665
5.139999866485596,-1.773118495941162,0.1080000028014183,-0.06000000238418579,0.0363636389374733
5.150000095367432,-1.7635712623596191,0.10740000009536743,-0.06000000238418579,0.05454545468091965
5.159999847412109,-1.7530691623687744,0.10660000145435333,-0.07999999821186066,0.05454545468091965
5.170000076293945,-1.7454314231872559,0.10579999536275864,-0.07999999821186066,0.1454545557498932
5.179999828338623,-1.7368390560150146,0.10519999265670776,-0.06000000238418579,0.12727272510528564
5.190000057220459,-1.7282465696334839,0.10440000146627426,-0.07999999821186066,0.09090909361839294
5.199999809265137,-1.7225183248519897,0.10379999876022339,-0.06000000238418579,0.1454545557498932
5.210000038146973,-1.7148804664611816,0.10319999605417252,-0.06000000238418579,0.20000000298023224
5.21999979019165,-1.7081973552703857,0.10260000079870224,-0.06000000238418579,0.23636364936828613
5.230000019073486,-1.6996047496795654,0.10199999809265137,-0.06000000238418579,0.145454540848732
5.239999771118164,-1.6891026496887207,0.10140000283718109,-0.06000000238418579,0.1454545557498932
5.25,-1.6824196577072144,0.10080000013113022,-0.06000000238418579,0.0363636389374733
5.260000228881836,-1.6747817993164062,0.10019999742507935,-0.06000000238418579,0.01818181946873665
5.269999980926514,-1.669053316116333,0.0998000055551529,-0.03999999910593033,1.227316859253591e-13
5.28000020980835,-1.6623703241348267,0.09919999539852142,-0.06000000238418579,-0.01818181946873665
5.289999961853027,-1.6547324657440186,0.09860000014305115,-0.06000000238418579,0.05454545468091965
5.300000190734863,-1.6480493545532227,0.09800000488758087,-0.06000000238418579,0.01818181946873665
5.309999942779541,-1.6394567489624023,0.0973999947309494,-0.06000000238418579,0.0727272778749466
5.320000171661377,-1.6308642625808716,0.09679999202489853,-0.06000000238418579,0.01818181946873665
5.329999923706055,-1.6232264041900635,0.09619999676942825,-0.06000000238418579,0.0727272778749466
5.340000152587891,-1.6146337985992432,0.0957999974489212,-0.03999999910593033,0.0363636389374733
5.349999904632568,-1.6060411930084229,0.09520000219345093,-0.06000000238418579,2.5192348207525583e-13
5.360000133514404,-1.6003128290176392,0.09480001032352448,-0.03999999910593033,-0.0363636389374733
5.369999885559082,-1.5926753282546997,0.094200000166893,-0.06000000238418579,-0.0727272778749466
5.380000114440918,-1.5879017114639282,0.09359999746084213,-0.06000000238418579,-0.1090909093618393
5.389999866485596,-1.5831280946731567,0.09300000220537186,-0.06000000238418579,-0.23636364936828613
5.400000095367432,-1.5754902362823486,0.09239999949932098,-0.06000000238418579,-0.1454545557498932
5.409999847412109,-1.5678523778915405,0.09179999679327011,-0.06000000238418579,-0.23636361956596375
5.420000076293945,-1.5592597723007202,0.09120000153779984,-0.06000000238418579,-0.1090909019112587
5.429999828338623,-1.5497125387191772,0.09059999883174896,-0.06000000238418579,-0.0727272778749466
5.440000057220459,-1.5411200523376465,0.08979999274015427,-0.07999999821186066,-0.0363636389374733
5.449999809265137,-1.531572699546814,0.08919999748468399,-0.06000000238418579,-0.09090909361839294
5.460000038146973,-1.5267990827560425,0.08840000629425049,-0.07999999821186066,-0.0363636389374733
5.46999979019165,-1.5210705995559692,0.08780001103878021,-0.06000000238418579,-0.0727272778749466
5.480000019073486,-1.5124781131744385,0.08720000088214874,-0.06000000238418579,-5.296735272608544e-13
5.489999771118164,-1.5057950019836426,0.08659999817609787,-0.06000000238418579,0.0727272778749466
5.5,-1.5000666379928589,0.08579999953508377,-0.07999999821186066,0.0363636389374733
5.510000228881836,-1.4895646572113037,0.0851999968290329,-0.06000000238418579,2.648437025243311e-13
5.519999980926514,-1.4819269180297852,0.0843999981880188,-0.07999999821186066,-0.0363636389374733
5.53000020980835,-1.473334550857544,0.08380000293254852,-0.06000000238418579,-0.0727272778749466
5.539999961853027,-1.4618778228759766,0.08319999277591705,-0.06000000238418579,-5.361266985914881e-13
5.550000190734863,-1.4532852172851562,0.08259999752044678,-0.06000000238418579,0.0727272778749466
5.559999942779541,-1.4466021060943604,0.08179999887943268,-0.07999999821186066,0.0363636389374733
5.570000171661377,-1.4399189949035645,0.0812000036239624,-0.06000000238418579,0.09090909361839294
5.579999923706055,-1.4341906309127808,0.0804000049829483,-0.07999999821186066,0.0363636389374733
5.590000152587891,-1.4265527725219727,0.07979999482631683,-0.06000000238418579,0.0727272778749466
5.599999904632568,-1.417960286140442,0.07919999957084656,-0.06000000238418579,0.1090909093618393
5.610000133514404,-1.4074581861495972,0.07859999686479568,-0.06000000238418579,0.1454545557498932
5.619999885559082,-1.3998204469680786,0.07799999415874481,-0.06000000238418579,0.072727270424366
5.630000114440918,-1.3940919637680054,0.07740000635385513,-0.06000000238418579,0.09090909361839294
5.639999866485596,-1.3854994773864746,0.07680000364780426,-0.06000000238418579,-0.09090909361839294
5.650000095367432,-1.3788163661956787,0.07619999349117279,-0.06000000238418579,-0.072727270424366
5.659999847412109,-1.3711785078048706,0.07559999823570251,-0.06000000238418579,-0.05454545468091965
5.670000076293945,-1.3625859022140503,0.07500000298023224,-0.06000000238418579,-0.0363636389374733
5.679999828338623,-1.3539934158325195,0.07440000027418137,-0.06000000238418579,-0.01818181946873665
5.690000057220459,-1.3482649326324463,0.07360000163316727,-0.07999999821186066,-1.404952543193616e-13
5.699999809265137,-1.3406273126602173,0.0729999989271164,-0.06000000238418579,0.01818181946873665
5.710000038146973,-1.3320348262786865,0.07240000367164612,-0.06000000238418579,0.0363636389374733
5.71999979019165,-1.3234423398971558,0.07180000096559525,-0.06000000238418579,0.05454545468091965
5.730000019073486,-1.3158044815063477,0.07119999825954437,-0.06000000238418579,0.0727272778749466
5.739999771118164,-1.3081666231155396,0.0705999955534935,-0.06000000238418579,0.1818181723356247
5.75,-1.3005287647247314,0.07000000029802322,-0.06000000238418579,0.0727272778749466
5.760000228881836,-1.29575514793396,0.06939999759197235,-0.06000000238418579,0.05454545468091965
5.769999980926514,-1.2890721559524536,0.06879999488592148,-0.06000000238418579,-0.05454545468091965
5.78000020980835,-1.2814342975616455,0.0681999996304512,-0.06000000238418579,-0.05454545468091965
5.789999961853027,-1.2737964391708374,0.06780000030994415,-0.03999999910593033,-0.05454545468091965
5.800000190734863,-1.265203833580017,0.06720000505447388,-0.06000000238418579,-0.05454545468091965
5.809999942779541,-1.254701852798462,0.066600002348423,-0.06000000238418579,-0.05454545468091965
5.820000171661377,-1.2470641136169434,0.0658000037074089,-0.07999999821186066,0.0363636389374733
5.829999923706055,-1.2375167608261108,0.06520000100135803,-0.06000000238418579,0.01818181946873665
5.840000152587891,-1.2298789024353027,0.06460000574588776,-0.06000000238418579,-0.09090909361839294
5.849999904632568,-1.2222411632537842,0.06399999558925629,-0.06000000238418579,0.01818181946873665
5.860000133514404,-1.2146035432815552,0.06340000033378601,-0.06000000238418579,0.0363636389374733
5.869999885559082,-1.206965684890747,0.06300000101327896,-0.03999999910593033,0.05454545468091965
5.880000114440918,-1.199327826499939,0.06240000203251839,-0.06000000238418579,-0.0363636389374733
5.889999866485596,-1.192644715309143,0.06159999966621399,-0.07999999821186066,-0.0363636389374733
5.900000095367432,-1.1878710985183716,0.061000000685453415,-0.06000000238418579,-0.0363636389374733
5.909999847412109,-1.1802332401275635,0.06039999797940254,-0.06000000238418579,-0.0363636389374733
5.920000076293945,-1.175459623336792,0.05979999899864197,-0.06000000238418579,-0.0363636314868927
5.929999828338623,-1.1687766313552856,0.05920000001788139,-0.06000000238418579,0.16363635659217834
5.940000057220459,-1.158274531364441,0.05859999731183052,-0.06000000238418579,0.2545454502105713
5.949999809265137,-1.1496820449829102,0.057999998331069946,-0.06000000238418579,0.12727272510528564
5.960000038146973,-1.142044186592102,0.05739999935030937,-0.06000000238418579,0.1818181723356247
5.96999979019165,-1.1324968338012695,0.0567999966442585,-0.06000000238418579,0.12727271020412445
5.980000019073486,-1.1258138418197632,0.05640000104904175,-0.03999999910593033,0.0727272778749466
5.989999771118164,-1.1210401058197021,0.0560000017285347,-0.03999999910593033,0.01818181946873665
6,-1.113402247428894,0.055400002747774124,-0.06000000238418579,0.05454545468091965
6.010000228881836,-1.1057645082473755,0.054999999701976776,-0.03999999910593033,0.0727272778749466
6.019999980926514,-1.0981266498565674,0.0544000044465065,-0.06000000238418579,0.0727272778749466
6.03000020980835,-1.0904887914657593,0.05379999801516533,-0.06000000238418579,-0.0363636389374733
6.039999961853027,-1.0857151746749878,0.053199999034404755,-0.06000000238418579,0.05454545468091965
6.050000190734863,-1.0790321826934814,0.052799999713897705,-0.03999999910593033,0.1454545557498932
6.059999942779541,-1.07425856590271,0.052400000393390656,-0.03999999910593033,0.0363636389374733
6.070000171661377,-1.0704396963119507,0.05199999734759331,-0.03999999910593033,0.0363636389374733
6.079999923706055,-1.0637564659118652,0.05139999836683273,-0.06000000238418579,0.0363636389374733
6.090000152587891,-1.0570734739303589,0.050999999046325684,-0.03999999910593033,0.01818181946873665
6.099999904632568,-1.0522998571395874,0.050599999725818634,-0.03999999910593033,-0.1090909093618393
6.110000133514404,-1.0446621179580688,0.04999999701976776,-0.06000000238418579,-0.0363636389374733
6.119999885559082,-1.0370242595672607,0.04939999803900719,-0.06000000238418579,0.0363636389374733
6.130000114440918,-1.0293864011764526,0.04899999871850014,-0.03999999910593033,0.1090909093618393
6.139999866485596,-1.021748661994934,0.04859999567270279,-0.03999999910593033,-0.01818181946873665
6.150000095367432,-1.014110803604126,0.04800000041723251,-0.06000000238418579,0.05454545468091965
6.159999847412109,-1.0064728260040283,0.047600001096725464,-0.03999999910593033,0.0363636389374733
6.170000076293945,-1.0016992092132568,0.047200001776218414,-0.03999999910593033,0.01818181946873665
6.179999828338623,-0.9950162172317505,0.046800002455711365,-0.03999999910593033,-0.1090909093618393
6.190000057220459,-0.9883332252502441,0.04619999974966049,-0.06000000238418579,-0.0363636389374733
6.199999809265137,-0.9845143556594849,0.04580000042915344,-0.03999999910593033,-0.05454545468091965
6.210000038146973,-0.9797406196594238,0.04519999772310257,-0.06000000238418579,-0.0727272778749466
6.21999979019165,-0.9730575084686279,0.04479999840259552,-0.03999999910593033,-0.09090909361839294
6.230000019073486,-0.9692385792732239,0.044199999421834946,-0.06000000238418579,-7.993466999423049e-13
6.239999771118164,-0.9644650220870972,0.043800000101327896,-0.03999999910593033,-8.074349192998143e-15
6.25,-0.9568271636962891,0.04319999739527702,-0.06000000238418579,-8.074349192998143e-15
6.260000228881836,-0.9520535469055176,0.042799998074769974,-0.03999999910593033,-8.074349192998143e-15
6.269999980926514,-0.9472799301147461,0.0421999990940094,-0.06000000238418579,-8.074349192998143e-15
6.28000020980835,-0.9396420121192932,0.04179999977350235,-0.03999999910593033,-1.6148698385996287e-14
6.289999961853027,-0.9320042133331299,0.041200000792741776,-0.06000000238418579,-1.6148698385996287e-14
6.300000190734863,-0.9262758493423462,0.040800001472234726,-0.03999999910593033,8.074349192998143e-15
6.309999942779541,-0.9186381101608276,0.04020000249147415,-0.06000000238418579,7.243163059558286e-26
6.320000171661377,-0.9138644933700562,0.039799999445676804,-0.03999999910593033,0
6.329999923706055,-0.9100456237792969,0.03920000046491623,-0.06000000238418579,8.074349192998143e-15
6.340000152587891,-0.9052719473838806,0.03879999741911888,-0.03999999910593033,0.09090909361839294
6.349999904632568,-0.8995435237884521,0.03819999843835831,-0.06000000238418579,0.0727272778749466
6.360000133514404,-0.8919057846069336,0.03779999911785126,-0.03999999910593033,0.1454545557498932
6.369999885559082,-0.8842678666114807,0.037199996411800385,-0.06000000238418579,0.1090909093618393
6.380000114440918,-0.8794942498207092,0.03680000081658363,-0.03999999910593033,0.16363637149333954
6.389999866485596,-0.874720573425293,0.036399997770786285,-0.03999999910593033,0.1090909093618393
6.400000095367432,-0.8699469566345215,0.035999998450279236,-0.03999999910593033,0.1454545557498932
6.409999847412109,-0.8661280274391174,0.035599999129772186,-0.03999999910593033,0.0727272778749466
6.420000076293945,-0.8623090982437134,0.03519999608397484,-0.03999999910593033,0.09090909361839294
6.429999828338623,-0.8556260466575623,0.03479999676346779,-0.03999999910593033,8.39731062463045e-13
6.440000057220459,-0.8508524894714355,0.03439999744296074,-0.03999999910593033,0
6.449999809265137,-0.8460788726806641,0.03400000184774399,-0.03999999910593033,0
6.460000038146973,-0.838441014289856,0.03360000252723694,-0.03999999910593033,-8.074349192998143e-15
6.46999979019165,-0.8317579030990601,0.03320000320672989,-0.03999999910593033,0.09090909361839294
6.480000019073486,-0.8279390335083008,0.03280000016093254,-0.03999999910593033,0.072727270424366
6.489999771118164,-0.8222106099128723,0.03240000084042549,-0.03999999910593033,0.05454545468091965
6.5,-0.818391740322113,0.03199999779462814,-0.03999999910593033,0.0363636389374733
6.510000228881836,-0.814572811126709,0.03160000219941139,-0.03999999910593033,0.01818181946873665
6.519999980926514,-0.8107538819313049,0.03140000253915787,-0.019999999552965164,-0.09090909361839294
6.53000020980835,-0.805025577545166,0.03099999949336052,-0.03999999910593033,-0.09090909361839294
6.539999961853027,-0.7992972731590271,0.03060000017285347,-0.03999999910593033,-0.09090909361839294
6.550000190734863,-0.7954784035682678,0.03020000085234642,-0.03999999910593033,-0.09090909361839294
6.559999942779541,-0.7907047271728516,0.02980000153183937,-0.03999999910593033,-0.09090909361839294
6.570000171661377,-0.7840216159820557,0.029199998825788498,-0.06000000238418579,-0.09090909361839294
6.579999923706055,-0.7792479991912842,0.02879999950528145,-0.03999999910593033,0.01818181946873665
6.590000152587891,-0.7716102004051208,0.02839999832212925,-0.03999999910593033,-0.05454545468091965
6.599999904632568,-0.7639723420143127,0.02800000086426735,-0.03999999910593033,-0.01818181946873665
6.610000133514404,-0.7591987252235413,0.02759999968111515,-0.03999999910593033,-0.0727272778749466
6.619999885559082,-0.7525155544281006,0.02720000222325325,-0.03999999910593033,-0.01818181946873665
6.630000114440918,-0.7477418780326843,0.02680000104010105,-0.03999999910593033,-0.0727272778749466
6.639999866485596,-0.743923008441925,0.026200000196695328,-0.06000000238418579,-0.0363636389374733
6.650000095367432,-0.7372400164604187,0.02579999901354313,-0.03999999910593033,-3.552713678800501e-13
6.659999847412109,-0.7305569648742676,0.025200000032782555,-0.06000000238418579,0.0363636389374733
6.670000076293945,-0.7248286008834839,0.024799998849630356,-0.03999999910593033,0.0727272778749466
6.679999828338623,-0.7181454300880432,0.024399999529123306,-0.03999999910593033,0.01818181946873665
6.690000057220459,-0.7114623785018921,0.024000000208616257,-0.03999999910593033,0.0727272778749466
6.699999809265137,-0.7066887617111206,0.023600000888109207,-0.03999999910593033,-0.0727272778749466
6.710000038146973,-0.7019150853157043,0.023200001567602158,-0.03999999910593033,-0.01818181946873665
6.71999979019165,-0.6961867213249207,0.02280000038444996,-0.03999999910593033,-0.0727272778749466
6.730000019073486,-0.6914130449295044,0.022199999541044235,-0.06000000238418579,0.05454545468091965
6.739999771118164,-0.6837751865386963,0.021800000220537186,-0.03999999910593033,0.0727272778749466
6.75,-0.6780468225479126,0.021199999377131462,-0.06000000238418579,0.1818181872367859
6.760000228881836,-0.6704091429710388,0.020800001919269562,-0.03999999910593033,0.1818181723356247
6.769999980926514,-0.6627712845802307,0.020400000736117363,-0.03999999910593033,0.1818181723356247
6.78000020980835,-0.6579976677894592,0.020200001075863838,-0.019999999552965164,0.1818181872367859
6.789999961853027,-0.6541787385940552,0.01979999989271164,-0.03999999910593033,0.072727270424366
6.800000190734863,-0.6513145565986633,0.019600000232458115,-0.019999999552965164,0.05454545468091965
6.809999942779541,-0.6484503746032715,0.019200000911951065,-0.03999999910593033,0.01818181946873665
6.820000171661377,-0.6446314454078674,0.018800001591444016,-0.03999999910593033,-0.0363636389374733
6.829999923706055,-0.6408125758171082,0.018400000408291817,-0.03999999910593033,-0.09090909361839294
6.840000152587891,-0.6341294646263123,0.017999999225139618,-0.03999999910593033,0.05454545468091965
6.849999904632568,-0.630310595035553,0.01759999804198742,-0.03999999910593033,0.09090909361839294
6.860000133514404,-0.6303105354309082,0.017400000244379044,-0.019999999552965164,0.2181818187236786
6.869999885559082,-0.6274463534355164,0.017000000923871994,-0.03999999910593033,0.3272727429866791
6.880000114440918,-0.6245821714401245,0.016600001603364944,-0.03999999910593033,0.30909091234207153
6.889999866485596,-0.6236274242401123,0.01640000008046627,-0.019999999552965164,0.27272728085517883
6.900000095367432,-0.6188538074493408,0.016200000420212746,-0.019999999552965164,0.2181818187236786
6.909999847412109,-0.6150348782539368,0.01600000075995922,-0.019999999552965164,0.05454545468091965
6.920000076293945,-0.6121706962585449,0.01600000075995922,-2.0605739337042905e-13,5.619740783835425e-13
6.929999828338623,-0.6083517670631409,0.015800001099705696,-0.019999999552965164,-0.05454545468091965
6.940000057220459,-0.6045328974723816,0.015600000508129597,-0.019999999552965164,-0.2181818187236786
6.949999809265137,-0.6026234030723572,0.015399999916553497,-0.019999999552965164,-0.27272728085517883
6.960000038146973,-0.5988045334815979,0.015000000596046448,-0.03999999910593033,-0.2181818187236786
6.96999979019165,-0.5949857234954834,0.014599999412894249,-0.03999999910593033,-0.2545454502105713
6.980000019073486,-0.5911667943000793,0.014399999752640724,-0.019999999552965164,-0.16363635659217834
6.989999771118164,-0.5873478651046753,0.013999998569488525,-0.03999999910593033,-0.05454545468091965
7,-0.5806647539138794,0.013599999248981476,-0.03999999910593033,0.05454545468091965
7.010000228881836,-0.5758911371231079,0.013400000520050526,-0.019999999552965164,0.0727272778749466
7.019999980926514,-0.5720722079277039,0.012999999336898327,-0.03999999910593033,0.09090909361839294
7.03000020980835,-0.5682532787322998,0.012600000016391277,-0.03999999910593033,9.608425166618417e-13
7.039999961853027,-0.5625249147415161,0.012399999424815178,-0.019999999552965164,0.01818181946873665
7.050000190734863,-0.5606155395507812,0.012199999764561653,-0.019999999552965164,-0.05454545468091965
7.059999942779541,-0.5567966103553772,0.011799999512732029,-0.03999999910593033,-0.12727272510528564
7.070000171661377,-0.5520229935646057,0.011599999852478504,-0.019999999552965164,-0.09090909361839294
7.079999923706055,-0.5482041239738464,0.011200000531971455,-0.03999999910593033,-0.1454545557498932
7.090000152587891,-0.5443851947784424,0.010800001211464405,-0.03999999910593033,-0.20000000298023224
7.099999904632568,-0.5396115779876709,0.010400000959634781,-0.03999999910593033,-0.1454545557498932
7.110000133514404,-0.5357926487922668,0.009999999776482582,-0.03999999910593033,0.018181825056672096
7.119999885559082,-0.5310189723968506,0.009600000455975533,-0.03999999910593033,-0.01818181946873665
7.130000114440918,-0.5243359208106995,0.009200000204145908,-0.03999999910593033,0.1454545557498932
7.139999866485596,-0.5195622444152832,0.008799999952316284,-0.03999999910593033,0.1090909019112587
7.150000095367432,-0.5119244456291199,0.00839999970048666,-0.03999999910593033,0.0727272778749466
7.159999847412109,-0.505241334438324,0.008200000040233135,-0.019999999552965164,-0.05454545468091965
7.170000076293945,-0.5014224648475647,0.007800000254064798,-0.03999999910593033,-0.0727272778749466
7.179999828338623,-0.4947393536567688,0.007599999662488699,-0.019999999552965164,-0.1818181723356247
7.190000057220459,-0.4899657368659973,0.007199999876320362,-0.03999999910593033,-0.1818181872367859
7.199999809265137,-0.48614683747291565,0.006799999624490738,-0.03999999910593033,-0.1818181872367859
7.210000038146973,-0.47946375608444214,0.006199999712407589,-0.06000000238418579,-0.18181820213794708
7.21999979019165,-0.47278064489364624,0.005800000391900539,-0.03999999910593033,-0.0727272778749466
7.230000019073486,-0.46800696849823,0.0052000004798173904,-0.06000000238418579,-0.05454545468091965
7.239999771118164,-0.46036916971206665,0.004800000227987766,-0.03999999910593033,0.0727272778749466
7.25,-0.4527314007282257,0.004399999976158142,-0.03999999910593033,0.1090909093618393
7.260000228881836,-0.44700300693511963,0.003999999724328518,-0.03999999910593033,0.1454545557498932
7.269999980926514,-0.4393651783466339,0.003599999938160181,-0.03999999910593033,0.0727272778749466
7.28000020980835,-0.4336368143558502,0.003199999686330557,-0.03999999910593033,0.1818181872367859
7.289999961853027,-0.4259990155696869,0.0028000001329928637,-0.03999999910593033,0.072727270424366
7.300000190734863,-0.41931596398353577,0.002400000113993883,-0.03999999910593033,0.05454545468091965
7.309999942779541,-0.409768670797348,0.001999999862164259,-0.03999999910593033,0.12727272510528564
7.320000171661377,-0.39353829622268677,0.001600000075995922,-0.03999999910593033,0.1818181723356247
7.329999923706055,-0.3696701228618622,0.0014000001829117537,-0.019999999552965164,0.2181818187236786
7.340000152587891,-0.3400736153125763,0.0010000000474974513,-0.03999999910593033,0.3272727429866791
7.349999904632568,-0.3009297847747803,0.0006000000284984708,-0.03999999910593033,0.4000000059604645
7.360000133514404,-0.2522387206554413,0.0004000000189989805,-0.019999999552965164,0.4363636374473572
7.369999885559082,-0.20927603542804718,0.00020000000949949026,-0.019999999552965164,0.4363636374473572
7.380000114440918,-0.16822278499603271,2.2559807754535255e-15,-0.019999999552965164,0.4000000059604645
7.389999866485596,-0.13289786875247955,0,-2.255973186038318e-13,0.4363636374473572
7.400000095367432,-0.11571279913187027,0,0,0.34545454382896423
7.409999847412109,-0.10234662145376205,0,0,0.12727272510528564
7.420000076293945,-0.09470880776643753,0,0,5.961911409002596e-9
7.429999828338623,-0.09088990092277527,0,0,-0.12727272510528564
7.440000057220459,-0.087070994079113,0,0,-0.2545454502105713
7.449999809265137,-0.08420681208372116,0,0,-0.27272728085517883
7.460000038146973,-0.08420681208372116,-0.00020000000949949026,-0.019999999552965164,-0.1818181723356247
7.46999979019165,-0.08420681208372116,-0.0004000000189989805,-0.019999999552965164,-0.09090909361839294
7.480000019073486,-0.08134263008832932,-0.0006000000284984708,-0.019999999552965164,-1.0496603586318543e-12
7.489999771118164,-0.07752371579408646,-0.000800000037997961,-0.019999999552965164,0.09090909361839294
7.5,-0.0737048089504242,-0.0010000000474974513,-0.019999999552965164,0.1818181872367859
7.510000228881836,-0.07084062695503235,-0.0010000000474974513,-2.3092638912203256e-13,0.27272728085517883
7.519999980926514,-0.06893117725849152,-0.0010000000474974513,0,0.2545454800128937
7.53000020980835,-0.07179535180330276,-0.0010000000474974513,0,0.2181818187236786
7.539999961853027,-0.07275008410215378,-0.0010000000474974513,0,0.16363637149333954
7.550000190734863,-0.07275008410215378,-0.0010000000474974513,0,0.09090909361839294
7.559999942779541,-0.07084062695503235,-0.0010000000474974513,0,1.0577372311360023e-12
7.570000171661377,-0.07084062695503235,-0.0010000000474974513,0,0
7.579999923706055,-0.06893117725849152,-0.0010000000474974513,0,0
7.590000152587891,-0.06893117725849152,-0.0010000000474974513,0,0
7.599999904632568,-0.06893117725849152,-0.0010000000474974513,0,0
7.610000133514404,-0.06893117725849152,-0.0010000000474974513,0,0
7.619999885559082,-0.06702172011137009,-0.0010000000474974513,0,0
7.630000114440918,-0.06702172011137009,-0.0010000000474974513,0,0
7.639999866485596,-0.06702172011137009,-0.0010000000474974513,0,0
7.650000095367432,-0.06702172011137009,-0.0010000000474974513,0,0
7.659999847412109,-0.06702172011137009,-0.0010000000474974513,0,0
7.670000076293945,-0.06702172011137009,-0.0010000000474974513,0,0
7.679999828338623,-0.06702172011137009,-0.0010000000474974513,0,0
7.690000057220459,-0.06702172011137009,-0.0010000000474974513,0,0
7.699999809265137,-0.06702172011137009,-0.0010000000474974513,0,0
7.710000038146973,-0.06702172011137009,-0.0010000000474974513,0,0
7.71999979019165,-0.06702172011137009,-0.0010000000474974513,0,0
7.730000019073486,-0.0679764449596405,-0.0010000000474974513,0,0
7.739999771118164,-0.06893117725849152,-0.0010000000474974513,0,0.09090909361839294
7.75,-0.06893117725849152,-0.0010000000474974513,0,0.16363637149333954
7.760000228881836,-0.06893117725849152,-0.0010000000474974513,0,0.2181818187236786
7.769999980926514,-0.06893117725849152,-0.0010000000474974513,0,0.2545454502105713
7.78000020980835,-0.0679764449596405,-0.0010000000474974513,0,0.27272728085517883
7.789999961853027,-0.06893117725849152,-0.000800000037997961,0.019999999552965164,0.1818181723356247
7.800000190734863,-0.07275008410215378,-0.0006000000284984708,0.019999999552965164,0.09090909361839294
7.809999942779541,-0.07847844809293747,-0.0004000000189989805,0.019999999552965164,0.09090909361839294
7.820000171661377,-0.08993516862392426,-0.00020000000949949026,0.019999999552965164,0.0727272778749466
7.829999923706055,-0.1109391525387764,-2.4513811119897255e-15,0.019999999552965164,0.0363636389374733
7.840000152587891,-0.14339986443519592,0,2.4513724383723456e-13,-0.01818181946873665
7.849999904632568,-0.17586058378219604,0,0,0.01818181946873665
7.860000133514404,-0.21118547022342682,0.00020000000949949026,0.019999999552965164,-0.0363636389374733
7.869999885559082,-0.24460090696811676,0.0004000000189989805,0.019999999552965164,-0.0727272778749466
7.880000114440918,-0.2722879648208618,0.0006000000284984708,0.019999999552965164,-8.978651155899797e-13
7.889999866485596,-0.2980656325817108,0.000800000037997961,0.019999999552965164,0.0727272778749466
7.900000095367432,-0.3209790587425232,0.0010000000474974513,0.019999999552965164,0.0363636389374733
7.909999847412109,-0.3400735855102539,0.0010000000474974513,2.4868995751603507e-13,-0.01818181946873665
7.920000076293945,-0.3515302836894989,0.0010000000474974513,0,0.01818181946873665
7.929999828338623,-0.3572586476802826,0.0012000000569969416,0.019999999552965164,-0.0363636389374733
7.940000057220459,-0.3639417588710785,0.00139999995008111,0.019999999552965164,0.01818181946873665
7.949999809265137,-0.36776068806648254,0.001600000075995922,0.019999999552965164,0.0727272778749466
7.960000038146973,-0.37444376945495605,0.0017999999690800905,0.019999999552965164,0.12727272510528564
7.96999979019165,-0.38112685084342957,0.0020000000949949026,0.019999999552965164,0.0727272778749466
7.980000019073486,-0.38494575023651123,0.0020000000949949026,2.5224267119483557e-13,9.172523851574965e-13
7.989999771118164,-0.3887646496295929,0.002199999988079071,0.019999999552965164,0.01818181946873665
8,-0.39162886142730713,0.0023999998811632395,0.019999999552965164,0.0363636389374733
8.010000228881836,-0.39258357882499695,0.002599999774247408,0.019999999552965164,0.05454545468091965
8.020000457763672,-0.39831194281578064,0.0027999996673315763,0.019999999552965164,0.0727272778749466
8.029999732971191,-0.4021308720111847,0.0029999997932463884,0.019999999552965164,0.09090909361839294
8.039999961853027,-0.40594980120658875,0.003199999686330557,0.019999999552965164,1.1384782006018668e-12
8.050000190734863,-0.4097687005996704,0.003399999812245369,0.019999999552965164,-1.0326978110248266e-25
8.0600004196167,-0.4135875701904297,0.003599999938160181,0.019999999552965164,0
8.069999694824219,-0.41740646958351135,0.0037999998312443495,0.019999999552965164,0.09090909361839294
8.079999923706055,-0.421225368976593,0.004000000189989805,0.019999999552965164,0.16363637149333954
8.09000015258789,-0.4250442683696747,0.004200000315904617,0.019999999552965164,0.12727274000644684
8.100000381469727,-0.42886319756507874,0.004400000441819429,0.019999999552965164,0.1818181872367859
8.109999656677246,-0.4326821267604828,0.0046000005677342415,0.019999999552965164,0.30909091234207153
8.119999885559082,-0.43650105595588684,0.004999999888241291,0.03999999910593033,0.4000000059604645
8.130000114440918,-0.4393652081489563,0.005399999674409628,0.03999999910593033,0.4545454978942871
8.140000343322754,-0.4450935423374176,0.005599999334663153,0.019999999552965164,0.47272729873657227
8.149999618530273,-0.4498671889305115,0.005999999586492777,0.03999999910593033,0.45454543828964233
8.15999984741211,-0.45464083552360535,0.006599999964237213,0.06000000238418579,0.30909091234207153
8.170000076293945,-0.46036916971206665,0.007199999876320362,0.06000000238418579,0.1454545557498932
8.180000305175781,-0.4689617455005646,0.007800000254064798,0.06000000238418579,0.0727272778749466
8.1899995803833,-0.47278064489364624,0.00839999970048666,0.06000000238418579,0.09090909361839294
8.199999809265137,-0.4765995740890503,0.009000000543892384,0.06000000238418579,-0.01818181946873665
8.210000038146973,-0.48041847348213196,0.009400000795722008,0.03999999910593033,-0.05454545468091965
8.220000267028809,-0.4842373728752136,0.009800000116229057,0.03999999910593033,-7.170028459846378e-13
8.229999542236328,-0.4880562722682953,0.010199999436736107,0.03999999910593033,0.05454545468091965
8.239999771118164,-0.495694100856781,0.010799999348819256,0.06000000238418579,0.1090909093618393
8.25,-0.5052413940429688,0.01140000019222498,0.06000000238418579,0.16363635659217834
8.260000228881836,-0.5109697580337524,0.012000000104308128,0.06000000238418579,0.30909091234207153
8.270000457763672,-0.5176528692245483,0.012600000016391277,0.06000000238418579,0.23636361956596375
8.279999732971191,-0.5252906084060669,0.013199999928474426,0.06000000238418579,0.23636361956596375
8.289999961853027,-0.5300642251968384,0.013799999840557575,0.06000000238418579,0.20000000298023224
8.300000190734863,-0.5377020835876465,0.014400000683963299,0.06000000238418579,0.23636364936828613
8.3100004196167,-0.5491588115692139,0.015199999324977398,0.07999999821186066,0.2545454502105713
8.319999694824219,-0.5587060451507568,0.015800001099705696,0.06000000238418579,0.34545454382896423
8.329999923706055,-0.5672985911369324,0.016599999740719795,0.07999999821186066,0.4000000059604645
8.34000015258789,-0.5758910775184631,0.017400000244379044,0.07999999821186066,0.418181836605072
8.350000381469727,-0.5854383111000061,0.018200000748038292,0.07999999821186066,0.4000000059604645
8.359999656677246,-0.5949856042861938,0.01899999938905239,0.07999999821186066,0.34545454382896423
8.369999885559082,-0.6045328974723816,0.019999999552965164,0.10000000149011612,0.3636363744735718
8.380000114440918,-0.6169443726539612,0.021000001579523087,0.10000000149011612,0.2545454800128937
8.390000343322754,-0.630310595035553,0.02199999988079071,0.10000000149011612,0.2181818187236786
8.399999618530273,-0.642721951007843,0.022999998182058334,0.10000000149011612,0.16363637149333954
8.40999984741211,-0.6551334261894226,0.024000000208616257,0.10000000149011612,0.09090909361839294
8.420000076293945,-0.6684996485710144,0.02500000037252903,0.10000000149011612,1.4856726959777689e-12
8.430000305175781,-0.680911123752594,0.025999998673796654,0.10000000149011612,2.583791741759406e-13
8.4399995803833,-0.690458357334137,0.027000000700354576,0.10000000149011612,1.9378437385569186e-13
8.449999809265137,-0.7028698325157166,0.02800000086426735,0.10000000149011612,1.9378437385569186e-13
8.460000038146973,-0.7152812480926514,0.028999999165534973,0.10000000149011612,1.9378437385569186e-13
8.470000267028809,-0.7267379760742188,0.030000001192092896,0.10000000149011612,1.291895870879703e-13
8.479999542236328,-0.7391494512557983,0.03099999949336052,0.10000000149011612,1.6148698047183108e-13
8.489999771118164,-0.7525156140327454,0.03199999779462814,0.10000000149011612,2.583791741759406e-13
8.5,-0.7630176544189453,0.032999999821186066,0.10000000149011612,2.260817807920798e-13
8.510000228881836,-0.7744743824005127,0.03400000184774399,0.10000000149011612,2.583791741759406e-13
8.520000457763672,-0.7887952327728271,0.03500000014901161,0.10000000149011612,3.2297396094366215e-13
8.529999732971191,-0.801206648349762,0.035999998450279236,0.10000000149011612,2.583791741759406e-13
8.539999961853027,-0.8117086887359619,0.03700000047683716,0.10000000149011612,1.6148698047183108e-13
8.550000190734863,-0.8269842267036438,0.03800000250339508,0.10000000149011612,1.6148698047183108e-13
8.5600004196167,-0.8393957018852234,0.038999997079372406,0.10000000149011612,-0.09090909361839294
8.569999694824219,-0.8489429354667664,0.03999999910593033,0.10000000149011612,-0.16363637149333954
8.579999923706055,-0.861354410648346,0.04100000113248825,0.10000000149011612,-0.2181818187236786
8.59000015258789,-0.8737659454345703,0.04200000315904617,0.10000000149011612,-0.2545454502105713
8.600000381469727,-0.8852226734161377,0.0430000014603138,0.10000000149011612,-0.27272728085517883
8.609999656677246,-0.8947699666023254,0.043800003826618195,0.07999999821186066,-0.1818181723356247
8.619999885559082,-0.907181441783905,0.044600002467632294,0.07999999821186066,-0.09090909361839294
8.630000114440918,-0.9195927977561951,0.04540000110864639,0.07999999821186066,-1.2757433998089596e-12
8.640000343322754,-0.9310495257377625,0.04619999974966049,0.07999999821186066,0.09090909361839294
8.649999618530273,-0.9425062537193298,0.04699999839067459,0.07999999821186066,0.09090909361839294
8.65999984741211,-0.9539629220962524,0.04800000041723251,0.10000000149011612,0.1090909093618393
8.670000076293945,-0.9625555276870728,0.04899999871850014,0.10000000149011612,0.0363636389374733
8.680000305175781,-0.9721028208732605,0.05000000074505806,0.10000000149011612,-0.0363636389374733
8.6899995803833,-0.9806953072547913,0.050999999046325684,0.10000000149011612,-0.1090909093618393
8.699999809265137,-0.9921520948410034,0.05180000141263008,0.07999999821186066,-0.09090909361839294
8.710000038146973,-1.0045634508132935,0.05260000377893448,0.07999999821186066,-0.09090909361839294
8.720000267028809,-1.0188844203948975,0.05340000241994858,0.07999999821186066,-1.2918971448172556e-12
8.729999542236328,-1.031295895576477,0.05420000106096268,0.07999999821186066,0.09090909361839294
8.739999771118164,-1.0417979955673218,0.054999999701976776,0.07999999821186066,0.1818181872367859
8.75,-1.0551639795303345,0.0560000017285347,0.10000000149011612,0.27272728085517883
8.760000228881836,-1.0666207075119019,0.05700000002980232,0.10000000149011612,0.2545454800128937
8.770000457763672,-1.079032063484192,0.057999998331069946,0.10000000149011612,0.2181818187236786
8.779999732971191,-1.0923984050750732,0.05899999663233757,0.10000000149011612,0.0727272778749466
8.789999961853027,-1.1067191362380981,0.06000000238418579,0.10000000149011612,-0.0727272778749466
8.800000190734863,-1.1172211170196533,0.061000000685453415,0.10000000149011612,-0.2181818187236786
8.8100004196167,-1.127723217010498,0.06199999898672104,0.10000000149011612,-0.2545454502105713
8.819999694824219,-1.137270450592041,0.06300000101327896,0.10000000149011612,-0.27272728085517883
8.829999923706055,-1.1477725505828857,0.06379999965429306,0.07999999821186066,-0.27272728085517883
8.84000015258789,-1.1573199033737183,0.06460000574588776,0.07999999821186066,-0.2545454502105713
8.850000381469727,-1.1678218841552734,0.06540000438690186,0.07999999821186066,-0.2181818187236786
8.859999656677246,-1.1792786121368408,0.06619999557733536,0.07999999821186066,-0.16363637149333954
8.869999885559082,-1.1878712177276611,0.06700000166893005,0.07999999821186066,-0.09090909361839294
8.880000114440918,-1.1974183320999146,0.06780000030994415,0.07999999821186066,0.09090909361839294
8.890000343322754,-1.2079201936721802,0.06859999895095825,0.07999999821186066,0.0727272778749466
8.899999618530273,-1.2165127992630005,0.06940000504255295,0.07999999821186066,0.054545462131500244
8.90999984741211,-1.2270147800445557,0.07019999623298645,0.07999999821186066,0.0363636389374733
8.920000076293945,-1.2403810024261475,0.07100000232458115,0.07999999821186066,0.01818181946873665
8.930000305175781,-1.252792477607727,0.07200000435113907,0.10000000149011612,2.6484023307737914e-13
8.9399995803833,-1.2652039527893066,0.07279999554157257,0.07999999821186066,0.0727272778749466
8.949999809265137,-1.276660680770874,0.07359999418258667,0.07999999821186066,0.12727272510528564
8.960000038146973,-1.2871627807617188,0.07440000027418137,0.07999999821186066,0.16363635659217834
8.970000267028809,-1.2976646423339844,0.07519999891519547,0.07999999821186066,0.1818181723356247
8.979999542236328,-1.3062572479248047,0.07600000500679016,0.07999999821186066,0.1818181872367859
8.989999771118164,-1.3167591094970703,0.07700000703334808,0.10000000149011612,0.3636363744735718
9,-1.3291704654693604,0.07800000160932541,0.10000000149011612,0.3272727131843567
9.010000228881836,-1.3434914350509644,0.07900000363588333,0.10000000149011612,0.3636363446712494
9.020000457763672,-1.3549481630325317,0.07999999821186066,0.10000000149011612,0.3636363446712494
9.029999732971191,-1.3683143854141235,0.08100000023841858,0.10000000149011612,0.3272727429866791
9.039999961853027,-1.379771113395691,0.08220000565052032,0.12000000476837158,0.16363637149333954
9.050000190734863,-1.3893184661865234,0.08320000022649765,0.10000000149011612,0.1818181723356247
9.0600004196167,-1.4017298221588135,0.0844000056385994,0.12000000476837158,0.09090909361839294
9.069999694824219,-1.416050910949707,0.08560000360012054,0.12000000476837158,1.3564982470626319e-12
9.079999923706055,-1.430371880531311,0.0867999941110611,0.12000000476837158,-0.09090909361839294
9.09000015258789,-1.442783236503601,0.08780000358819962,0.10000000149011612,-0.1818181872367859
9.100000381469727,-1.4551945924758911,0.08900000154972076,0.12000000476837158,-0.16363637149333954
9.109999656677246,-1.4676059484481812,0.08999999612569809,0.10000000149011612,-0.23636364936828613
9.119999885559082,-1.480972170829773,0.09100000560283661,0.10000000149011612,-0.2909091114997864
9.130000114440918,-1.4933836460113525,0.09200000017881393,0.10000000149011612,-0.30909091234207153
9.140000343322754,-1.507704496383667,0.09300000220537186,0.10000000149011612,-0.2909091114997864
9.149999618530273,-1.5182065963745117,0.09399999678134918,0.10000000149011612,-0.34545454382896423
9.15999984741211,-1.528708577156067,0.0949999988079071,0.10000000149011612,-0.27272728085517883
9.170000076293945,-1.5401654243469238,0.0957999974489212,0.07999999821186066,-0.1818181723356247
9.180000305175781,-1.5497126579284668,0.0965999960899353,0.07999999821186066,-0.1818181872367859
9.1899995803833,-1.5611692667007446,0.0973999947309494,0.07999999821186066,-0.16363635659217834
9.199999809265137,-1.5745352506637573,0.0982000008225441,0.07999999821186066,-0.12727272510528564
9.210000038146973,-1.5859919786453247,0.0989999994635582,0.07999999821186066,-0.0727272778749466
9.220000267028809,-1.5984034538269043,0.10000000149011612,0.10000000149011612,-1.1110279363180098e-12
9.229999542236328,-1.6108149290084839,0.10080000013113022,0.07999999821186066,0.0727272778749466
9.239999771118164,-1.6213170289993286,0.10160000622272491,0.07999999821186066,0.12727272510528564
9.25,-1.6308642625808716,0.10239998996257782,0.07999999821186066,0.16363635659217834
9.260000228881836,-1.6413662433624268,0.10319999605417252,0.07999999821186066,0.09090908616781235
9.270000457763672,-1.649958848953247,0.10399999469518661,0.07999999821186066,0.01818181946873665
9.279999732971191,-1.6575967073440552,0.10500000417232513,0.10000000149011612,0.05454545468091965
9.289999961853027,-1.6680986881256104,0.10599999129772186,0.10000000149011612,8.332709522385073e-13
9.300000190734863,-1.678600788116455,0.10700000822544098,0.10000000149011612,-0.1454545557498932
9.3100004196167,-1.6891028881072998,0.10780000686645508,0.07999999821186066,-0.1818181872367859
9.319999694824219,-1.7005594968795776,0.10859999805688858,0.07999999821186066,-0.2181818187236786
9.329999923706055,-1.7120161056518555,0.10939999669790268,0.07999999821186066,-0.2545454502105713
9.34000015258789,-1.7234727144241333,0.11020000278949738,0.07999999821186066,-0.27272728085517883
9.350000381469727,-1.7349293231964111,0.11079999059438705,0.06000000238418579,-0.16363637149333954
9.359999656677246,-1.7444766759872437,0.11159999668598175,0.07999999821186066,-0.0363636389374733
9.369999885559082,-1.7549787759780884,0.11240001022815704,0.07999999821186066,-5.619740783835425e-13
9.380000114440918,-1.7645260095596313,0.11319999396800995,0.07999999821186066,0.0363636389374733
9.390000343322754,-1.7731186151504517,0.11380000412464142,0.06000000238418579,0.16363637149333954
9.399999618530273,-1.7826658487319946,0.11460000276565552,0.07999999821186066,0.18181820213794708
9.40999984741211,-1.7941226959228516,0.11540000140666962,0.07999999821186066,0.09090908616781235
9.420000076293945,-1.805579423904419,0.11620000749826431,0.07999999821186066,0.09090908616781235
9.430000305175781,-1.8170360326766968,0.11700000613927841,0.07999999821186066,0.09090909361839294
9.4399995803833,-1.8284927606582642,0.11799999326467514,0.10000000149011612,0.09090909361839294
9.449999809265137,-1.8389946222305298,0.11879999935626984,0.07999999821186066,0.0727272778749466
9.460000038146973,-1.849496603012085,0.11959999799728394,0.07999999821186066,0.0363636389374733
9.470000267028809,-1.860953450202942,0.12039999663829803,0.07999999821186066,5.748942988326178e-13
9.479999542236328,-1.871455430984497,0.12120000272989273,0.07999999821186066,-0.0363636389374733
9.489999771118164,-1.8819574117660522,0.12200000137090683,0.07999999821186066,-0.0727272778749466
9.5,-1.8934141397476196,0.12300000339746475,0.10000000149011612,-1.1497885976652356e-12
9.510000228881836,-1.9039162397384644,0.12380000203847885,0.07999999821186066,0.0727272778749466
9.520000457763672,-1.9144182205200195,0.12460000813007355,0.07999999821186066,0.12727272510528564
9.529999732971191,-1.9258748292922974,0.12539999186992645,0.07999999821186066,0.16363635659217834
9.539999961853027,-1.9382864236831665,0.12619999051094055,0.07999999821186066,0.1818181723356247
9.550000190734863,-1.9506980180740356,0.12700000405311584,0.07999999821186066,0.09090909361839294
9.5600004196167,-1.9611999988555908,0.12799999117851257,0.10000000149011612,0.1090909093618393
9.569999694824219,-1.9717018604278564,0.1289999932050705,0.10000000149011612,0.0363636389374733
9.579999923706055,-1.9831584692001343,0.1300000101327896,0.10000000149011612,-0.0363636389374733
9.59000015258789,-1.991750955581665,0.13100001215934753,0.10000000149011612,-0.1090909093618393
9.600000381469727,-2.0022530555725098,0.13180001080036163,0.07999999821186066,-0.09090909361839294
9.609999656677246,-2.0156192779541016,0.13259999454021454,0.07999999821186066,-0.09090909361839294
9.619999885559082,-2.0289855003356934,0.13339999318122864,0.07999999821186066,-1.4533790837489846e-12
9.630000114440918,-2.0404419898986816,0.13420000672340393,0.07999999821186066,0.09090909361839294
9.640000343322754,-2.051898956298828,0.13500000536441803,0.07999999821186066,0.1818181872367859
9.649999618530273,-2.06526517868042,0.13600000739097595,0.10000000149011612,0.27272728085517883
9.65999984741211,-2.0757670402526855,0.13699999451637268,0.10000000149011612,0.2545454800128937
9.670000076293945,-2.0862691402435303,0.1379999965429306,0.10000000149011612,0.2181818187236786
9.680000305175781,-2.0986804962158203,0.13899999856948853,0.10000000149011612,0.16363637149333954
9.6899995803833,-2.1130011081695557,0.14000000059604645,0.10000000149011612,0.09090909361839294
9.699999809265137,-2.124458074569702,0.14100000262260437,0.10000000149011612,1.6633222577056017e-12
9.710000038146973,-2.1359148025512695,0.1419999897480011,0.10000000149011612,2.260817807920798e-13
9.720000267028809,-2.147371530532837,0.14299999177455902,0.10000000149011612,1.9378437385569186e-13
9.729999542236328,-2.1578733921051025,0.14400000870227814,0.10000000149011612,1.9378437385569186e-13
9.739999771118164,-2.168375253677368,0.14500001072883606,0.10000000149011612,2.583791741759406e-13
9.75,-2.1826963424682617,0.1459999978542328,0.10000000149011612,2.583791741759406e-13
9.760000228881836,-2.1970174312591553,0.1469999998807907,0.10000000149011612,2.260817807920798e-13
9.770000457763672,-2.210383653640747,0.14800000190734863,0.10000000149011612,2.583791741759406e-13
9.779999732971191,-2.2218401432037354,0.14900000393390656,0.10000000149011612,2.260817807920798e-13
9.789999961853027,-2.233297109603882,0.15000000596046448,0.10000000149011612,1.291895870879703e-13
9.800000190734863,-2.2437989711761475,0.1509999930858612,0.10000000149011612,1.291895870879703e-13
9.8100004196167,-2.254300832748413,0.15199999511241913,0.10000000149011612,1.291895870879703e-13
9.819999694824219,-2.2667124271392822,0.15299999713897705,0.10000000149011612,9.689218692784593e-14
9.829999923706055,-2.2791237831115723,0.15400001406669617,0.10000000149011612,1.6148698047183108e-13
9.84000015258789,-2.2905805110931396,0.1550000011920929,0.10000000149011612,1.9378437385569186e-13
9.850000381469727,-2.302992105484009,0.15599998831748962,0.10000000149011612,1.9378437385569186e-13
9.859999656677246,-2.3163583278656006,0.15699999034404755,0.10000000149011612,1.9378437385569186e-13
9.869999885559082,-2.331634044647217,0.15800000727176666,0.10000000149011612,1.9378437385569186e-13
9.880000114440918,-2.3459548950195312,0.15900000929832458,0.10000000149011612,1.6148698047183108e-13
9.890000343322754,-2.3583662509918213,0.1599999964237213,0.10000000149011612,1.291895870879703e-13
9.899999618530273,-2.3707776069641113,0.16099999845027924,0.10000000149011612,1.6148698047183108e-13
9.90999984741211,-2.381279706954956,0.16200000047683716,0.10000000149011612,1.6148698047183108e-13
9.920000076293945,-2.3898723125457764,0.16300000250339508,0.10000000149011612,1.291895870879703e-13
9.930000305175781,-2.4022836685180664,0.164000004529953,0.10000000149011612,1.291895870879703e-13
9.9399995803833,-2.415649652481079,0.16499999165534973,0.10000000149011612,1.9378437385569186e-13
9.949999809265137,-2.4299705028533936,0.16599999368190765,0.10000000149011612,1.291895870879703e-13
9.960000038146973,-2.444291353225708,0.16700001060962677,0.10000000149011612,1.6148698047183108e-13
9.970000267028809,-2.459567070007324,0.1680000126361847,0.10000000149011612,2.260817807920798e-13
9.979999542236328,-2.4719786643981934,0.16899999976158142,0.10000000149011612,2.583791741759406e-13
9.989999771118164,-2.4815258979797363,0.17000000178813934,0.10000000149011612,2.583791741759406e-13
10,-2.492982864379883,0.17099998891353607,0.10000000149011612,3.2297396094366215e-13
10.010000228881836,-2.5034844875335693,0.1720000058412552,0.10000000149011612,2.906765540072742e-13
10.020000457763672,-2.513986587524414,0.1730000078678131,0.10000000149011612,2.583791741759406e-13
10.029999732971191,-2.526398181915283,0.17399999499320984,0.10000000149011612,2.260817807920798e-13
10.039999961853027,-2.5388095378875732,0.17499999701976776,0.10000000149011612,2.260817807920798e-13
10.050000190734863,-2.5502662658691406,0.17599999904632568,0.10000000149011612,1.9378437385569186e-13
10.0600004196167,-2.561722993850708,0.1770000010728836,0.10000000149011612,1.6148698047183108e-13
10.069999694824219,-2.5731797218322754,0.17800000309944153,0.10000000149011612,1.9378437385569186e-13
10.079999923706055,-2.584636688232422,0.17899999022483826,0.10000000149011612,1.9378437385569186e-13
10.09000015258789,-2.5980026721954346,0.17999999225139618,0.10000000149011612,1.291895870879703e-13
10.100000381469727,-2.612323760986328,0.1810000091791153,0.10000000149011612,1.6148698047183108e-13
10.109999656677246,-2.625689744949341,0.18200001120567322,0.10000000149011612,1.9378437385569186e-13
10.119999885559082,-2.6400108337402344,0.18299999833106995,0.10000000149011612,1.6148698047183108e-13
10.130000114440918,-2.653377056121826,0.18400000035762787,0.10000000149011612,-0.09090909361839294
10.140000343322754,-2.6648335456848145,0.1849999874830246,0.10000000149011612,-0.16363637149333954
10.149999618530273,-2.6762900352478027,0.1860000044107437,0.10000000149011612,-0.2181818187236786
10.15999984741211,-2.6858370304107666,0.18700000643730164,0.10000000149011612,-0.2545454502105713
10.170000076293945,-2.6963393688201904,0.18799999356269836,0.10000000149011612,-0.27272728085517883
10.180000305175781,-2.7049317359924316,0.18880000710487366,0.07999999821186066,-0.1818181723356247
10.1899995803833,-2.716388702392578,0.18960000574588776,0.07999999821186066,-0.09090909361839294
10.199999809265137,-2.728800058364868,0.19039998948574066,0.07999999821186066,-1.5664275432314412e-12
10.210000038146973,-2.74216628074646,0.19119998812675476,0.07999999821186066,0.09090909361839294
10.220000267028809,-2.757441997528076,0.19200000166893005,0.07999999821186066,0.09090909361839294
10.229999542236328,-2.769853353500366,0.19299998879432678,0.10000000149011612,0.1090909093618393
10.239999771118164,-2.7813100814819336,0.1939999908208847,0.10000000149011612,0.0363636389374733
10.25,-2.792766809463501,0.19500000774860382,0.10000000149011612,-0.0363636389374733
10.260000228881836,-2.802314281463623,0.19600000977516174,0.10000000149011612,-0.1090909093618393
10.270000457763672,-2.811861276626587,0.19680000841617584,0.07999999821186066,-0.1818181872367859
10.279999732971191,-2.8204541206359863,0.19760000705718994,0.07999999821186066,-0.2545454502105713
10.289999961853027,-2.8300013542175293,0.19839999079704285,0.07999999821186066,-0.2181818187236786
10.300000190734863,-2.8385939598083496,0.19919998943805695,0.07999999821186066,-0.16363637149333954
10.3100004196167,-2.8490958213806152,0.20000000298023224,0.07999999821186066,-0.1818181872367859
10.319999694824219,-2.862462043762207,0.20079998672008514,0.07999999821186066,-0.0727272778749466
10.329999923706055,-2.874873638153076,0.20160000026226044,0.07999999821186066,-0.05454545468091965
10.34000015258789,-2.8863301277160645,0.20240001380443573,0.07999999821186066,-0.12727272510528564
10.350000381469727,-2.896832227706909,0.20320001244544983,0.07999999821186066,-0.1818181872367859
10.359999656677246,-2.9025607109069824,0.2038000077009201,0.06000000238418579,-0.12727272510528564
10.369999885559082,-2.9092438220977783,0.2046000063419342,0.07999999821186066,-0.0727272778749466
10.380000114440918,-2.9178364276885986,0.2053999900817871,0.07999999821186066,-0.1090909019112587
10.390000343322754,-2.92642879486084,0.20600000023841858,0.06000000238418579,-0.0363636389374733
10.399999618530273,-2.9359757900238037,0.20659999549388885,0.06000000238418579,-0.05454545468091965
10.40999984741211,-2.947432518005371,0.20740000903606415,0.07999999821186066,-0.05454545468091965
10.420000076293945,-2.956979751586914,0.20820000767707825,0.07999999821186066,-0.1454545557498932
10.430000305175781,-2.967481851577759,0.20880000293254852,0.06000000238418579,-0.0363636389374733
10.4399995803833,-2.9779837131500244,0.20960000157356262,0.07999999821186066,-0.01818181946873665
10.449999809265137,-2.988485813140869,0.2101999968290329,0.06000000238418579,-3.229742862043139e-13
10.460000038146973,-2.9970781803131104,0.21080000698566437,0.06000000238418579,0
10.470000267028809,-3.0056710243225098,0.21140000224113464,0.06000000238418579,0
10.479999542236328,-3.014263391494751,0.21220000088214874,0.07999999821186066,0.01818181946873665
10.489999771118164,-3.023810625076294,0.21279999613761902,0.06000000238418579,0.0363636389374733
10.5,-3.0324032306671143,0.21359999477863312,0.07999999821186066,0.05454545468091965
10.510000228881836,-3.040041208267212,0.21439997851848602,0.07999999821186066,-0.01818181946873665
10.520000457763672,-3.0486338138580322,0.2150000035762787,0.06000000238418579,-2.939072596408465e-13
10.529999732971191,-3.0572264194488525,0.21559998393058777,0.06000000238418579,-0.09090909361839294
10.539999961853027,-3.0639092922210693,0.21639999747276306,0.07999999821186066,-0.0727272778749466
10.550000190734863,-3.074411392211914,0.21700000762939453,0.06000000238418579,-0.05454545468091965
10.5600004196167,-3.0830039978027344,0.217600017786026,0.06000000238418579,-0.0363636389374733
10.569999694824219,-3.0915966033935547,0.2184000015258789,0.07999999821186066,-6.588687928577031e-13
10.579999923706055,-3.100188970565796,0.21900001168251038,0.06000000238418579,0.0363636389374733
10.59000015258789,-3.108781576156616,0.21960000693798065,0.06000000238418579,-0.0363636389374733
10.600000381469727,-3.1173741817474365,0.22040000557899475,0.07999999821186066,-6.588687928577031e-13
10.609999656677246,-3.125966787338257,0.22100000083446503,0.06000000238418579,0.0363636389374733
10.619999885559082,-3.1364688873291016,0.2216000109910965,0.06000000238418579,-0.0363636389374733
10.630000114440918,-3.1431517601013184,0.2223999947309494,0.07999999821186066,-6.653289030822407e-13
10.640000343322754,-3.153653860092163,0.22300000488758087,0.06000000238418579,0.0363636389374733
10.649999618530273,-3.164155960083008,0.22359998524188995,0.06000000238418579,-0.0363636389374733
10.65999984741211,-3.1717936992645264,0.22439999878406525,0.07999999821186066,-6.653289030822407e-13
10.670000076293945,-3.1803863048553467,0.22499999403953552,0.06000000238418579,0.0363636389374733
10.680000305175781,-3.1908881664276123,0.225600004196167,0.06000000238418579,-0.0363636389374733
10.6899995803833,-3.19757080078125,0.2263999879360199,0.07999999821186066,-0.09090909361839294
10.699999809265137,-3.2052085399627686,0.22699999809265137,0.06000000238418579,-0.2181818187236786
10.710000038146973,-3.213801145553589,0.22760000824928284,0.06000000238418579,-0.3272727131843567
10.720000267028809,-3.22239351272583,0.22839999198913574,0.07999999821186066,-0.4000000059604645
10.729999542236328,-3.229076862335205,0.2290000021457672,0.06000000238418579,-0.5272727608680725
10.739999771118164,-3.2367146015167236,0.22939999401569366,0.03999999910593033,-0.6181818246841431
10.75,-3.2443525791168213,0.2298000156879425,0.03999999910593033,-0.5636363625526428
10.760000228881836,-3.2491261959075928,0.23020000755786896,0.03999999910593033,-0.6545454263687134
10.770000457763672,-3.254854440689087,0.2303999960422516,0.019999999552965164,-0.6909090280532837
10.779999732971191,-3.2586734294891357,0.2305999994277954,0.019999999552965164,-0.5636363625526428
10.789999961853027,-3.2624924182891846,0.23079998791217804,0.019999999552965164,-0.47272729873657227
10.800000190734863,-3.264401912689209,0.23099999129772186,0.019999999552965164,-0.4363636076450348
10.8100004196167,-3.267266273498535,0.23099999129772186,3.730349362740526e-13,-0.3636363744735718
10.819999694824219,-3.2682206630706787,0.23099999129772186,0,-0.2545454800128937
10.829999923706055,-3.2720396518707275,0.23099999129772186,0,-0.2181818187236786
10.84000015258789,-3.271084785461426,0.23099999129772186,0,-0.16363637149333954
10.850000381469727,-3.27299427986145,0.23099999129772186,0,-0.09090909361839294
10.859999656677246,-3.273948907852173,0.23099999129772186,0,-1.695615869934386e-12
10.869999885559082,-3.2749037742614746,0.23099999129772186,0,0
10.880000114440918,-3.2758584022521973,0.23099999129772186,0,0
10.890000343322754,-3.2787227630615234,0.23099999129772186,0,0
10.899999618530273,-3.279677391052246,0.23099999129772186,0,0
10.90999984741211,-3.280632257461548,0.23099999129772186,0,0
10.920000076293945,-3.280632257461548,0.23099999129772186,0,0
10.930000305175781,-3.280632257461548,0.23099999129772186,0,0
10.9399995803833,-3.280632257461548,0.23099999129772186,0,0
10.949999809265137,-3.280632257461548,0.23099999129772186,0,0
10.960000038146973,-3.280632257461548,0.23099999129772186,0,0
10.970000267028809,-3.280632257461548,0.23099999129772186,0,0
10.979999542236328,-3.280632257461548,0.23099999129772186,0,0
10.989999771118164,-3.280632257461548,0.23099999129772186,0,0
11,-3.2787227630615234,0.23099999129772186,0,0
11.010000228881836,-3.2787227630615234,0.23099999129772186,0,0
11.020000457763672,-3.2777678966522217,0.23099999129772186,0,0
11.029999732971191,-3.273948907852173,0.23099999129772186,0,-0.09090909361839294
11.039999961853027,-3.271084785461426,0.23099999129772186,0,-0.16363637149333954
11.050000190734863,-3.268220901489258,0.23099999129772186,0,-0.2181818187236786
11.0600004196167,-3.264401912689209,0.23099999129772186,0,-0.34545454382896423
11.069999694824219,-3.2634472846984863,0.23099999129772186,0,-0.4363636374473572
11.079999923706055,-3.2624924182891846,0.23080000281333923,-0.019999999552965164,-0.4000000059604645
11.09000015258789,-3.261537790298462,0.2305999994277954,-0.019999999552965164,-0.4363636374473572
11.100000381469727,-3.261537790298462,0.23040001094341278,-0.019999999552965164,-0.4363636374473572
11.109999656677246,-3.2596282958984375,0.22999998927116394,-0.03999999910593033,-0.30909091234207153
11.119999885559082,-3.2586734294891357,0.2295999974012375,-0.03999999910593033,-0.2545454502105713
11.130000114440918,-3.2567639350891113,0.22939999401569366,-0.019999999552965164,-0.16363635659217834
11.140000343322754,-3.2529449462890625,0.2290000021457672,-0.03999999910593033,-0.05454545468091965
11.149999618530273,-3.2491261959075928,0.22859999537467957,-0.03999999910593033,-0.0363636389374733
11.15999984741211,-3.242443084716797,0.22839999198913574,-0.019999999552965164,-0.09090909361839294
11.170000076293945,-3.2376692295074463,0.2280000001192093,-0.03999999910593033,-0.12727272510528564
11.180000305175781,-3.2338504791259766,0.22760000824928284,-0.03999999910593033,-0.2545454800128937
11.1899995803833,-3.2300314903259277,0.2274000197649002,-0.019999999552965164,-0.2545454800128937
11.199999809265137,-3.226212501525879,0.22699999809265137,-0.03999999910593033,-0.3272727429866791
11.210000038146973,-3.22239351272583,0.2263999879360199,-0.06000000238418579,-0.2909091114997864
11.220000267028809,-3.2185745239257812,0.22599999606609344,-0.03999999910593033,-0.23636364936828613
11.229999542236328,-3.2118918895721436,0.22540001571178436,-0.06000000238418579,-0.2545454502105713
11.239999771118164,-3.205209255218506,0.2247999906539917,-0.06000000238418579,-0.2545454502105713
11.25,-3.201390504837036,0.22419998049736023,-0.06000000238418579,-0.12727272510528564
11.260000228881836,-3.194707155227661,0.22379998862743378,-0.03999999910593033,-0.16363635659217834
11.270000457763672,-3.1870694160461426,0.2231999933719635,-0.06000000238418579,-0.1818181872367859
11.279999732971191,-3.179431438446045,0.22260001301765442,-0.06000000238418579,-0.09090909361839294
11.289999961853027,-3.1717936992645264,0.22200000286102295,-0.06000000238418579,-0.1818181872367859
11.300000190734863,-3.1622464656829834,0.22139999270439148,-0.06000000238418579,-0.2545454502105713
11.3100004196167,-3.1546084880828857,0.22060000896453857,-0.07999999821186066,-0.30909091234207153
11.319999694824219,-3.146970748901367,0.2199999988079071,-0.06000000238418579,-0.23636364936828613
11.329999923706055,-3.138378143310547,0.21940000355243683,-0.06000000238418579,-0.23636361956596375
11.34000015258789,-3.127876043319702,0.21859999001026154,-0.07999999821186066,-0.2181818187236786
11.350000381469727,-3.1202383041381836,0.21779999136924744,-0.07999999821186066,-0.18181820213794708
11.359999656677246,-3.1106910705566406,0.21700000762939453,-0.07999999821186066,-0.12727272510528564
11.369999885559082,-3.103053092956543,0.21619999408721924,-0.07999999821186066,-0.2545454800128937
11.380000114440918,-3.0954153537750244,0.21540001034736633,-0.07999999821186066,-0.2545454800128937
11.390000343322754,-3.0877773761749268,0.21459999680519104,-0.07999999821186066,-0.21818184852600098
11.399999618530273,-3.078230142593384,0.21379999816417694,-0.07999999821186066,-0.2545454502105713
11.40999984741211,-3.067728042602539,0.21300001442432404,-0.07999999821186066,-0.1818181723356247
11.420000076293945,-3.0572261810302734,0.2120000123977661,-0.10000000149011612,-0.1090909093618393
11.430000305175781,-3.048633575439453,0.2110000103712082,-0.10000000149011612,-0.0363636389374733
11.4399995803833,-3.0371768474578857,0.20999999344348907,-0.10000000149011612,0.0363636389374733
11.449999809265137,-3.02667498588562,0.20899999141693115,-0.10000000149011612,0.1090909093618393
11.460000038146973,-3.0161726474761963,0.20820000767707825,-0.07999999821186066,0.09090909361839294
11.470000267028809,-3.004716157913208,0.20740000903606415,-0.07999999821186066,0.09090909361839294
11.479999542236328,-2.9932594299316406,0.20659999549388885,-0.07999999821186066,1.8248041966373307e-12
11.489999771118164,-2.9846668243408203,0.20580001175403595,-0.07999999821186066,-0.09090909361839294
11.5,-2.9751193523406982,0.20499999821186066,-0.07999999821186066,-0.09090909361839294
11.510000228881836,-2.9646177291870117,0.20399999618530273,-0.10000000149011612,-0.1090909093618393
11.520000457763672,-2.954115867614746,0.2029999941587448,-0.10000000149011612,-0.12727272510528564
11.529999732971191,-2.9436140060424805,0.2019999921321869,-0.10000000149011612,-0.12727272510528564
11.539999961853027,-2.9302477836608887,0.20100000500679016,-0.10000000149011612,-0.1090909093618393
11.550000190734863,-2.916881561279297,0.20019999146461487,-0.07999999821186066,-0.16363635659217834
11.5600004196167,-2.9025604724884033,0.19939999282360077,-0.07999999821186066,-0.1818181872367859
11.569999694824219,-2.888239622116089,0.19839999079704285,-0.10000000149011612,-0.1818181872367859
11.579999923706055,-2.874873638153076,0.19740000367164612,-0.10000000149011612,-0.27272728085517883
11.59000015258789,-2.863416910171509,0.1964000016450882,-0.10000000149011612,-0.34545454382896423
11.600000381469727,-2.8519599437713623,0.19519999623298645,-0.12000000476837158,-0.4000000059604645
11.609999656677246,-2.840503215789795,0.1939999908208847,-0.12000000476837158,-0.418181836605072
11.619999885559082,-2.827136993408203,0.19299998879432678,-0.10000000149011612,-0.3818182051181793
11.630000114440918,-2.8128159046173096,0.19179999828338623,-0.12000000476837158,-0.30909091234207153
11.640000343322754,-2.799449920654297,0.19060000777244568,-0.12000000476837158,-0.30909091234207153
11.649999618530273,-2.7841742038726807,0.18940000236034393,-0.12000000476837158,-0.3636363744735718
11.65999984741211,-2.76698899269104,0.18799999356269836,-0.14000000059604645,-0.3818182051181793
11.670000076293945,-2.7498040199279785,0.186599999666214,-0.14000001549720764,-0.47272729873657227
11.680000305175781,-2.7316641807556152,0.18540000915527344,-0.12000000476837158,-0.41818180680274963
11.6899995803833,-2.713524580001831,0.18400000035762787,-0.14000000059604645,-0.418181836605072
11.699999809265137,-2.6963398456573486,0.18240000307559967,-0.1599999964237213,-0.3818182051181793
11.710000038146973,-2.679154634475708,0.1810000091791153,-0.14000001549720764,-0.30909091234207153
11.720000267028809,-2.6610147953033447,0.1793999969959259,-0.1599999964237213,-0.30909091234207153
11.729999542236328,-2.6428747177124023,0.1777999997138977,-0.1599999964237213,-0.3818182051181793
11.739999771118164,-2.624735116958618,0.1762000024318695,-0.1599999964237213,-0.30909091234207153
11.75,-2.6056406497955322,0.17459999024868011,-0.1599999964237213,-0.2909091114997864
11.760000228881836,-2.586545944213867,0.1730000078678131,-0.1599999964237213,-0.34545454382896423
11.770000457763672,-2.5703155994415283,0.17139999568462372,-0.1599999964237213,-0.27272728085517883
11.779999732971191,-2.5474019050598145,0.1695999950170517,-0.17999999225139618,-0.1818181723356247
11.789999961853027,-2.527352809906006,0.16779999434947968,-0.17999999225139618,-0.09090909361839294
11.800000190734863,-2.507303476333618,0.16599999368190765,-0.17999999225139618,-2.018593625585652e-12
11.8100004196167,-2.4872541427612305,0.16419999301433563,-0.18000000715255737,-2.6850048423336864e-24
11.819999694824219,-2.4672048091888428,0.1623999923467636,-0.18000000715255737,0.1090909093618393
11.829999923706055,-2.4490654468536377,0.1608000099658966,-0.1599999964237213,0.12727272510528564
11.84000015258789,-2.4271066188812256,0.1592000126838684,-0.1599999964237213,0.05454545468091965
11.850000381469727,-2.407057285308838,0.15760000050067902,-0.1599999964237213,0.0727272778749466
11.859999656677246,-2.3860533237457275,0.155799999833107,-0.17999999225139618,0.072727270424366
11.869999885559082,-2.3669586181640625,0.1542000025510788,-0.1599999964237213,0.05454545468091965
11.880000114440918,-2.3478641510009766,0.15240000188350677,-0.18000000715255737,0.01818181946873665
11.890000343322754,-2.330679178237915,0.15060000121593475,-0.17999999225139618,0.16363635659217834
11.899999618530273,-2.31158447265625,0.14900000393390656,-0.1599999964237213,0.20000000298023224
11.90999984741211,-2.292490005493164,0.14739999175071716,-0.1599999964237213,0.3272727131843567
11.920000076293945,-2.2724404335021973,0.14580000936985016,-0.1599999964237213,0.23636361956596375
11.930000305175781,-2.2523913383483887,0.14419999718666077,-0.1599999964237213,0.3272727131843567
11.9399995803833,-2.2332968711853027,0.1428000032901764,-0.14000001549720764,0.20000000298023224
11.949999809265137,-2.214202404022217,0.1412000060081482,-0.1599999964237213,0.05454545468091965
11.960000038146973,-2.195107936859131,0.13979999721050262,-0.14000001549720764,1.1530221222244563e-12
11.970000267028809,-2.176013469696045,0.13819999992847443,-0.1599999964237213,-0.05454545468091965
11.979999542236328,-2.1550092697143555,0.13680000603199005,-0.14000001549720764,-0.20000000298023224
11.989999771118164,-2.1359145641326904,0.13519999384880066,-0.1599999964237213,-0.3272727131843567
12,-2.1177749633789062,0.13359999656677246,-0.1599999964237213,-0.23636364936828613
12.010000228881836,-2.1005899906158447,0.13199999928474426,-0.1599999964237213,-0.3272727131843567
12.020000457763672,-2.083405017852783,0.13039998710155487,-0.1599999964237213,-0.20000000298023224
12.029999732971191,-2.061445951461792,0.12860000133514404,-0.17999999225139618,-0.16363637149333954
12.039999961853027,-2.039487361907959,0.12680001556873322,-0.17999999225139618,-0.01818181946873665
12.050000190734863,-2.017528533935547,0.12520000338554382,-0.1599999964237213,0.0363636389374733
12.0600004196167,-1.9993888139724731,0.1233999952673912,-0.18000000715255737,0.09090909361839294
12.069999694824219,-1.9802943468093872,0.1218000054359436,-0.1599999964237213,0.05454545468091965
12.079999923706055,-1.9631093740463257,0.12020000070333481,-0.1599999964237213,0.12727272510528564
12.09000015258789,-1.943060040473938,0.11859999597072601,-0.1599999964237213,0.09090909361839294
12.100000381469727,-1.9258748292922974,0.11700000613927841,-0.1599999964237213,0.0363636389374733
12.109999656677246,-1.9058256149291992,0.11540000140666962,-0.1599999964237213,0.0727272778749466
12.119999885559082,-1.887685775756836,0.113599993288517,-0.17999999225139618,1.5502737982231451e-12
12.130000114440918,-1.8705006837844849,0.1120000034570694,-0.1599999964237213,0.01818181946873665
12.140000343322754,-1.8504515886306763,0.1103999987244606,-0.1599999964237213,0.0363636389374733
12.149999618530273,-1.8313570022583008,0.1087999939918518,-0.1599999964237213,0.05454545468091965
12.15999984741211,-1.811307668685913,0.1072000041604042,-0.1599999964237213,0.0727272778749466
12.170000076293945,-1.791258454322815,0.10559999942779541,-0.1599999964237213,0.1818181723356247
12.180000305175781,-1.7712090015411377,0.10399999469518661,-0.1599999964237213,0.0727272778749466
12.1899995803833,-1.7511597871780396,0.10240000486373901,-0.1599999964237213,0.1454545557498932
12.199999809265137,-1.7272918224334717,0.10080000013113022,-0.1599999964237213,0.1090909019112587
12.210000038146973,-1.7081972360610962,0.09919999539852142,-0.1599999964237213,0.16363637149333954
12.220000267028809,-1.6910121440887451,0.09780000150203705,-0.14000001549720764,0.1090909093618393
12.229999542236328,-1.6700080633163452,0.09619999676942825,-0.1599999964237213,0.1454545557498932
12.239999771118164,-1.651868224143982,0.09480000287294388,-0.14000001549720764,0.16363637149333954
12.25,-1.633728265762329,0.09320000559091568,-0.1599999964237213,0.16363637149333954
12.260000228881836,-1.6155884265899658,0.09179999679327011,-0.14000001549720764,0.1454545557498932
12.270000457763672,-1.596494197845459,0.09019999951124191,-0.1599999964237213,0.20000000298023224
12.279999732971191,-1.579309105873108,0.08879999816417694,-0.14000001549720764,0.3272727131843567
12.289999961853027,-1.5621238946914673,0.08740000426769257,-0.14000001549720764,0.3272727429866791
12.300000190734863,-1.5439841747283936,0.0860000029206276,-0.14000000059604645,0.4000000059604645
12.3100004196167,-1.5296632051467896,0.08459999412298203,-0.14000001549720764,0.34545454382896423
12.319999694824219,-1.5143874883651733,0.08339999616146088,-0.12000000476837158,0.3636363744735718
12.329999923706055,-1.4972025156021118,0.08220000565052032,-0.12000000476837158,0.2545454800128937
12.34000015258789,-1.4800176620483398,0.08100000023841858,-0.12000000476837158,0.2181818187236786
12.350000381469727,-1.4637871980667114,0.07979999482631683,-0.12000000476837158,0.2545454800128937
12.359999656677246,-1.4466019868850708,0.07860000431537628,-0.12000000476837158,0.16363637149333954
12.369999885559082,-1.4313263893127441,0.07739999890327454,-0.12000000476837158,0.054545462131500244
12.380000114440918,-1.4198696613311768,0.07620000094175339,-0.12000000476837158,0.0363636389374733
12.390000343322754,-1.4055486917495728,0.07500000298023224,-0.12000000476837158,0.01818181946873665
12.399999618530273,-1.390273094177246,0.07400000095367432,-0.10000000149011612,4.004852005579096e-13
12.40999984741211,-1.3749972581863403,0.07279999554157257,-0.12000000476837158,0.0727272778749466
12.420000076293945,-1.3568576574325562,0.07160000503063202,-0.12000000476837158,0.12727272510528564
12.430000305175781,-1.341582179069519,0.07039999216794968,-0.12000000476837158,0.16363635659217834
12.4399995803833,-1.327261209487915,0.06919999420642853,-0.12000000476837158,0.09090908616781235
12.449999809265137,-1.3119854927062988,0.06800000369548798,-0.12000000476837158,0.01818181946873665
12.460000038146973,-1.2976646423339844,0.06700000166893005,-0.10000000149011612,0.05454545468091965
12.470000267028809,-1.2833436727523804,0.06599999964237213,-0.10000000149011612,1.2111492364574872e-12
12.479999542236328,-1.2661585807800293,0.06499999761581421,-0.10000000149011612,-0.05454545468091965
12.489999771118164,-1.2508829832077026,0.06379999220371246,-0.12000000476837158,-0.01818181946873665
12.5,-1.2375168800354004,0.06260000169277191,-0.12000000476837158,-4.0371872511713036e-13
12.510000228881836,-1.2222412824630737,0.06140000373125076,-0.12000000476837158,-0.09090909361839294
12.520000457763672,-1.2098298072814941,0.06019999831914902,-0.12000000476837158,0.01818181946873665
12.529999732971191,-1.1955089569091797,0.05899999663233757,-0.12000000476837158,0.0363636389374733
12.539999961853027,-1.182142734527588,0.057999998331069946,-0.10000000149011612,0.0727272778749466
12.550000190734863,-1.168776512145996,0.05700000002980232,-0.10000000149011612,0.01818181946873665
12.5600004196167,-1.1554104089736938,0.055799998342990875,-0.12000000476837158,0.05454545468091965
12.569999694824219,-1.1410894393920898,0.05479999631643295,-0.10000000149011612,0.0727272778749466
12.579999923706055,-1.1286778450012207,0.0536000020802021,-0.12000000476837158,0.16363637149333954
12.59000015258789,-1.1153117418289185,0.052400000393390656,-0.12000000476837158,0.2181818187236786
12.600000381469727,-1.1029002666473389,0.05120000243186951,-0.12000000476837158,0.3454545736312866
12.609999656677246,-1.091443657875061,0.050199996680021286,-0.10000000149011612,0.45454543828964233
12.619999885559082,-1.0780774354934692,0.049199994653463364,-0.10000000149011612,0.4363636374473572
12.630000114440918,-1.0656660795211792,0.04839999973773956,-0.07999999821186066,0.4909090995788574
12.640000343322754,-1.0532546043395996,0.047600001096725464,-0.07999999821186066,0.41818180680274963
12.649999618530273,-1.04084312915802,0.046800002455711365,-0.07999999821186066,0.30909091234207153
12.65999984741211,-1.0293864011764526,0.04600000008940697,-0.07999999821186066,0.2545454502105713
12.670000076293945,-1.0188844203948975,0.04519999772310257,-0.07999999821186066,0.16363637149333954
12.680000305175781,-1.0102918148040771,0.04439999908208847,-0.07999999821186066,0.05454545468091965
12.6899995803833,-0.9997897744178772,0.04360000044107437,-0.07999999821186066,0.0363636389374733
12.699999809265137,-0.9883332252502441,0.042799998074769974,-0.07999999821186066,0.1090909093618393
12.710000038146973,-0.9778311848640442,0.0421999953687191,-0.06000000238418579,0.0727272778749466
12.720000267028809,-0.9673291444778442,0.0414000004529953,-0.07999999821186066,0.12727272510528564
12.729999542236328,-0.9539629220962524,0.0406000018119812,-0.07999999821186066,0.16363637149333954
12.739999771118164,-0.9453704357147217,0.039799999445676804,-0.07999999821186066,0.18181820213794708
12.75,-0.9367778301239014,0.03920000046491623,-0.06000000238418579,0.1818181723356247
12.760000228881836,-0.9281853437423706,0.03840000182390213,-0.07999999821186066,0.16363635659217834
12.770000457763672,-0.9205475449562073,0.03779999911785126,-0.06000000238418579,0.1454545557498932
12.779999732971191,-0.9119549989700317,0.037199996411800385,-0.06000000238418579,0.12727272510528564
12.789999961853027,-0.9033624529838562,0.03660000115633011,-0.06000000238418579,0.09090909361839294
12.800000190734863,-0.8947699069976807,0.035999998450279236,-0.06000000238418579,-0.05454545468091965
12.8100004196167,-0.8861773014068604,0.03539999574422836,-0.06000000238418579,-0.09090909361839294
12.819999694824219,-0.878539502620697,0.034599997103214264,-0.07999999821186066,-0.12727272510528564
12.829999923706055,-0.8699468970298767,0.03400000184774399,-0.06000000238418579,-0.16363637149333954
12.84000015258789,-0.861354410648346,0.033400002866983414,-0.06000000238418579,-0.09090909361839294
12.850000381469727,-0.8527619242668152,0.032600000500679016,-0.07999999821186066,-0.01818181946873665
12.859999656677246,-0.84225994348526,0.03179999813437462,-0.07999999821186066,0.05454545468091965
12.869999885559082,-0.8336673378944397,0.031200001016259193,-0.06000000238418579,0.0363636389374733
12.880000114440918,-0.8260295391082764,0.030400002375245094,-0.07999999821186066,-0.0727272778749466
12.890000343322754,-0.8174369931221008,0.02980000153183937,-0.06000000238418579,-0.072727270424366
12.899999618530273,-0.8107539415359497,0.029199998825788498,-0.06000000238418579,-0.05454545468091965
12.90999984741211,-0.8031161427497864,0.028599997982382774,-0.06000000238418579,-0.0363636314868927
12.920000076293945,-0.7935689091682434,0.027799999341368675,-0.07999999821186066,-0.0363636389374733
12.930000305175781,-0.7821121215820312,0.027000000700354576,-0.07999999821186066,0.05454545468091965
12.9399995803833,-0.7716102004051208,0.026200000196695328,-0.07999999821186066,0.0363636389374733
12.949999809265137,-0.7601534128189087,0.02540000155568123,-0.07999999821186066,0.1090909093618393
12.960000038146973,-0.7525155544281006,0.024799998849630356,-0.06000000238418579,0.1818181872367859
12.970000267028809,-0.7458325028419495,0.02419999986886978,-0.06000000238418579,0.2545454502105713
12.979999542236328,-0.741058886051178,0.023600000888109207,-0.06000000238418579,0.2181818038225174
12.989999771118164,-0.7324663996696472,0.023000000044703484,-0.06000000238418579,0.16363637149333954
13,-0.7238738536834717,0.02239999920129776,-0.06000000238418579,0.09090909361839294
13.010000228881836,-0.7152813076972961,0.021800000220537186,-0.06000000238418579,-0.09090909361839294
13.020000457763672,-0.7057340145111084,0.021199999377131462,-0.06000000238418579,-0.072727270424366
13.029999732971191,-0.6971414685249329,0.020600002259016037,-0.06000000238418579,-0.05454545468091965
13.039999961853027,-0.6875941157341003,0.019999999552965164,-0.06000000238418579,-0.0363636389374733
13.050000190734863,-0.679956316947937,0.01940000057220459,-0.06000000238418579,-0.01818181946873665
13.0600004196167,-0.6723185181617737,0.01860000006854534,-0.07999999821186066,-4.263256414560601e-13
13.069999694824219,-0.6646807789802551,0.017999999225139618,-0.06000000238418579,0.01818181946873665
13.079999923706055,-0.6589523553848267,0.017400000244379044,-0.06000000238418579,0.0363636389374733
13.09000015258789,-0.6513145565986633,0.01680000126361847,-0.06000000238418579,0.05454545468091965
13.100000381469727,-0.6436767578125,0.016200000420212746,-0.06000000238418579,0.0727272778749466
13.109999656677246,-0.6341294646263123,0.015599998645484447,-0.06000000238418579,0.1818181723356247
13.119999885559082,-0.6264916062355042,0.015000000596046448,-0.06000000238418579,0.0727272778749466
13.130000114440918,-0.618853747844696,0.014399999752640724,-0.06000000238418579,0.1454545557498932
13.140000343322754,-0.6112159490585327,0.013799999840557575,-0.06000000238418579,0.1090909019112587
13.149999618530273,-0.6035782098770142,0.013199999928474426,-0.06000000238418579,0.0727272778749466
13.15999984741211,-0.5949856638908386,0.012799998745322227,-0.03999999910593033,0.0363636389374733
13.170000076293945,-0.5863931179046631,0.012199999764561653,-0.06000000238418579,0.09090909361839294
13.180000305175781,-0.5787553191184998,0.011800000444054604,-0.03999999910593033,0.0363636389374733
13.1899995803833,-0.5720722079277039,0.011200000531971455,-0.06000000238418579,0.0727272778749466
13.199999809265137,-0.565389096736908,0.010600000619888306,-0.06000000238418579,0.1818181872367859
13.210000038146973,-0.559660792350769,0.009999999776482582,-0.06000000238418579,0.16363637149333954
13.220000267028809,-0.5548871755599976,0.009600000455975533,-0.03999999910593033,0.23636364936828613
13.229999542236328,-0.5482041239738464,0.009000000543892384,-0.06000000238418579,0.20000000298023224
13.239999771118164,-0.5405662655830383,0.00860000029206276,-0.03999999910593033,0.2545454502105713
13.25,-0.5348379015922546,0.00839999970048666,-0.019999999552965164,0.1090909093618393
13.260000228881836,-0.5272001028060913,0.007999999448657036,-0.03999999910593033,0.05454545468091965
13.270000457763672,-0.5195622444152832,0.007599999662488699,-0.03999999910593033,-0.01818181946873665
13.279999732971191,-0.5147886872291565,0.007199999876320362,-0.03999999910593033,-4.0048867000486155e-13
13.289999961853027,-0.5100150108337402,0.006799999624490738,-0.03999999910593033,-0.09090909361839294
13.300000190734863,-0.5052413940429688,0.006199999712407589,-0.06000000238418579,-0.09090909361839294
13.3100004196167,-0.5014224648475647,0.005800000391900539,-0.03999999910593033,0.01818181946873665
13.319999694824219,-0.4966488182544708,0.0054000006057322025,-0.03999999910593033,0.0363636389374733
13.329999923706055,-0.4899657368659973,0.005000000353902578,-0.03999999910593033,0.05454545468091965
13.34000015258789,-0.4832826554775238,0.004600000102072954,-0.03999999910593033,0.0727272778749466
13.350000381469727,-0.4746900796890259,0.00419999985024333,-0.03999999910593033,0.09090909361839294
13.359999656677246,-0.4641880989074707,0.0037999998312443495,-0.03999999910593033,2.180075564517381e-12
13.369999885559082,-0.45559555292129517,0.003399999812245369,-0.03999999910593033,0
13.380000114440918,-0.44127464294433594,0.003000000026077032,-0.03999999910593033,0.09090909361839294
13.390000343322754,-0.4135875403881073,0.0026000000070780516,-0.03999999910593033,0.0727272778749466
13.399999618530273,-0.3782626986503601,0.0022000002209097147,-0.03999999910593033,0.1454545557498932
13.40999984741211,-0.3276621699333191,0.0017999999690800905,-0.03999999910593033,0.20000000298023224
13.420000076293945,-0.26846906542778015,0.0014000001829117537,-0.03999999910593033,0.1454545557498932
13.430000305175781,-0.21977803111076355,0.0012000000569969416,-0.019999999552965164,0.09090909361839294
13.4399995803833,-0.1796795129776001,0.000800000037997961,-0.03999999910593033,0.0363636389374733
13.449999809265137,-0.1481735110282898,0.0006000000284984708,-0.019999999552965164,-0.01818181946873665
13.460000038146973,-0.13958096504211426,0.0004000000189989805,-0.019999999552965164,-0.0727272778749466
13.470000267028809,-0.1290789693593979,9.509224137282946e-12,-0.03999999910593033,-0.12727272510528564
13.479999542236328,-0.1233505979180336,-0.0004000000189989805,-0.03999999910593033,-0.1818181872367859
13.489999771118164,-0.12144114077091217,-0.000800000037997961,-0.03999999910593033,-0.0363636389374733
13.5,-0.11571278423070908,-0.0012000000569969416,-0.03999999910593033,-8.849518340348084e-13
13.510000228881836,-0.110939159989357,-0.001600000075995922,-0.03999999910593033,0.12727272510528564
13.520000457763672,-0.11284860223531723,-0.001999999862164259,-0.03999999910593033,0.34545454382896423
13.529999732971191,-0.10998442023992538,-0.0023999998811632395,-0.03999999910593033,0.4363636374473572
13.539999961853027,-0.10902970284223557,-0.002599999774247408,-0.019999999552965164,0.4909090995788574
13.550000190734863,-0.10902971029281616,-0.0027999996673315763,-0.019999999552965164,0.5090909600257874
13.5600004196167,-0.10807497054338455,-0.0029999997932463884,-0.019999999552965164,0.4909090995788574
13.569999694824219,-0.1052108034491539,-0.0029999997932463884,-4.902744876744691e-13,0.4363636374473572
13.579999923706055,-0.1052108034491539,-0.0029999997932463884,0,0.34545454382896423
13.59000015258789,-0.10425607860088348,-0.0029999997932463884,0,0.2181818187236786
13.600000381469727,-0.10234662145376205,-0.0029999997932463884,0,0.16363637149333954
13.609999656677246,-0.10139189660549164,-0.0029999997932463884,0,0.09090909361839294
13.619999885559082,-0.10139189660549164,-0.0029999997932463884,0,2.228522921754461e-12
13.630000114440918,-0.10139189660549164,-0.0029999997932463884,0,0
13.640000343322754,-0.10139189660549164,-0.0029999997932463884,0,0
13.649999618530273,-0.10139189660549164,-0.0029999997932463884,0,0
13.65999984741211,-0.10139189660549164,-0.0029999997932463884,0,0
13.670000076293945,-0.10139189660549164,-0.0029999997932463884,0,0
13.680000305175781,-0.0994824469089508,-0.0029999997932463884,0,0
13.6899995803833,-0.0994824469089508,-0.0029999997932463884,0,0
13.699999809265137,-0.0994824469089508,-0.0029999997932463884,0,0
13.710000038146973,-0.0994824469089508,-0.0029999997932463884,0,0
13.720000267028809,-0.0994824469089508,-0.0029999997932463884,0,0
13.729999542236328,-0.09852771461009979,-0.0029999997932463884,0,0
13.739999771118164,-0.09566353261470795,-0.0029999997932463884,0,0
13.75,-0.09566353261470795,-0.0029999997932463884,0,0
13.760000228881836,-0.09470880776643753,-0.0029999997932463884,0,0.09090909361839294
13.770000457763672,-0.09470880776643753,-0.0029999997932463884,0,0.16363637149333954
13.779999732971191,-0.09375408291816711,-0.0029999997932463884,0,0.2181818187236786
13.789999961853027,-0.09088989347219467,-0.0029999997932463884,0,0.34545454382896423
13.800000190734863,-0.08802571892738342,-0.0029999997932463884,0,0.4363636374473572
13.8100004196167,-0.087070994079113,-0.00279999990016222,0.019999999552965164,0.4000000059604645
13.819999694824219,-0.08611626923084259,-0.0026000000070780516,0.019999999552965164,0.34545454382896423
13.829999923706055,-0.08611626923084259,-0.002400000113993883,0.019999999552965164,0.3636363744735718
13.84000015258789,-0.08611626923084259,-0.001999999862164259,0.03999999910593033,0.2545454800128937
13.850000381469727,-0.08516153693199158,-0.001600000075995922,0.03999999910593033,0.12727274000644684
13.859999656677246,-0.08802571892738342,-0.0014000001829117537,0.019999999552965164,-0.01818181946873665
13.869999885559082,-0.08898044377565384,-0.0012000000569969416,0.019999999552965164,-0.0727272778749466
13.880000114440918,-0.0927993506193161,-0.000800000037997961,0.03999999910593033,-0.2181818187236786
13.890000343322754,-0.10043716430664062,-0.0006000000284984708,0.019999999552965164,-0.2545454800128937
13.899999618530273,-0.11380332708358765,-0.0004000000189989805,0.019999999552965164,-0.1818181872367859
13.90999984741211,-0.1414904147386551,-0.00020000000949949026,0.019999999552965164,-0.09090908616781235
13.920000076293945,-0.17490585148334503,-5.0448740237379885e-15,0.019999999552965164,-0.09090909361839294
13.930000305175781,-0.21214020252227783,0,5.044853423896711e-13,-2.2931101462120296e-12
13.9399995803833,-0.25032925605773926,0.00020000000949949026,0.019999999552965164,0.09090909361839294
13.949999809265137,-0.2837446928024292,0.0004000000189989805,0.019999999552965164,0.09090909361839294
13.960000038146973,-0.31143176555633545,0.0006000000284984708,0.019999999552965164,0.09090909361839294
13.970000267028809,-0.33625468611717224,0.000800000037997961,0.019999999552965164,0.09090908616781235
13.979999542236328,-0.35630396008491516,0.0012000000569969416,0.03999999910593033,0.09090909361839294
13.989999771118164,-0.3715795576572418,0.00139999995008111,0.019999999552965164,-0.01818181946873665
14,-0.3830363154411316,0.001600000075995922,0.019999999552965164,-0.0363636389374733
14.010000228881836,-0.39353832602500916,0.0017999999690800905,0.019999999552965164,-0.05454545468091965
14.020000457763672,-0.40022140741348267,0.0020000000949949026,0.019999999552965164,0.01818181946873665
14.029999732971191,-0.4069044888019562,0.002199999988079071,0.019999999552965164,-0.01818181946873665
14.039999961853027,-0.41167810559272766,0.0023999998811632395,0.019999999552965164,0.05454545468091965
14.050000190734863,-0.4154970347881317,0.002599999774247408,0.019999999552965164,0.0363636389374733
14.0600004196167,-0.4202706515789032,0.0027999996673315763,0.019999999552965164,0.01818181946873665
14.069999694824219,-0.42218008637428284,0.003199999686330557,0.03999999910593033,4.650828333563339e-13
14.079999923706055,-0.42313483357429504,0.003399999812245369,0.019999999552965164,-0.01818181946873665
14.09000015258789,-0.4259990155696869,0.003599999938160181,0.019999999552965164,-0.0363636389374733
14.100000381469727,-0.4259990155696869,0.0037999998312443495,0.019999999552965164,0.0363636389374733
14.109999656677246,-0.42886319756507874,0.004000000189989805,0.019999999552965164,0.09090909361839294
14.119999885559082,-0.4345915913581848,0.004200000315904617,0.019999999552965164,0.0363636389374733
14.130000114440918,-0.4393652081489563,0.004400000441819429,0.019999999552965164,0.1818181872367859
14.140000343322754,-0.44700300693511963,0.0046000005677342415,0.019999999552965164,0.2181818187236786
14.149999618530273,-0.45368605852127075,0.004999999888241291,0.03999999910593033,0.23636364936828613
14.15999984741211,-0.46036916971206665,0.005399999674409628,0.03999999910593033,0.23636364936828613
14.170000076293945,-0.46609756350517273,0.005599999334663153,0.019999999552965164,0.3090909421443939
14.180000305175781,-0.4708711802959442,0.005999999586492777,0.03999999910593033,0.2545454502105713
14.1899995803833,-0.4775542914867401,0.006399999372661114,0.03999999910593033,0.27272728085517883
14.199999809265137,-0.4842373728752136,0.006799999624490738,0.03999999910593033,0.16363637149333954
14.210000038146973,-0.4899657368659973,0.007199999876320362,0.03999999910593033,0.23636364936828613
14.220000267028809,-0.495694100856781,0.007800000254064798,0.06000000238418579,0.2909091114997864
14.229999542236328,-0.5014224648475647,0.008200000040233135,0.03999999910593033,0.2181818187236786
14.239999771118164,-0.5052413940429688,0.008800000883638859,0.06000000238418579,0.2181818187236786
14.25,-0.5128791928291321,0.009200001135468483,0.03999999910593033,0.2909091114997864
14.260000228881836,-0.5205169916152954,0.009800000116229057,0.06000000238418579,0.3272727131843567
14.270000457763672,-0.5310189723968506,0.010399999096989632,0.06000000238418579,0.3272727429866791
14.279999732971191,-0.5396115183830261,0.01099999900907278,0.06000000238418579,0.4909090995788574
14.289999961853027,-0.5482040643692017,0.011599999852478504,0.06000000238418579,0.5090909004211426
14.300000190734863,-0.5567966103553772,0.012399999424815178,0.07999999821186066,0.6727272868156433
14.3100004196167,-0.5653891563415527,0.013199999928474426,0.07999999821186066,0.5818182229995728
14.319999694824219,-0.5758910775184631,0.014000000432133675,0.07999999821186066,0.636363685131073
14.329999923706055,-0.5863930583000183,0.014999998733401299,0.10000000149011612,0.6363636255264282
14.34000015258789,-0.5997592806816101,0.01600000075995922,0.10000000149011612,0.5818182229995728
14.350000381469727,-0.6102613210678101,0.01720000058412552,0.12000000476837158,0.3818182349205017
14.359999656677246,-0.6236274838447571,0.018200000748038292,0.10000000149011612,0.4363636374473572
14.369999885559082,-0.6360389590263367,0.01940000057220459,0.12000000476837158,0.34545454382896423
14.380000114440918,-0.6484503149986267,0.020600000396370888,0.12000000476837158,0.2181818187236786
14.390000343322754,-0.6618165373802185,0.021800000220537186,0.12000000476837158,0.2545454800128937
14.399999618530273,-0.6761374473571777,0.02279999852180481,0.10000000149011612,0.2545454800128937
14.40999984741211,-0.691413164138794,0.02419999986886978,0.14000000059604645,0.23636364936828613
14.420000076293945,-0.7066887021064758,0.02540000155568123,0.12000000476837158,0.20000000298023224
14.430000305175781,-0.7219642996788025,0.026599999517202377,0.12000000476837158,0.23636364936828613
14.4399995803833,-0.7391494512557983,0.02800000086426735,0.14000000059604645,0.16363637149333954
14.449999809265137,-0.7544251084327698,0.029400000348687172,0.14000001549720764,0.09090909361839294
14.460000038146973,-0.7697007656097412,0.03060000017285347,0.12000000476837158,2.406158605694486e-12
14.470000267028809,-0.7840215563774109,0.03199999779462814,0.14000000059604645,0
14.479999542236328,-0.7973877191543579,0.033399999141693115,0.14000001549720764,-0.09090909361839294
14.489999771118164,-0.8107539415359497,0.03460000082850456,0.12000000476837158,-0.1818181872367859
14.5,-0.8250747919082642,0.03579999879002571,0.12000000476837158,-0.16363635659217834
14.510000228881836,-0.8403503894805908,0.03720000013709068,0.14000000059604645,-0.2181818187236786
14.520000457763672,-0.8556260466575623,0.03840000182390213,0.12000000476837158,-0.34545454382896423
14.529999732971191,-0.8728111982345581,0.03959999978542328,0.12000000476837158,-0.34545454382896423
14.539999961853027,-0.8871321082115173,0.04079999774694443,0.12000000476837158,-0.30909091234207153
14.550000190734863,-0.9014530777931213,0.04200000315904617,0.12000000476837158,-0.34545454382896423
14.5600004196167,-0.9148191213607788,0.0430000014603138,0.10000000149011612,-0.27272728085517883
14.569999694824219,-0.9272305965423584,0.04400000348687172,0.10000000149011612,-0.09090910106897354
14.579999923706055,-0.9405967593193054,0.04500000178813934,0.10000000149011612,5.958042059717172e-9
14.59000015258789,-0.9549177289009094,0.04600000008940697,0.10000000149011612,0.09090909361839294
14.600000381469727,-0.9711481332778931,0.04699999839067459,0.10000000149011612,0.27272728085517883
14.609999656677246,-0.9892879128456116,0.04820000007748604,0.12000000476837158,0.34545454382896423
14.619999885559082,-1.0036088228225708,0.04939999803900719,0.12000000476837158,0.30909091234207153
14.630000114440918,-1.0198391675949097,0.050599999725818634,0.12000000476837158,0.34545454382896423
14.640000343322754,-1.0341601371765137,0.05180000141263008,0.12000000476837158,0.34545454382896423
14.649999618530273,-1.050390362739563,0.053199999034404755,0.14000000059604645,0.2181818187236786
14.65999984741211,-1.067575454711914,0.0544000044465065,0.12000000476837158,0.16363637149333954
14.670000076293945,-1.0847605466842651,0.05559999868273735,0.12000000476837158,0.1818181723356247
14.680000305175781,-1.1019456386566162,0.05700000002980232,0.14000000059604645,0.1818181872367859
14.6899995803833,-1.1162664890289307,0.058399997651576996,0.14000001549720764,0.16363637149333954
14.699999809265137,-1.1305874586105347,0.05960000306367874,0.12000000476837158,0.12727275490760803
14.710000038146973,-1.1477725505828857,0.061000000685453415,0.14000000059604645,0.18181820213794708
14.720000267028809,-1.163048267364502,0.06240000203251839,0.14000001549720764,0.12727272510528564
14.729999542236328,-1.178323745727539,0.06379999965429306,0.14000000059604645,-0.0363636389374733
14.739999771118164,-1.1935994625091553,0.06519999355077744,0.14000001549720764,-9.81839609615065e-13
14.75,-1.2079201936721802,0.066600002348423,0.14000001549720764,0.0363636389374733
14.760000228881836,-1.223196029663086,0.06800000369548798,0.14000000059604645,-0.12727272510528564
14.770000457763672,-1.240381121635437,0.06939999759197235,0.14000001549720764,-0.1818181723356247
14.779999732971191,-1.2585209608078003,0.0706000030040741,0.12000000476837158,-0.12727272510528564
14.789999961853027,-1.2718870639801025,0.07199999690055847,0.14000000059604645,-0.16363637149333954
14.800000190734863,-1.2900269031524658,0.07340000569820404,0.14000001549720764,-0.1818181872367859
14.8100004196167,-1.3062571287155151,0.07459999620914459,0.12000000476837158,-0.1818181872367859
14.819999694824219,-1.3196232318878174,0.07580000162124634,0.12000000476837158,-0.16363635659217834
14.829999923706055,-1.3377630710601807,0.0772000104188919,0.14000000059604645,-0.2181818187236786
14.84000015258789,-1.355902910232544,0.07840000092983246,0.12000000476837158,-0.34545454382896423
14.850000381469727,-1.3683143854141235,0.07959999144077301,0.12000000476837158,-0.34545454382896423
14.859999656677246,-1.382635235786438,0.08080000430345535,0.12000000476837158,-0.30909091234207153
14.869999885559082,-1.396956205368042,0.0820000022649765,0.12000000476837158,-0.34545454382896423
14.880000114440918,-1.408413052558899,0.08300000429153442,0.10000000149011612,-0.3636363744735718
14.890000343322754,-1.4208245277404785,0.08400000631809235,0.10000000149011612,-0.2545454800128937
14.899999618530273,-1.433236002922058,0.08500000089406967,0.10000000149011612,-0.2181818187236786
14.90999984741211,-1.444692611694336,0.0860000029206276,0.10000000149011612,-0.2545454800128937
14.920000076293945,-1.4561492204666138,0.08699999749660492,0.10000000149011612,-0.2545454502105713
14.930000305175781,-1.4685605764389038,0.08799999952316284,0.10000000149011612,-0.2181818187236786
14.9399995803833,-1.4828815460205078,0.08900000154972076,0.10000000149011612,-0.2545454502105713
14.949999809265137,-1.4991120100021362,0.08999999612569809,0.10000000149011612,-0.27272728085517883
14.960000038146973,-1.5115233659744263,0.09080000221729279,0.07999999821186066,-0.1818181723356247
14.970000267028809,-1.5248897075653076,0.09160000085830688,0.07999999821186066,-0.1818181872367859
14.979999542236328,-1.5344369411468506,0.09239999949932098,0.07999999821186066,-0.16363635659217834
14.989999771118164,-1.543029546737671,0.09320000559091568,0.07999999821186066,-0.2181818187236786
15,-1.550667405128479,0.09399999678134918,0.07999999821186066,-0.23636364936828613
15.010000228881836,-1.5573503971099854,0.0949999988079071,0.10000000149011612,-0.30909091234207153
15.020000457763672,-1.564988136291504,0.0957999974489212,0.07999999821186066,-0.34545454382896423
15.029999732971191,-1.5707165002822876,0.0965999960899353,0.07999999821186066,-0.45454543828964233
15.039999961853027,-1.577399492263794,0.09719999134540558,0.06000000238418579,-0.5272727608680725
15.050000190734863,-1.5850372314453125,0.09780000150203705,0.06000000238418579,-0.6545454263687134
15.0600004196167,-1.594584584236145,0.0982000082731247,0.03999999910593033,-0.7272726893424988
15.069999694824219,-1.6022224426269531,0.09879999607801437,0.06000000238418579,-0.7272726893424988
15.079999923706055,-1.6089054346084595,0.09919999539852142,0.03999999910593033,-0.7454545497894287
15.09000015258789,-1.6155885457992554,0.09960000216960907,0.03999999910593033,-0.6909090280532837
15.100000381469727,-1.6222717761993408,0.0997999981045723,0.019999999552965164,-0.6727272272109985
15.109999656677246,-1.625135898590088,0.10000000149011612,0.019999999552965164,-0.6000000238418579
15.119999885559082,-1.6299095153808594,0.10000000149011612,5.542233338928781e-13,-0.5818182229995728
15.130000114440918,-1.632773756980896,0.10000000149011612,0,-0.41818180680274963
15.140000343322754,-1.6346831321716309,0.10000000149011612,0,-0.30909091234207153
15.149999618530273,-1.6365926265716553,0.10000000149011612,0,-0.16363637149333954
15.15999984741211,-1.6365926265716553,0.10000000149011612,0,-0.09090909361839294
15.170000076293945,-1.639456868171692,0.10000000149011612,0,-2.535346932397431e-12
15.180000305175781,-1.6413663625717163,0.10000000149011612,0,0
15.1899995803833,-1.639456868171692,0.10000000149011612,0,0
15.199999809265137,-1.6385021209716797,0.10000000149011612,0,0
15.210000038146973,-1.635637879371643,0.10000000149011612,0,-0.09090909361839294
15.220000267028809,-1.6318190097808838,0.10000000149011612,0,-0.16363637149333954
15.229999542236328,-1.6308642625808716,0.10000000149011612,0,-0.30909091234207153
15.239999771118164,-1.6308642625808716,0.10000000149011612,0,-0.5090909004211426
15.25,-1.6299095153808594,0.10000000149011612,0,-0.6545454263687134
15.260000228881836,-1.6260905265808105,0.0998000055551529,-0.019999999552965164,-0.7454545497894287
15.270000457763672,-1.6222716569900513,0.09960000216960907,-0.019999999552965164,-0.8727272748947144
15.279999732971191,-1.6184526681900024,0.09919999539852142,-0.03999999910593033,-0.9272727966308594
15.289999961853027,-1.611769676208496,0.09860000014305115,-0.06000000238418579,-0.9090908765792847
15.300000190734863,-1.6041319370269775,0.09800000488758087,-0.06000000238418579,-0.9090909957885742
15.3100004196167,-1.5964943170547485,0.0973999947309494,-0.06000000238418579,-0.9090908765792847
15.319999694824219,-1.5859922170639038,0.0965999960899353,-0.07999999821186066,-0.9090909957885742
15.329999923706055,-1.5745354890823364,0.0957999974489212,-0.07999999821186066,-0.9090909957885742
15.34000015258789,-1.5640335083007812,0.0950000062584877,-0.07999999821186066,-1
15.350000381469727,-1.555440902709961,0.09399999678134918,-0.10000000149011612,-1.1818182468414307
15.359999656677246,-1.5420746803283691,0.09280000627040863,-0.12000000476837158,-1.2545454502105713
15.369999885559082,-1.5277538299560547,0.09159999340772629,-0.12000000476837158,-1.218181848526001
15.380000114440918,-1.5143874883651733,0.09019999951124191,-0.14000000059604645,-1.2727272510528564
15.390000343322754,-1.498157262802124,0.08860000222921371,-0.1599999964237213,-1.218181848526001
15.399999618530273,-1.4790629148483276,0.0868000015616417,-0.17999999225139618,-1.054545521736145
15.40999984741211,-1.4599683284759521,0.08500000089406967,-0.17999999225139618,-0.8909090161323547
15.420000076293945,-1.4399189949035645,0.08320000022649765,-0.18000000715255737,-0.836363673210144
15.430000305175781,-1.416050672531128,0.0811999961733818,-0.20000000298023224,-0.6909090876579285
15.4399995803833,-1.3931372165679932,0.07919999212026596,-0.20000000298023224,-0.5636363625526428
15.449999809265137,-1.3721332550048828,0.07720000296831131,-0.20000000298023224,-0.47272729873657227
15.460000038146973,-1.3473104238510132,0.07520000636577606,-0.20000000298023224,-0.4363636374473572
15.470000267028809,-1.3234423398971558,0.0729999989271164,-0.2199999988079071,-0.45454543828964233
15.479999542236328,-1.3005287647247314,0.07079999893903732,-0.2199999988079071,-0.3272727131843567
15.489999771118164,-1.2747511863708496,0.06860000640153885,-0.2199999988079071,-0.27272725105285645
15.5,-1.24992835521698,0.06640000641345978,-0.2199999988079071,-0.19999998807907104
15.510000228881836,-1.2222412824630737,0.06419999897480011,-0.2199999988079071,-0.20000000298023224
15.520000457763672,-1.194554090499878,0.06180000305175781,-0.24000000953674316,-0.0727272778749466
15.529999732971191,-1.1649576425552368,0.05960000306367874,-0.2199999988079071,-0.0363636389374733
15.539999961853027,-1.137270450592041,0.05739999935030937,-0.2199999988079071,-9.10785336039055e-13
15.550000190734863,-1.1114929914474487,0.0552000030875206,-0.2199999988079071,0.0363636389374733
15.5600004196167,-1.0885794162750244,0.052799999713897705,-0.24000000953674316,0.16363637149333954
15.569999694824219,-1.0656660795211792,0.050599999725818634,-0.2199999988079071,0.3636363744735718
15.579999923706055,-1.0446621179580688,0.04839999973773956,-0.2199999988079071,0.41818180680274963
15.59000015258789,-1.0217485427856445,0.04619999974966049,-0.2199999988079071,0.6181818246841431
15.600000381469727,-0.9988351464271545,0.04399999976158142,-0.2199999988079071,0.7636364102363586
15.609999656677246,-0.9730575084686279,0.04200000315904617,-0.20000000298023224,0.9454545974731445
15.619999885559082,-0.9463251233100891,0.04020000249147415,-0.18000000715255737,0.8545454740524292
15.630000114440918,-0.9195928573608398,0.03840000182390213,-0.18000000715255737,0.8909090757369995
15.640000343322754,-0.8957245945930481,0.03680000081658363,-0.1599999964237213,0.7636364102363586
15.649999618530273,-0.8728111386299133,0.03519999980926514,-0.1599999964237213,0.6727272868156433
15.65999984741211,-0.8527619242668152,0.033799998462200165,-0.14000001549720764,0.5090909004211426
15.670000076293945,-0.8336673974990845,0.03220000118017197,-0.1599999964237213,0.38181817531585693
15.680000305175781,-0.8145728707313538,0.030799999833106995,-0.14000001549720764,0.30909091234207153
15.6899995803833,-0.7935688495635986,0.029199998825788498,-0.1599999964237213,0.2909091114997864
15.699999809265137,-0.7744743227958679,0.027799999341368675,-0.14000001549720764,0.3272727131843567
15.710000038146973,-0.7553797960281372,0.026399999856948853,-0.14000001549720764,0.3272727429866791
15.720000267028809,-0.7401041984558105,0.02500000037252903,-0.14000000059604645,0.4909090995788574
15.729999542236328,-0.7267380356788635,0.023599999025464058,-0.14000001549720764,0.6000000238418579
15.739999771118164,-0.7133718132972717,0.02240000106394291,-0.12000000476837158,0.7454545497894287
15.75,-0.7000055909156799,0.02120000123977661,-0.12000000476837158,0.7272727489471436
15.760000228881836,-0.6875941157341003,0.019999999552965164,-0.12000000476837158,0.7454545497894287
15.770000457763672,-0.6723185777664185,0.01899999938905239,-0.10000000149011612,0.7090908885002136
15.779999732971191,-0.6579976677894592,0.018199998885393143,-0.07999999821186066,0.6181818246841431
15.789999961853027,-0.6465409398078918,0.017400000244379044,-0.07999999821186066,0.47272729873657227
15.800000190734863,-0.6350841522216797,0.016600001603364944,-0.07999999821186066,0.3818182051181793
15.8100004196167,-0.6236274242401123,0.015799999237060547,-0.07999999821186066,0.34545454382896423
15.819999694824219,-0.6121706962585449,0.014999998733401299,-0.07999999821186066,0.2545454800128937
15.829999923706055,-0.602623462677002,0.0142000000923872,-0.07999999821186066,0.2181818187236786
15.84000015258789,-0.5940309166908264,0.013400000520050526,-0.07999999821186066,0.2545454800128937
15.850000381469727,-0.5844836235046387,0.012600000016391277,-0.07999999821186066,0.3636363744735718
15.859999656677246,-0.5778005719184875,0.012000000104308128,-0.06000000238418579,0.34545454382896423
15.869999885559082,-0.5701627135276794,0.011400001123547554,-0.06000000238418579,0.4000000059604645
15.880000114440918,-0.5606155395507812,0.010800001211464405,-0.06000000238418579,0.3272727131843567
15.890000343322754,-0.5520229935646057,0.010200000368058681,-0.06000000238418579,0.3272727131843567
15.899999618530273,-0.5434304475784302,0.009800000116229057,-0.03999999910593033,0.20000000298023224
15.90999984741211,-0.532928466796875,0.009200000204145908,-0.06000000238418579,0.1454545557498932
15.920000076293945,-0.5243359208106995,0.008799999952316284,-0.03999999910593033,0.0727272778749466
15.930000305175781,-0.5166980624198914,0.00819999910891056,-0.06000000238418579,0.09090909361839294
15.9399995803833,-0.5081055164337158,0.007799999322742224,-0.03999999910593033,0.09090909361839294
15.949999809265137,-0.5033318996429443,0.007199999876320362,-0.06000000238418579,0.0727272778749466
15.960000038146973,-0.4966488182544708,0.006799999624490738,-0.03999999910593033,0.1454545557498932
15.970000267028809,-0.4899657666683197,0.006199999712407589,-0.06000000238418579,0.1090909093618393
15.979999542236328,-0.4813731908798218,0.005800000391900539,-0.03999999910593033,0.16363637149333954
15.989999771118164,-0.47373536229133606,0.0054000006057322025,-0.03999999910593033,0.01818181946873665
16,-0.46514278650283813,0.005000000353902578,-0.03999999910593033,0.0727272778749466
16.010000228881836,-0.4584597051143646,0.004600000102072954,-0.03999999910593033,-0.0727272778749466
16.020000457763672,-0.4508219361305237,0.00419999985024333,-0.03999999910593033,-0.01818181946873665
16.030000686645508,-0.4431840777397156,0.0037999998312443495,-0.03999999910593033,-0.0727272778749466
16.040000915527344,-0.42886316776275635,0.003199999686330557,-0.06000000238418579,0.05454545468091965
16.049999237060547,-0.40404027700424194,0.0028000001329928637,-0.03999999910593033,0.16363637149333954
16.059999465942383,-0.3753984868526459,0.0022000002209097147,-0.06000000238418579,0.34545454382896423
16.06999969482422,-0.3400736153125763,0.0017999999690800905,-0.03999999910593033,0.4909090995788574
16.079999923706055,-0.2894730567932129,0.0014000001829117537,-0.03999999910593033,0.5090909004211426
16.09000015258789,-0.24269144237041473,0.0012000000569969416,-0.019999999552965164,0.5090909004211426
16.100000381469727,-0.20068350434303284,0.0010000000474974513,-0.019999999552965164,0.3818182051181793
16.110000610351562,-0.16344915330410004,0.0010000000474974513,-5.613287612504791e-13,0.3272727131843567
16.1200008392334,-0.13958096504211426,0.0010000000474974513,0,0.054545462131500244
16.1299991607666,-0.12812423706054688,0.000800000037997961,-0.019999999552965164,-0.0363636389374733
16.139999389648438,-0.12239586561918259,0.0006000000284984708,-0.019999999552965164,-0.1454545557498932
16.149999618530273,-0.11475805938243866,0.0004000000189989805,-0.019999999552965164,-0.16363635659217834
16.15999984741211,-0.10998444259166718,0.00020000000949949026,-0.019999999552965164,-0.1818181872367859
16.170000076293945,-0.10616553574800491,-0.00020000000949949026,-0.03999999910593033,-4.973799150320701e-12
16.18000030517578,-0.10139189660549164,-0.0004000000189989805,-0.019999999552965164,0.1818181872367859
16.190000534057617,-0.09757298976182938,-0.0006000000284984708,-0.019999999552965164,0.2545454502105713
16.200000762939453,-0.09757298976182938,-0.000800000037997961,-0.019999999552965164,0.30909091234207153
16.209999084472656,-0.09661826491355896,-0.0010000000474974513,-0.019999999552965164,0.34545454382896423
16.219999313354492,-0.09470880776643753,-0.0010000000474974513,-5.258016244624741e-13,0.3636363744735718
16.229999542236328,-0.09566353261470795,-0.0010000000474974513,0,0.2545454800128937
16.239999771118164,-0.0927993506193161,-0.0010000000474974513,0,0.2181818187236786
16.25,-0.08898044377565384,-0.0010000000474974513,0,0.16363637149333954
16.260000228881836,-0.087070994079113,-0.0010000000474974513,0,0.09090909361839294
16.270000457763672,-0.08516153693199158,-0.0010000000474974513,0,2.325403758440814e-12
16.280000686645508,-0.08325207978487015,-0.0010000000474974513,0,0
16.290000915527344,-0.08325207978487015,-0.0010000000474974513,0,0
16.299999237060547,-0.08420681208372116,-0.0010000000474974513,0,0
16.309999465942383,-0.08420681208372116,-0.0010000000474974513,0,0
16.31999969482422,-0.08420681208372116,-0.0010000000474974513,0,0
16.329999923706055,-0.08611626923084259,-0.0010000000474974513,0,0
16.34000015258789,-0.08420681208372116,-0.0010000000474974513,0,0
16.350000381469727,-0.08420681208372116,-0.0010000000474974513,0,0
16.360000610351562,-0.08420681208372116,-0.0010000000474974513,0,0
16.3700008392334,-0.08420681208372116,-0.0010000000474974513,0,0
16.3799991607666,-0.08420681208372116,-0.0010000000474974513,0,0
16.389999389648438,-0.08229735493659973,-0.0010000000474974513,0,0
16.399999618530273,-0.08229735493659973,-0.0010000000474974513,0,0
16.40999984741211,-0.08134263008832932,-0.0010000000474974513,0,0
16.420000076293945,-0.07847844809293747,-0.0010000000474974513,0,0
16.43000030517578,-0.07943317294120789,-0.0010000000474974513,0,0
16.440000534057617,-0.0803879052400589,-0.0010000000474974513,0,0
16.450000762939453,-0.0803879052400589,-0.0010000000474974513,0,0
16.459999084472656,-0.08325207978487015,-0.0010000000474974513,0,0
16.469999313354492,-0.08229735493659973,-0.0010000000474974513,0,0
16.479999542236328,-0.0803879052400589,-0.0010000000474974513,0,0
16.489999771118164,-0.07752371579408646,-0.0010000000474974513,0,0
16.5,-0.0737048089504242,-0.0010000000474974513,0,0
16.510000228881836,-0.07084062695503235,-0.0010000000474974513,0,0
16.520000457763672,-0.07179535180330276,-0.0010000000474974513,0,0
16.530000686645508,-0.07275008410215378,-0.0010000000474974513,0,0
16.540000915527344,-0.07561426609754562,-0.0010000000474974513,0,0
16.549999237060547,-0.07656899094581604,-0.0010000000474974513,0,0
16.559999465942383,-0.07561426609754562,-0.0010000000474974513,0,0
16.56999969482422,-0.07275008410215378,-0.0010000000474974513,0,0
16.579999923706055,-0.07179535180330276,-0.0010000000474974513,0,0
16.59000015258789,-0.06893117725849152,-0.0010000000474974513,0,0
16.600000381469727,-0.06988590210676193,-0.0010000000474974513,0,0
16.610000610351562,-0.07275008410215378,-0.0010000000474974513,0,0
16.6200008392334,-0.07084062695503235,-0.0010000000474974513,0,0
16.6299991607666,-0.07084062695503235,-0.0010000000474974513,0,0
16.639999389648438,-0.07084062695503235,-0.0010000000474974513,0,0
16.649999618530273,-0.0679764449596405,-0.0010000000474974513,0,0
16.65999984741211,-0.0679764449596405,-0.0010000000474974513,0,0
16.670000076293945,-0.06893117725849152,-0.0010000000474974513,0,0
16.68000030517578,-0.06893117725849152,-0.0010000000474974513,0,0
16.690000534057617,-0.06893117725849152,-0.0010000000474974513,0,0
16.700000762939453,-0.06893117725849152,-0.0010000000474974513,0,0
16.709999084472656,-0.06702172011137009,-0.0010000000474974513,0,0
16.719999313354492,-0.06702172011137009,-0.0010000000474974513,0,0
16.729999542236328,-0.06702172011137009,-0.0010000000474974513,0,0
16.739999771118164,-0.06702172011137009,-0.0010000000474974513,0,0
16.75,-0.06702172011137009,-0.0010000000474974513,0,0
16.760000228881836,-0.06702172011137009,-0.0010000000474974513,0,0
16.770000457763672,-0.06893117725849152,-0.0010000000474974513,0,0
16.780000686645508,-0.06893117725849152,-0.0010000000474974513,0,0
16.790000915527344,-0.06893117725849152,-0.0010000000474974513,0,0
16.799999237060547,-0.06893117725849152,-0.0010000000474974513,0,0
16.809999465942383,-0.0679764449596405,-0.0010000000474974513,0,0
16.81999969482422,-0.06702172011137009,-0.0010000000474974513,0,0
16.829999923706055,-0.06702172011137009,-0.0010000000474974513,0,0
16.84000015258789,-0.06702172011137009,-0.0010000000474974513,0,0
16.850000381469727,-0.06702172011137009,-0.0010000000474974513,0,0
16.860000610351562,-0.06702172011137009,-0.0010000000474974513,0,0
16.8700008392334,-0.06702172011137009,-0.0010000000474974513,0,0
16.8799991607666,-0.06702172011137009,-0.0010000000474974513,0,0
16.889999389648438,-0.06606698781251907,-0.0010000000474974513,0,0
16.899999618530273,-0.06415753811597824,-0.0010000000474974513,0,0
16.90999984741211,-0.06320281326770782,-0.0010000000474974513,0,0
16.920000076293945,-0.06320281326770782,-0.0010000000474974513,0,0
16.93000030517578,-0.06320281326770782,-0.0010000000474974513,0,0
16.940000534057617,-0.06224808841943741,-0.0010000000474974513,0,0
16.950000762939453,-0.06320281326770782,-0.0010000000474974513,0,0
16.959999084472656,-0.06320281326770782,-0.0010000000474974513,0,0
16.969999313354492,-0.06415753811597824,-0.0010000000474974513,0,0
16.979999542236328,-0.06606699526309967,-0.0010000000474974513,0,0
16.989999771118164,-0.0679764449596405,-0.0010000000474974513,0,0
17,-0.06415754556655884,-0.0010000000474974513,0,0
17.010000228881836,-0.061293359845876694,-0.0010000000474974513,0,0
17.020000457763672,-0.05938391014933586,-0.0010000000474974513,0,0
17.030000686645508,-0.058429181575775146,-0.0010000000474974513,0,0
17.040000915527344,-0.06033863499760628,-0.0010000000474974513,0,0
17.049999237060547,-0.06415753811597824,-0.0010000000474974513,0,0
17.059999465942383,-0.06224809214472771,-0.0010000000474974513,0,0
17.06999969482422,-0.05938391014933586,-0.0010000000474974513,0,0
17.079999923706055,-0.058429181575775146,-0.0010000000474974513,0,0
17.09000015258789,-0.054610271006822586,-0.0010000000474974513,0,0
17.100000381469727,-0.05365554615855217,-0.0010000000474974513,0,0
17.110000610351562,-0.05365554615855217,-0.0010000000474974513,0,0
17.1200008392334,-0.052700817584991455,-0.0010000000474974513,0,0
17.1299991607666,-0.054610271006822586,-0.0010000000474974513,0,0
17.139999389648438,-0.0555649995803833,-0.0010000000474974513,0,0
17.149999618530273,-0.0555650033056736,-0.0010000000474974513,0,0
17.15999984741211,-0.05842917785048485,-0.0010000000474974513,0,0
17.170000076293945,-0.05747445300221443,-0.0010000000474974513,0,0
17.18000030517578,-0.05651972442865372,-0.0010000000474974513,0,0
17.190000534057617,-0.05651972442865372,-0.0010000000474974513,0,0
17.200000762939453,-0.05651972442865372,-0.0010000000474974513,0,0
17.209999084472656,-0.05365554615855217,-0.0010000000474974513,0,0
17.219999313354492,-0.0555649995803833,-0.0010000000474974513,0,0
17.229999542236328,-0.05365554615855217,-0.0010000000474974513,0,0
17.239999771118164,-0.05365554615855217,-0.0010000000474974513,0,0
17.25,-0.054610271006822586,-0.0010000000474974513,0,0
17.260000228881836,-0.05551385506987572,-0.0010000000474974513,0,0
17.270000457763672,-0.05613783374428749,-0.0010000000474974513,0,0
