Time (s),Ax (m/s²),Ay (m/s²),Az (m/s²),Fᵧ (N)
0.004999999888241291,0.40058666467666626,-7.961145401000977,-5.783247947692871,-2.9768879413604736
0.009999999776482582,0.41504260897636414,-7.9634528160095215,-5.797473907470703,-2.972593307495117
0.014999999664723873,0.41099533438682556,-7.9260101318359375,-5.817294120788574,-2.98118257522583
0.019999999552965164,0.40058666467666626,-7.9613142013549805,-5.783332347869873,-2.9768879413604736
0.02500000037252903,0.415414035320282,-7.963283538818359,-5.79705286026001,-2.972593307495117
0.029999999329447746,0.4094683825969696,-7.9346113204956055,-5.818221569061279,-2.981182336807251
0.03500000014901161,0.4333650767803192,-8.49168872833252,-5.823929786682129,-2.972543478012085
0.03999999910593033,0.5263558626174927,-8.563926696777344,-5.901803016662598,-2.9726433753967285
0.04500000178813934,0.31209325790405273,-8.736845970153809,-5.922736644744873,-2.972529172897339
0.05000000074505806,0.3947952687740326,-8.847484588623047,-5.922962665557861,-2.968291759490967
0.054999999701976776,0.4953559339046478,-8.961100578308105,-5.955197811126709,-2.9639973640441895
0.05999999865889549,0.20042143762111664,-9.263898849487305,-5.834695339202881,-2.959702730178833
0.06499999761581421,0.38872483372688293,-9.424370765686035,-5.794222354888916,-2.959702730178833
0.07000000029802322,0.5063924193382263,-9.63099193572998,-5.703940391540527,-2.9554085731506348
0.07500000298023224,0.4318675696849823,-9.906423568725586,-5.69490385055542,-2.9467124938964844
0.07999999821186066,0.29787907004356384,-10.180595397949219,-5.481847763061523,-2.9381096363067627
0.08500000089406967,0.26655298471450806,-10.34023666381836,-5.713804721832275,-2.9339218139648438
0.09000000357627869,0.6026758551597595,-10.523537635803223,-5.3545098304748535,-2.9296274185180664
0.0949999988079071,0.2067817747592926,-10.53860855102539,-6.4540181159973145,-2.9251973628997803
0.10000000149011612,0.2770785093307495,-10.732481956481934,-5.064822196960449,-2.912442207336426
0.10499999672174454,0.544162392616272,-10.695900917053223,-5.8475518226623535,-2.903853178024292
0.10999999940395355,0.2688620686531067,-10.560477256774902,-6.524185657501221,-2.9079909324645996
0.11500000208616257,0.405009388923645,-10.648717880249023,-5.180147647857666,-2.890962600708008
0.11999999731779099,0.5926848649978638,-10.565013885498047,-6.156999111175537,-2.8866682052612305
0.125,-0.09852989763021469,-10.55591106414795,-6.784862518310547,-2.8779008388519287
0.12999999523162842,0.5345526337623596,-10.633577346801758,-4.927186965942383,-2.8607089519500732
0.13500000536441803,0.3440648913383484,-10.63654613494873,-5.683724880218506,-2.847810983657837
0.14000000059604645,0.9034882187843323,-10.775042533874512,-6.05731201171875,-2.8349130153656006
0.14499999582767487,-0.25612327456474304,-11.115069389343262,-4.762489318847656,-2.82651686668396
0.15000000596046448,0.44025108218193054,-10.455671310424805,-6.470449924468994,-2.8134193420410156
0.1550000011920929,0.21160532534122467,-10.767855644226074,-6.866709232330322,-2.805037260055542
0.1599999964237213,0.3345317840576172,-12.115006446838379,-3.4356603622436523,-2.7919256687164307
0.16500000655651093,-0.5525238513946533,-12.497625350952148,-6.778814792633057,-2.774498224258423
0.17000000178813934,1.462591290473938,-14.049453735351562,-5.831319332122803,-2.7489449977874756
0.17499999701976776,-0.8934987783432007,-14.748350143432617,-6.515623569488525,-2.7186200618743896
0.18000000715255737,-1.5845483541488647,-14.17969799041748,-6.555399417877197,-2.7016701698303223
0.1850000023841858,0.9171767830848694,-13.744120597839355,-5.43168830871582,-2.671330451965332
0.1899999976158142,-0.5349599123001099,-14.004427909851074,-6.868071556091309,-2.645805835723877
0.19499999284744263,-0.22077444195747375,-13.457706451416016,-5.661785125732422,-2.6240413188934326
0.20000000298023224,0.43463459610939026,-13.251933097839355,-5.241755485534668,-2.589942216873169
0.20499999821186066,-0.7629856467247009,-13.325617790222168,-5.548392295837402,-2.5681633949279785
0.20999999344348907,-0.8062719106674194,-12.889195442199707,-4.228923797607422,-2.542367696762085
0.2150000035762787,0.6401775479316711,-12.590263366699219,-6.475460529327393,-2.5036885738372803
0.2199999988079071,-0.1679108887910843,-12.350652694702148,-3.848177671432495,-2.4735989570617676
0.22499999403953552,0.33921778202056885,-12.737068176269531,-6.318019866943359,-2.4435086250305176
0.23000000417232513,-0.2662833034992218,-12.012178421020508,-6.580317974090576,-2.396569013595581
0.23499999940395355,0.3139326572418213,-12.169134140014648,-6.188168048858643,-2.3744120597839355
0.23999999463558197,1.2994452714920044,-11.385305404663086,-6.666712284088135,-2.3317666053771973
0.24500000476837158,0.5592933297157288,-11.349334716796875,-6.210817337036133,-2.2930877208709717
0.25,2.162562847137451,-11.635110855102539,-5.254097938537598,-2.2454636096954346
0.2549999952316284,0.532997190952301,-10.657326698303223,-8.540904998779297,-2.206770181655884
0.25999999046325684,2.014086961746216,-10.630834579467773,-4.181731700897217,-2.1598587036132812
0.26499998569488525,0.7949076890945435,-9.914140701293945,-8.162118911743164,-2.1297688484191895
0.27000001072883606,0.023748084902763367,-10.813183784484863,-2.10176682472229,-2.077821731567383
0.2750000059604645,-0.2793242633342743,-9.540558815002441,-6.291964530944824,-2.034834146499634
0.2800000011920929,0.19751490652561188,-9.522601127624512,-4.061525344848633,-1.9875518083572388
0.2849999964237213,0.5526559352874756,-9.803911209106445,-8.109158515930176,-1.940675973892212
0.28999999165534973,0.3355694115161896,-9.345893859863281,-2.517673969268799,-1.8887001276016235
0.29499998688697815,-0.008428956381976604,-8.452895164489746,-8.073689460754395,-1.8418384790420532
0.30000001192092896,0.16610141098499298,-8.79676628112793,-3.191272258758545,-1.7984375953674316
0.3050000071525574,0.6615862846374512,-8.711371421813965,-8.256763458251953,-1.7425662279129028
0.3100000023841858,-1.0464818477630615,-9.090897560119629,-5.023868560791016,-1.7000205516815186
0.3149999976158142,-1.1275477409362793,-7.777593612670898,-7.729246139526367,-1.6475602388381958
0.3199999928474426,0.3058449327945709,-7.780351638793945,-4.611695289611816,-1.5921308994293213
0.32499998807907104,-0.1131548061966896,-7.432739734649658,-7.676768779754639,-1.5405542850494385
0.33000001311302185,0.5081404447555542,-7.013026237487793,-4.646512985229492,-1.4980369806289673
0.33500000834465027,-0.043589163571596146,-6.504815101623535,-6.166239261627197,-1.4455195665359497
0.3400000035762787,-0.7727055549621582,-6.757061958312988,-5.080663204193115,-1.3991926908493042
0.3449999988079071,0.0762726292014122,-5.7880778312683105,-5.103316783905029,-1.3509410619735718
0.3499999940395355,-0.10682497173547745,-6.377248764038086,-5.603805065155029,-1.299849033355713
0.35499998927116394,-0.15470090508460999,-5.446084976196289,-3.465437889099121,-1.24827241897583
0.36000001430511475,-0.5713198781013489,-5.963201999664307,-6.9124250411987305,-1.1972090005874634
0.36500000953674316,-0.9165542721748352,-4.905492782592773,-5.8528265953063965,-1.1580097675323486
0.3700000047683716,0.011350661516189575,-5.5551958084106445,-4.998622417449951,-1.1064330339431763
0.375,-0.8569216728210449,-5.166317939758301,-8.312294006347656,-1.0596855878829956
0.3799999952316284,0.21913006901741028,-4.660852432250977,-4.195862293243408,-1.0204648971557617
0.38499999046325684,-1.1846660375595093,-4.892796993255615,-9.056840896606445,-0.9694371819496155
0.38999998569488525,-0.34247860312461853,-4.695030212402344,-3.3337621688842773,-0.9344967603683472
0.39500001072883606,0.8164519667625427,-2.959324359893799,-6.85654878616333,-0.8829200863838196
0.4000000059604645,-0.29823827743530273,-3.813640832901001,-4.5530524253845215,-0.8362082242965698
0.4050000011920929,-0.7793341279029846,-3.971944808959961,-6.549831390380859,-0.8104127645492554
0.4099999964237213,0.7803082466125488,-2.8660781383514404,-5.636748313903809,-0.7625604271888733
0.41499999165534973,-0.12248260527849197,-3.120695114135742,-5.118927478790283,-0.7250503897666931
0.41999998688697815,-0.5307416915893555,-3.4712042808532715,-5.075414657592773,-0.6943759918212891
0.42500001192092896,-1.2727417945861816,-2.803710699081421,-8.6744966506958,-0.6599916219711304
0.4300000071525574,0.5792969465255737,-2.7522189617156982,-3.7833564281463623,-0.62131267786026
0.4350000023841858,-1.1299993991851807,-2.9977922439575195,-3.0517561435699463,-0.5967574715614319
0.4399999976158142,-0.07091610133647919,-1.8941570520401,-8.113823890686035,-0.5734032988548279
0.4449999928474426,1.0847219228744507,-1.7569868564605713,-5.3488054275512695,-0.5482279658317566
0.44999998807907104,-0.373443067073822,-1.9968947172164917,-7.513444423675537,-0.51813805103302
0.45500001311302185,0.8568179607391357,-1.7371007204055786,-4.257139205932617,-0.48934537172317505
0.46000000834465027,0.13366790115833282,-1.5854041576385498,-6.608814239501953,-0.4579724371433258
0.4650000035762787,0.5241990089416504,-1.9683173894882202,-5.932500839233398,-0.4265567362308502
0.4699999988079071,-0.2720954120159149,-1.3217475414276123,-5.860445976257324,-0.3657068610191345
0.4749999940395355,0.21578527987003326,-0.12681233882904053,-4.623788356781006,-0.1967962235212326
0.47999998927116394,0.2046426683664322,0.30046042799949646,-6.714348793029785,-0.13931065797805786
0.48500001430511475,0.4256998300552368,-0.19543759524822235,-4.2936296463012695,-0.12416411936283112
0.49000000953674316,0.01682271622121334,-0.007246430031955242,-5.935970306396484,-0.110582135617733
0.4950000047683716,0.8411799669265747,0.24517518281936646,-6.864333152770996,-0.09338991343975067
0.5,-0.012155946344137192,0.011529306881129742,-5.311079978942871,-0.08908117562532425
0.5049999952316284,0.22630098462104797,0.28152909874916077,-5.184398651123047,-0.046841930598020554
0.5099999904632568,0.562107503414154,0.13109825551509857,-6.695174694061279,-0.06831437349319458
0.5149999856948853,0.1354817897081375,-0.03917143493890762,-6.172579765319824,-0.0675802156329155
0.5199999809265137,0.27008935809135437,-0.16412895917892456,-5.517024040222168,-0.06904853880405426
0.5249999761581421,-0.21340598165988922,-0.15700070559978485,-6.364404678344727,-0.06756596267223358
0.5299999713897705,0.11069191247224808,-0.3314121961593628,-5.161411285400391,-0.05971827358007431
0.5350000262260437,0.29256224632263184,-0.30214735865592957,-6.11508321762085,-0.06906992197036743
0.5400000214576721,0.36269786953926086,-0.383253276348114,-4.501251697540283,-0.0835072472691536
0.5450000166893005,-0.006305551156401634,-1.5988514423370361,-5.365701198577881,-0.18735189735889435
0.550000011920929,-0.10259195417165756,-2.0857503414154053,-6.515551567077637,-0.3366433084011078
0.5550000071525574,-0.28316327929496765,-2.032496690750122,-4.960615158081055,-0.3311763107776642
0.5600000023841858,0.22257597744464874,-2.221625566482544,-6.651534080505371,-0.3483685553073883
0.5649999976158142,-0.40738484263420105,-2.2013018131256104,-5.3621745109558105,-0.37844419479370117
0.5699999928474426,0.6902554631233215,-2.1960537433624268,-5.05639123916626,-0.3905293345451355
0.574999988079071,-0.44883158802986145,-2.571377754211426,-7.103092670440674,-0.4144608974456787
0.5799999833106995,0.9127157330513,-2.830901861190796,-4.942663192749023,-0.4574485421180725
0.5849999785423279,-0.5508484244346619,-2.8270068168640137,-7.042557716369629,-0.48588481545448303
0.5899999737739563,0.628323495388031,-3.0858960151672363,-4.773382186889648,-0.5022359490394592
0.5950000286102295,-0.32049891352653503,-3.0993998050689697,-6.692835807800293,-0.5211103558540344
0.6000000238418579,0.03637440502643585,-3.5438292026519775,-5.415956020355225,-0.5554947257041931
0.6050000190734863,0.47384294867515564,-3.4161770343780518,-6.707559108734131,-0.5890166759490967
0.6100000143051147,0.4961066246032715,-3.837292194366455,-4.450405597686768,-0.607078492641449
0.6150000095367432,0.026112178340554237,-3.9360368251800537,-7.9403395652771,-0.6423396468162537
0.6200000047683716,0.24120791256427765,-4.555140495300293,-3.920759916305542,-0.6930323839187622
0.625,0.3829628825187683,-4.148074150085449,-7.79015588760376,-0.713642418384552
0.6299999952316284,0.028944000601768494,-4.633487701416016,-3.300786256790161,-0.7326308488845825
0.6349999904632568,0.10705143213272095,-4.472765922546387,-6.890161514282227,-0.7790077924728394
0.6399999856948853,0.463001012802124,-5.028414249420166,-8.301430702209473,-0.8133922219276428
0.6449999809265137,0.1583782136440277,-5.615523815155029,-4.541309356689453,-0.8520711064338684
0.6499999761581421,-0.6689818501472473,-5.413682460784912,-6.6186113357543945,-0.9131491184234619
0.6549999713897705,-0.6809537410736084,-5.93914270401001,-6.466206073760986,-0.9690201878547668
0.6600000262260437,1.272830605506897,-5.555309295654297,-3.8930439949035645,-0.9853000044822693
0.6650000214576721,-0.5882155299186707,-6.997514724731445,-9.431894302368164,-1.0239789485931396
0.6700000166893005,-0.2122219353914261,-6.613508224487305,-3.261885166168213,-1.0712467432022095
0.675000011920929,0.15241385996341705,-6.5047478675842285,-7.322744846343994,-1.1022990942001343
0.6800000071525574,-0.5623055100440979,-7.216325283050537,-4.481202125549316,-1.1486119031906128
0.6850000023841858,-0.5706153512001038,-6.959167957305908,-7.053192138671875,-1.2064217329025269
0.6899999976158142,-0.2719951272010803,-7.552171230316162,-4.211628437042236,-1.270896077156067
0.6949999928474426,0.09875538945198059,-7.5704874992370605,-7.135959625244141,-1.3109256029129028
0.699999988079071,-0.7580500841140747,-8.04887866973877,-4.700246810913086,-1.3429971933364868
0.7049999833106995,-0.11619202047586441,-8.181811332702637,-5.1058349609375,-1.3849798440933228
0.7099999785423279,-1.0723328590393066,-7.785668849945068,-8.267919540405273,-1.424670934677124
0.7149999737739563,-0.4834769368171692,-9.198040962219238,-3.0502874851226807,-1.4805418252944946
0.7200000286102295,-0.3697504997253418,-8.45779037475586,-7.270782470703125,-1.5278240442276
0.7250000238418579,0.8518883585929871,-10.440682411193848,-3.784482002258301,-1.589023232460022
0.7300000190734863,0.42033395171165466,-8.90056324005127,-5.625132083892822,-1.6321570873260498
0.7350000143051147,0.3203205168247223,-10.276625633239746,-6.374568939208984,-1.661067247390747
0.7400000095367432,0.5961121320724487,-10.175628662109375,-5.906508445739746,-1.711588978767395
0.7450000047683716,-0.29691076278686523,-10.202067375183105,-6.650166034698486,-1.7502678632736206
0.75,-0.6598928570747375,-10.600846290588379,-7.346779823303223,-1.7900159358978271
0.7549999952316284,0.38132980465888977,-10.557947158813477,-4.519086837768555,-1.837298035621643
0.7599999904632568,-0.7812795639038086,-10.469270706176758,-6.297389984130859,-1.885663628578186
0.7649999856948853,-0.16398639976978302,-12.119991302490234,-5.390517711639404,-1.9436626434326172
0.7699999809265137,-0.3937041759490967,-11.369613647460938,-5.444090366363525,-1.9683603048324585
0.7749999761581421,-0.8533067107200623,-10.922187805175781,-6.075321197509766,-1.9963510036468506
0.7799999713897705,-1.5853619575500488,-11.938497543334961,-7.4643425941467285,-2.045703887939453
0.7850000262260437,-0.038882508873939514,-11.951839447021484,-3.6658284664154053,-2.0780177116394043
0.7900000214576721,-0.057736530900001526,-11.796809196472168,-9.065537452697754,-2.1069955825805664
0.7950000166893005,-0.45181775093078613,-12.923661231994629,-3.1921370029449463,-2.1639857292175293
0.800000011920929,0.36858654022216797,-12.254830360412598,-7.305166721343994,-2.2058329582214355
0.8050000071525574,0.08666550368070602,-12.772760391235352,-4.645355224609375,-2.2261862754821777
0.8100000023841858,-0.5218698382377625,-13.102599143981934,-6.490616321563721,-2.2488276958465576
0.8149999976158142,0.8249936699867249,-13.164977073669434,-5.5107293128967285,-2.2875068187713623
0.8199999928474426,-0.6782153248786926,-13.333731651306152,-8.531424522399902,-2.312133312225342
0.824999988079071,1.1397932767868042,-13.41269588470459,-3.484450578689575,-2.3347957134246826
0.8299999833106995,-1.2561722993850708,-13.745185852050781,-8.377852439880371,-2.3765861988067627
0.8349999785423279,-0.09706093370914459,-13.687028884887695,-3.9054441452026367,-2.4090425968170166
0.8399999737739563,-0.40462860465049744,-14.14840030670166,-7.233238697052002,-2.422670841217041
0.8450000286102295,0.04964923858642578,-12.968655586242676,-5.164633750915527,-2.4281699657440186
0.8500000238418579,0.3224586248397827,-14.69680118560791,-5.98395299911499,-2.455162763595581
0.8550000190734863,-0.3965909779071808,-13.997480392456055,-5.795003414154053,-2.478520631790161
0.8600000143051147,0.0722154825925827,-13.431532859802246,-7.109784126281738,-2.4840409755706787
0.8650000095367432,-0.5262855887413025,-14.729545593261719,-5.246914386749268,-2.5110552310943604
0.8700000047683716,0.11457708477973938,-14.035575866699219,-5.1111884117126465,-2.5441997051239014
0.875,-0.06266813725233078,-14.172989845275879,-6.7510809898376465,-2.5515553951263428
0.8799999952316284,-0.4450722634792328,-14.318109512329102,-4.85563325881958,-2.5472609996795654
0.8849999904632568,0.23798894882202148,-14.043557167053223,-5.531060218811035,-2.5472607612609863
0.8899999856948853,-0.8872641921043396,-14.24573040008545,-6.149150371551514,-2.55584979057312
0.8949999809265137,0.3011176884174347,-14.019375801086426,-5.157573699951172,-2.557126045227051
0.8999999761581421,-0.24603204429149628,-14.05013656616211,-6.295444488525391,-2.5657289028167725
0.9049999713897705,-0.17405110597610474,-14.007414817810059,-6.132718563079834,-2.582921266555786
0.9100000262260437,0.021625645458698273,-14.00781536102295,-5.83976411819458,-2.5833382606506348
0.9150000214576721,-0.18308115005493164,-13.694369316101074,-5.833601951599121,-2.5674362182617188
0.9200000166893005,-0.03435077890753746,-14.038376808166504,-5.624851226806641,-2.55584979057312
0.925000011920929,-0.017747869715094566,-13.686652183532715,-5.896485805511475,-2.5472609996795654
0.9300000071525574,0.19509775936603546,-13.779175758361816,-5.663599014282227,-2.5472609996795654
0.9350000023841858,-0.42151352763175964,-13.740887641906738,-6.027679920196533,-2.5416336059570312
0.9399999976158142,0.37732672691345215,-13.31951904296875,-6.603066921234131,-2.5386648178100586
0.9449999928474426,-0.0892031192779541,-13.849458694458008,-4.542367458343506,-2.52872896194458
0.949999988079071,-0.020484428852796555,-13.392753601074219,-5.728075981140137,-2.5029473304748535
0.9549999833106995,0.1642158031463623,-12.98373031616211,-6.697473049163818,-2.484393835067749
0.9599999785423279,-0.6415645480155945,-13.371389389038086,-4.973816871643066,-2.4613356590270996
0.9649999737739563,-0.42059969902038574,-12.945107460021973,-5.90055513381958,-2.4457006454467773
0.9700000286102295,1.148545265197754,-12.532036781311035,-6.381922245025635,-2.4169936180114746
0.9750000238418579,0.18410153687000275,-13.198737144470215,-4.185357570648193,-2.4183690547943115
0.9800000190734863,-0.4097086489200592,-12.443751335144043,-7.167963027954102,-2.399794101715088
0.9850000143051147,0.42957907915115356,-12.257826805114746,-5.547880172729492,-2.366909980773926
0.9900000095367432,-0.8779265880584717,-12.445000648498535,-6.810986518859863,-2.3296284675598145
0.9950000047683716,-0.29534152150154114,-11.871415138244629,-5.044497013092041,-2.305251359939575
1,0.23066173493862152,-11.902288436889648,-5.223649978637695,-2.2680301666259766
1.0049999952316284,0.041323691606521606,-11.976244926452637,-6.611568927764893,-2.236496925354004
1.0099999904632568,-0.1553041785955429,-11.263330459594727,-7.21915340423584,-2.215010166168213
1.0149999856948853,-0.27406641840934753,-12.062848091125488,-2.854768753051758,-2.193523406982422
1.0199999809265137,-1.100667953491211,-10.710606575012207,-9.163125038146973,-2.160539388656616
1.024999976158142,-0.05061861872673035,-11.143112182617188,-3.924734354019165,-2.1089630126953125
1.0299999713897705,-0.11768557876348495,-10.9518461227417,-3.6115424633026123,-2.0717380046844482
1.034999966621399,-0.8430326581001282,-10.554681777954102,-9.228105545043945,-2.0416481494903564
1.0399999618530273,1.0146727561950684,-10.492431640625,-3.9066028594970703,-1.9943801164627075
1.0449999570846558,0.7549641728401184,-10.156057357788086,-5.145750522613525,-1.9700745344161987
1.0499999523162842,-1.5766011476516724,-9.453864097595215,-6.984728813171387,-1.9412996768951416
1.0549999475479126,0.00916438177227974,-10.057259559631348,-4.880583763122559,-1.8940175771713257
1.059999942779541,0.6264634728431702,-9.420156478881836,-5.152685642242432,-1.8381463289260864
1.065000057220459,-0.07569737732410431,-9.449799537658691,-5.489654064178467,-1.800971508026123
1.0700000524520874,0.4950454533100128,-8.580621719360352,-5.759660720825195,-1.7564724683761597
1.0750000476837158,1.0378844738006592,-8.332037925720215,-5.935088634490967,-1.7091904878616333
1.0800000429153442,-1.0897178649902344,-8.760272026062012,-3.2050249576568604,-1.6692819595336914
1.0850000381469727,0.15065599977970123,-8.381134033203125,-8.14916706085205,-1.6477954387664795
1.090000033378601,0.4429178237915039,-8.347078323364258,-2.994574785232544,-1.606022834777832
1.0950000286102295,-1.6026350259780884,-7.471774101257324,-9.970090866088867,-1.5528854131698608
1.100000023841858,-0.8452562689781189,-8.070046424865723,-3.0429775714874268,-1.5044305324554443
1.1050000190734863,1.9016035795211792,-7.724978446960449,-5.668288230895996,-1.461457371711731
1.1100000143051147,0.11049048602581024,-6.363451957702637,-9.350981712341309,-1.4184839725494385
1.1150000095367432,-0.1581183522939682,-7.444098949432373,-1.628955364227295,-1.3782155513763428
1.1200000047683716,0.30034932494163513,-6.043876647949219,-8.949034690856934,-1.345413327217102
1.125,0.866335391998291,-6.4968085289001465,-3.0169003009796143,-1.2965418100357056
1.1299999952316284,0.8602984547615051,-6.177006244659424,-5.688068389892578,-1.2492595911026
1.1349999904632568,0.6543318033218384,-5.961971282958984,-6.405378818511963,-1.2078900337219238
1.1399999856948853,-0.3664548099040985,-5.708253860473633,-5.672069549560547,-1.1692111492156982
1.1449999809265137,-0.51194167137146,-5.453751564025879,-4.8288164138793945,-1.1229732036590576
1.149999976158142,-0.0017836559563875198,-4.697543621063232,-6.602735996246338,-1.0720059871673584
1.1549999713897705,0.15857075154781342,-4.926172733306885,-5.095694065093994,-1.0548137426376343
1.159999966621399,-0.19035136699676514,-5.141228199005127,-6.271922588348389,-1.0171362161636353
1.1649999618530273,0.9596660733222961,-4.719756603240967,-4.262071132659912,-0.9681932926177979
1.1699999570846558,-1.1236586570739746,-4.649399757385254,-9.49051284790039,-0.9199382662773132
1.1749999523162842,-0.22089730203151703,-4.518040657043457,-2.3867545127868652,-0.8812593817710876
1.1799999475479126,-0.5952961444854736,-3.3139002323150635,-6.540215492248535,-0.8468748927116394
1.184999942779541,-1.0794683694839478,-4.072775363922119,-6.254239559173584,-0.8184742331504822
1.190000057220459,-0.19207678735256195,-3.451251268386841,-6.205267429351807,-0.7909967303276062
1.1950000524520874,0.08353888243436813,-3.432757616043091,-4.043287754058838,-0.765201210975647
1.2000000476837158,-0.15149076282978058,-3.74621319770813,-7.404180526733398,-0.7351112961769104
1.2050000429153442,0.8236298561096191,-3.1960701942443848,-5.34714937210083,-0.687843382358551
1.2100000381469727,-0.32444602251052856,-3.077906608581543,-6.921693801879883,-0.6594784259796143
1.215000033378601,0.035830024629831314,-3.194460868835449,-3.8600640296936035,-0.6362596750259399
1.2200000286102295,1.4390511512756348,-2.3176965713500977,-7.7112226486206055,-0.6079089045524597
1.225000023841858,-0.22169317305088043,-3.3155887126922607,-3.8886096477508545,-0.5967575311660767
1.2300000190734863,0.08387986570596695,-2.3719496726989746,-7.46355676651001,-0.5907095670700073
1.2350000143051147,0.3284495174884796,-2.7212274074554443,-3.813448905944824,-0.5735173225402832
1.2400000095367432,-0.20456361770629883,-2.737457752227783,-7.3042402267456055,-0.5399062633514404
1.2450000047683716,0.5453277230262756,-1.8544272184371948,-6.0789079666137695,-0.5090572834014893
1.25,-0.07011330872774124,-2.6033852100372314,-3.9125852584838867,-0.5004540085792542
1.2549999952316284,0.644206166267395,-1.8493157625198364,-7.641144752502441,-0.4789673089981079
1.2599999904632568,0.22873590886592865,-2.306820869445801,-4.491983413696289,-0.46966201066970825
1.2649999856948853,-1.0403414964675903,-2.1414401531219482,-7.092853546142578,-0.4746585786342621
1.2699999809265137,0.6772695183753967,-1.825506567955017,-3.9252984523773193,-0.45565590262413025
1.274999976158142,-0.7575636506080627,-1.8311342000961304,-7.8362717628479,-0.43167805671691895
1.2799999713897705,1.2567946910858154,-2.0014219284057617,-4.52595329284668,-0.42060503363609314
1.284999966621399,-0.3279331922531128,-1.9149062633514404,-6.570894718170166,-0.41631051898002625
1.2899999618530273,0.41595643758773804,-1.8785001039505005,-5.288148880004883,-0.41201603412628174
1.2949999570846558,-0.4427444338798523,-2.0879273414611816,-6.4906487464904785,-0.41631054878234863
1.2999999523162842,0.5253496170043945,-2.341689348220825,-5.171520709991455,-0.42489951848983765
1.3049999475479126,-0.23555463552474976,-2.2236151695251465,-5.756811141967773,-0.41445019841194153
1.309999942779541,0.462236613035202,-2.2131752967834473,-5.972753047943115,-0.4077144265174866
1.315000057220459,-0.012624633498489857,-2.263437032699585,-5.468912124633789,-0.409589022397995
1.3200000524520874,0.23555408418178558,-2.2943203449249268,-4.680394172668457,-0.41631051898002625
1.3250000476837158,0.1759754717350006,-2.337189197540283,-6.940761089324951,-0.4224938750267029
1.3300000429153442,-0.11251319944858551,-2.549471139907837,-5.756014347076416,-0.4415821135044098
1.3350000381469727,0.09104593843221664,-2.6459529399871826,-5.580354690551758,-0.457373708486557
1.340000033378601,0.023200759664177895,-2.613311290740967,-4.836211204528809,-0.4549752175807953
1.3450000286102295,-0.5883079171180725,-2.723102569580078,-7.386669635772705,-0.46118706464767456
1.350000023841858,0.38254234194755554,-2.6607444286346436,-5.7857184410095215,-0.4740847945213318
1.3550000190734863,0.2271440476179123,-3.158945083618164,-4.010323524475098,-0.49127697944641113
1.3600000143051147,0.05440797656774521,-2.661569595336914,-8.333200454711914,-0.5127636790275574
1.3650000095367432,0.5168964266777039,-3.4262890815734863,-2.697355270385742,-0.5319017767906189
1.3700000047683716,-1.7603708505630493,-3.7646970748901367,-7.480125904083252,-0.5643331408500671
1.375,1.1211210489273071,-2.7349510192871094,-4.44799280166626,-0.5772309303283691
1.3799999952316284,-0.6606848835945129,-3.7118780612945557,-7.3581438064575195,-0.5944231748580933
1.3849999904632568,0.012997503392398357,-3.7710702419281006,-3.7271173000335693,-0.6030263900756836
1.3899999856948853,1.4014090299606323,-4.03502893447876,-6.942390441894531,-0.6182370185852051
1.3949999809265137,-0.30819880962371826,-3.9861762523651123,-6.447239875793457,-0.6436867713928223
1.399999976158142,0.43113163113594055,-4.3255462646484375,-3.783228874206543,-0.6823657155036926
1.4049999713897705,-0.5859850645065308,-3.7855756282806396,-8.365145683288574,-0.7167501449584961
1.409999966621399,0.5456147193908691,-5.306419849395752,-3.1696741580963135,-0.7468401193618774
1.4149999618530273,0.026940491050481796,-4.009581565856934,-8.73703670501709,-0.7663238644599915
1.4199999570846558,0.7780925035476685,-5.607370376586914,-2.7170050144195557,-0.8004481196403503
1.4249999523162842,-0.501539945602417,-4.922119140625,-7.324962139129639,-0.8350784182548523
1.4299999475479126,-0.3600257337093353,-5.450657844543457,-4.194713115692139,-0.8586036562919617
1.434999942779541,-0.5937975645065308,-5.970884799957275,-4.1798176765441895,-0.9079172611236572
1.440000057220459,-0.5809031128883362,-5.769392490386963,-8.287260055541992,-0.9551994204521179
1.4450000524520874,-0.48457446694374084,-6.966231346130371,-3.242917776107788,-0.9897727370262146
1.4500000476837158,-0.620896577835083,-5.582789421081543,-9.440651893615723,-1.006964921951294
1.4550000429153442,0.3488806188106537,-6.992682456970215,-3.2859251499176025,-1.0454834699630737
1.4600000381469727,0.8705988526344299,-6.5386857986450195,-6.294317722320557,-1.0820952653884888
1.465000033378601,0.39837878942489624,-7.314309597015381,-6.008582592010498,-1.116479754447937
1.4700000286102295,-0.4751769006252289,-6.786442279815674,-7.666658878326416,-1.1637476682662964
1.475000023841858,1.1056402921676636,-7.765426158905029,-4.709521293640137,-1.2109264135360718
1.4800000190734863,-0.963252067565918,-7.412728786468506,-5.841609954833984,-1.2540031671524048
1.4850000143051147,1.3807460069656372,-7.979822158813477,-4.929551601409912,-1.2905651330947876
1.4900000095367432,0.7456904649734497,-7.5323805809021,-8.095719337463379,-1.3120055198669434
1.4950000047683716,-0.11100194603204727,-8.34320068359375,-4.564886569976807,-1.367876648902893
1.5,-0.8048844933509827,-8.418286323547363,-6.1517791748046875,-1.4022932052612305
1.5049999952316284,0.7976107597351074,-8.619277954101562,-5.608572483062744,-1.436659812927246
1.5099999904632568,0.7859935760498047,-8.785888671875,-3.397413492202759,-1.488236427307129
1.5149999856948853,-0.21956683695316315,-8.684721946716309,-8.725013732910156,-1.5333588123321533
1.5199999809265137,0.7711907625198364,-9.805764198303223,-3.5562143325805664,-1.5677433013916016
1.524999976158142,-0.10321982204914093,-9.689277648925781,-8.460158348083496,-1.5978331565856934
1.5299999713897705,-0.2536942958831787,-10.169085502624512,-4.76002836227417,-1.6472821235656738
1.534999966621399,-0.6220099925994873,-9.07196044921875,-6.998856544494629,-1.6837871074676514
1.5399999618530273,0.3430882692337036,-10.24898910522461,-4.029658794403076,-1.7246613502502441
1.5449999570846558,-0.34377363324165344,-10.468714714050293,-8.95315170288086,-1.7697409391403198
1.5499999523162842,0.6596230864524841,-10.49724006652832,-3.9219837188720703,-1.8170088529586792
1.5549999475479126,0.15282753109931946,-10.246435165405273,-7.205826759338379,-1.83629310131073
1.559999942779541,-0.9621899724006653,-11.423151969909668,-4.895230293273926,-1.8685927391052246
1.565000057220459,0.64347904920578,-10.560713768005371,-6.162065505981445,-1.9029771089553833
1.5700000524520874,-0.24151603877544403,-11.38764476776123,-5.205749988555908,-1.9438942670822144
1.5750000476837158,0.4341442584991455,-11.519351959228516,-5.924256801605225,-1.978096842765808
1.5800000429153442,0.10261204838752747,-11.003739356994629,-4.918664932250977,-2.0040881633758545
1.5850000381469727,0.34470850229263306,-12.202289581298828,-7.638991832733154,-2.05137038230896
1.590000033378601,0.1166640892624855,-11.97663402557373,-3.4373066425323486,-2.0746748447418213
1.5950000286102295,-0.45135489106178284,-11.9426908493042,-5.894678592681885,-2.0984208583831787
1.600000023841858,0.6069471836090088,-11.92983627319336,-5.877696990966797,-2.1221883296966553
1.6050000190734863,0.6357018351554871,-11.653416633605957,-7.225110054016113,-2.1585793495178223
1.6100000143051147,0.16683928668498993,-12.495709419250488,-6.4526214599609375,-2.180361747741699
1.6150000095367432,-0.270564466714859,-12.578595161437988,-4.688491344451904,-2.2081639766693115
1.6200000047683716,-0.8608137369155884,-12.991811752319336,-6.700037956237793,-2.2488279342651367
1.625,-0.3951397240161896,-12.65087604522705,-5.070122241973877,-2.2703144550323486
1.6299999952316284,-0.15505754947662354,-13.16575813293457,-5.900506496429443,-2.274623155593872
1.6349999904632568,0.07839304208755493,-12.829111099243164,-6.675156593322754,-2.296109914779663
1.6399999856948853,-0.17727400362491608,-13.324090003967285,-4.76457405090332,-2.317596673965454
1.6449999809265137,-0.07911578565835953,-12.945530891418457,-6.329551696777344,-2.3281493186950684
1.649999976158142,-0.24683481454849243,-13.180805206298828,-5.918452739715576,-2.3457369804382324
1.6549999713897705,0.5302566885948181,-13.21460247039795,-5.119317531585693,-2.3648786544799805
1.659999966621399,-1.0111820697784424,-13.765214920043945,-6.874801158905029,-2.3863654136657715
1.6649999618530273,0.3537965416908264,-13.339496612548828,-4.338139533996582,-2.3902218341827393
1.6699999570846558,-0.8130881190299988,-13.455055236816406,-7.610788345336914,-2.3863797187805176
1.6749999523162842,-0.009442005306482315,-13.491626739501953,-4.221144199371338,-2.3968899250030518
1.6799999475479126,0.12679174542427063,-13.22245979309082,-6.583815574645996,-2.403578996658325
1.684999942779541,-0.11698301136493683,-13.325386047363281,-6.159836292266846,-2.414074659347534
1.690000057220459,0.2570326328277588,-13.327876091003418,-5.151336193084717,-2.420778512954712
1.6950000524520874,-0.3320345878601074,-13.26337718963623,-6.635220050811768,-2.431259870529175
1.7000000476837158,-0.3840501606464386,-13.148408889770508,-5.26377010345459,-2.422670841217041
1.7050000429153442,-0.22222872078418732,-13.179126739501953,-5.902369976043701,-2.411651372909546
1.7100000381469727,-0.046343348920345306,-12.979896545410156,-6.332386493682861,-2.4054856300354004
1.715000033378601,0.2755054235458374,-13.162961959838867,-5.122191905975342,-2.414074659347534
1.7200000286102295,-0.20381388068199158,-12.944490432739258,-6.499755859375,-2.409780263900757
1.725000023841858,0.05230028182268143,-13.02095890045166,-5.187227725982666,-2.394437789916992
1.7300000190734863,-0.6608774065971375,-12.82484245300293,-6.427392482757568,-2.3901290893554688
1.7350000143051147,0.044072024524211884,-12.983990669250488,-4.743644714355469,-2.379704713821411
1.7400000095367432,-0.41189292073249817,-12.621935844421387,-6.589115619659424,-2.360046148300171
1.7450000047683716,0.11416441202163696,-12.371407508850098,-5.901567459106445,-2.3471484184265137
1.75,0.16379129886627197,-12.56467056274414,-4.961633682250977,-2.3299560546875
1.7549999952316284,-0.49969759583473206,-12.357361793518066,-7.007280349731445,-2.317058563232422
1.7599999904632568,-0.1659221202135086,-12.283106803894043,-5.340185642242432,-2.3041608333587646
1.7649999856948853,-0.16122137010097504,-12.205756187438965,-6.208086967468262,-2.2980735301971436
1.7699999809265137,0.06442449241876602,-12.008673667907715,-5.09812593460083,-2.271554708480835
1.774999976158142,-0.4649088382720947,-11.958344459533691,-6.158779621124268,-2.237170457839966
1.7799999713897705,0.4556915760040283,-11.72559642791748,-5.875920295715332,-2.209617853164673
1.784999966621399,-0.15782944858074188,-11.480193138122559,-6.513362884521484,-2.188131093978882
1.7899999618530273,0.26472243666648865,-11.401597023010254,-4.110055923461914,-2.1709389686584473
1.7949999570846558,-0.3926655650138855,-11.367061614990234,-7.182019233703613,-2.1383042335510254
1.7999999523162842,0.2850552499294281,-11.1104736328125,-6.457070350646973,-2.1193692684173584
1.8049999475479126,0.20463773608207703,-11.12462043762207,-4.73898983001709,-2.0996041297912598
1.809999942779541,-0.935606837272644,-10.77820110321045,-6.979980945587158,-2.0540504455566406
1.815000057220459,0.32507628202438354,-10.318618774414062,-5.744680881500244,-2.029121160507202
1.8200000524520874,0.7725536227226257,-10.980530738830566,-5.313970565795898,-1.9964507818222046
1.8250000476837158,-0.02828620932996273,-10.511642456054688,-5.764101982116699,-1.9689626693725586
1.8300000429153442,0.18460363149642944,-9.948387145996094,-6.763068675994873,-1.9319835901260376
1.8350000381469727,-0.4992181360721588,-10.086462020874023,-5.517087936401367,-1.9018936157226562
1.840000033378601,-0.15013977885246277,-10.386160850524902,-6.759032726287842,-1.8718037605285645
1.8450000286102295,0.15145382285118103,-9.439541816711426,-5.966472625732422,-1.8304946422576904
1.850000023841858,0.22043879330158234,-9.48448371887207,-5.991471767425537,-1.7901443243026733
1.8550000190734863,0.4056539237499237,-8.801558494567871,-6.305328845977783,-1.7557597160339355
1.8600000143051147,0.8778434991836548,-8.809261322021484,-5.960988998413086,-1.7256698608398438
1.8650000095367432,-0.28898414969444275,-9.249258995056152,-5.259069919586182,-1.6955801248550415
1.8700000047683716,-1.1331348419189453,-8.406038284301758,-5.622533798217773,-1.6569011211395264
1.875,0.14229509234428406,-7.733206272125244,-6.3378987312316895,-1.626811146736145
1.8799999952316284,-0.00396995572373271,-8.177627563476562,-4.083331108093262,-1.5811576843261719
1.8849999904632568,-0.007757864892482758,-7.281285285949707,-8.376947402954102,-1.5408573150634766
1.8899999856948853,0.04645771533250809,-7.261786937713623,-4.068777561187744,-1.5005780458450317
1.8949999809265137,-0.279721200466156,-7.608273983001709,-2.9856648445129395,-1.4693942070007324
1.899999976158142,-1.7924730777740479,-6.816226005554199,-9.561446189880371,-1.4205260276794434
1.9049999713897705,0.4752275049686432,-7.655507564544678,-3.4837963581085205,-1.3861416578292847
1.909999966621399,0.5798934102058411,-6.209945201873779,-8.128859519958496,-1.3560516834259033
1.9149999618530273,-0.1613677442073822,-6.845982551574707,-5.087186813354492,-1.3173726797103882
1.9199999570846558,-0.455739289522171,-6.360314846038818,-7.535782337188721,-1.275956630706787
1.9249999523162842,0.2174881100654602,-6.478672027587891,-5.425357341766357,-1.2357133626937866
1.9299999475479126,-0.1573931872844696,-6.436500549316406,-5.4809112548828125,-1.2056235074996948
1.934999942779541,-1.045358657836914,-5.415358543395996,-5.643742561340332,-1.1626499891281128
1.940000057220459,0.4233965575695038,-5.85468053817749,-5.158038139343262,-1.1282655000686646
1.9450000524520874,0.26254892349243164,-5.353625774383545,-6.400224208831787,-1.1095372438430786
1.9500000476837158,0.49876946210861206,-5.658412456512451,-3.4368021488189697,-1.073901891708374
1.9550000429153442,-0.6042112112045288,-5.09906005859375,-8.901232719421387,-1.0309141874313354
1.9600000381469727,0.31024107336997986,-4.89332914352417,-2.9862959384918213,-0.9935147762298584
1.965000033378601,0.433538019657135,-4.789531230926514,-6.902984142303467,-0.9649323225021362
1.9700000286102295,0.23011836409568787,-4.3233866691589355,-4.575727939605713,-0.9305479526519775
1.975000023841858,0.3185705244541168,-4.33300256729126,-8.009359359741211,-0.9004580974578857
1.9800000190734863,0.42835476994514465,-4.545210838317871,-2.617711067199707,-0.8803077936172485
1.9850000143051147,-1.7506372928619385,-4.056520462036133,-8.527701377868652,-0.8531758785247803
1.9900000095367432,-0.4589031934738159,-4.662286281585693,-4.521019458770752,-0.81166011095047
1.9950000047683716,-0.6727845072746277,-3.99526309967041,-5.526196479797363,-0.7872439622879028
2,-0.13375689089298248,-3.368464708328247,-6.962889194488525,-0.7571682333946228
2.005000114440918,0.31383341550827026,-3.8009214401245117,-3.31949520111084,-0.7371178269386292
2.009999990463257,-0.2764551043510437,-3.486259937286377,-8.13757610321045,-0.7227766513824463
2.015000104904175,-0.02457691729068756,-3.792299509048462,-4.2140936851501465,-0.6969954371452332
2.0199999809265137,0.3310897648334503,-3.052048683166504,-8.215961456298828,-0.6769236922264099
2.0250000953674316,0.37030118703842163,-3.4927878379821777,-2.7087514400482178,-0.6540150046348572
2.0299999713897705,-0.3832768201828003,-2.6133251190185547,-9.365676879882812,-0.628233790397644
2.0350000858306885,0.25624555349349976,-3.427090883255005,-2.9357047080993652,-0.6196305155754089
2.0399999618530273,-0.40078768134117126,-2.690873384475708,-8.383543968200684,-0.608254611492157
2.0450000762939453,-0.4655730724334717,-3.2619357109069824,-3.168475389480591,-0.5981438159942627
2.049999952316284,0.12409943342208862,-2.6918551921844482,-7.06184196472168,-0.5967574715614319
2.055000066757202,0.7504501938819885,-2.8147149085998535,-5.5995001792907715,-0.5852389335632324
2.059999942779541,-0.25748318433761597,-3.0336835384368896,-5.5319390296936035,-0.5766357183456421
2.065000057220459,0.4246268570423126,-2.672592878341675,-4.953971862792969,-0.559443473815918
2.069999933242798,-0.09238672256469727,-2.780865430831909,-6.205026149749756,-0.5537911653518677
2.075000047683716,0.07281879335641861,-2.673316478729248,-6.568681716918945,-0.5508331656455994
2.0799999237060547,0.2680003345012665,-2.681513786315918,-4.538226127624512,-0.5481602549552917
2.0850000381469727,0.014248315244913101,-2.8540661334991455,-5.9874396324157715,-0.5452021956443787
2.0899999141693115,-0.03024648129940033,-2.8297119140625,-6.723136901855469,-0.5465173125267029
2.0950000286102295,-0.03870857506990433,-3.1292216777801514,-4.897380352020264,-0.5451951026916504
2.0999999046325684,0.12947814166545868,-2.802504062652588,-6.3273701667785645,-0.5409005880355835
2.1050000190734863,0.5069230198860168,-3.056586265563965,-5.31020975112915,-0.5439013838768005
2.109999895095825,-0.1716575175523758,-3.0628299713134766,-6.625523090362549,-0.5452021956443787
2.115000009536743,0.2844342291355133,-3.2851645946502686,-4.660325050354004,-0.5494967103004456
2.119999885559082,0.23356039822101593,-2.9045300483703613,-5.592319965362549,-0.5537911653518677
2.125,-0.6520704030990601,-3.6554946899414062,-6.6262922286987305,-0.5727332830429077
2.130000114440918,0.2175382375717163,-2.876315116882324,-5.399648189544678,-0.5838668346405029
2.134999990463257,-0.6086800694465637,-3.426785707473755,-5.51940393447876,-0.5881614089012146
2.140000104904175,0.3390900790691376,-3.699145555496216,-5.886874675750732,-0.5894051790237427
2.1449999809265137,-0.49735409021377563,-3.3052704334259033,-6.253647327423096,-0.5955065488815308
2.1500000953674316,0.29825836420059204,-3.7643747329711914,-5.008559703826904,-0.608404278755188
2.1549999713897705,-0.09222263097763062,-3.5862250328063965,-6.751809120178223,-0.6127130389213562
2.1600000858306885,0.547175943851471,-4.279664039611816,-4.986621856689453,-0.641573429107666
2.1649999618530273,-1.0817657709121704,-4.1738810539245605,-7.304129600524902,-0.6599881052970886
2.1700000762939453,0.5666932463645935,-4.08522367477417,-4.837867736816406,-0.6740867495536804
2.174999952316284,-0.2615049183368683,-4.32981538772583,-5.972281455993652,-0.6857763528823853
2.180000066757202,0.5672435164451599,-4.206765651702881,-5.3599348068237305,-0.7017818093299866
2.184999942779541,-0.4090404808521271,-4.5222063064575195,-6.2193498611450195,-0.7373459339141846
2.190000057220459,-0.14434435963630676,-4.367980003356934,-5.516190052032471,-0.7533655762672424
2.194999933242798,0.023628169670701027,-5.2900800704956055,-5.27535343170166,-0.792044460773468
2.200000047683716,1.0635380744934082,-4.657487392425537,-5.463438510894775,-0.8189981579780579
2.2049999237060547,-0.6053176522254944,-5.180912017822266,-7.238121032714844,-0.8318958878517151
2.2100000381469727,-0.21689419448375702,-5.377503871917725,-4.325014114379883,-0.8576771020889282
2.2149999141693115,-0.003228088840842247,-5.235780239105225,-6.289608478546143,-0.8823214173316956
2.2200000286102295,-0.6150748133659363,-5.414475917816162,-6.069145679473877,-0.916705846786499
2.2249999046325684,-0.23918725550174713,-5.999810218811035,-4.754136562347412,-0.9510902166366577
2.2300000190734863,-0.10119961202144623,-5.7398247718811035,-6.6468939781188965,-0.9854746460914612
2.234999895095825,-0.3517041504383087,-6.141281604766846,-4.356351852416992,-1.0273396968841553
2.240000009536743,0.2402106374502182,-5.9834160804748535,-8.02906608581543,-1.0435696840286255
2.244999885559082,0.9364965558052063,-6.88527774810791,-5.692831516265869,-1.0714428424835205
2.25,0.5209701657295227,-6.982995510101318,-6.326205253601074,-1.1058272123336792
2.255000114440918,-1.0689359903335571,-6.568933486938477,-5.738639831542969,-1.1445062160491943
2.259999990463257,0.6269931197166443,-7.490527629852295,-5.262205600738525,-1.177817940711975
2.265000104904175,-0.38055211305618286,-7.104150772094727,-7.027348041534424,-1.2100533246994019
2.2699999809265137,0.8238676190376282,-7.061552047729492,-4.087717056274414,-1.2551898956298828
2.2750000953674316,-0.29644203186035156,-7.479145526885986,-6.596306324005127,-1.287396788597107
2.2799999713897705,0.25220412015914917,-7.970968723297119,-4.981240749359131,-1.3121337890625
2.2850000858306885,0.08343967795372009,-8.018718719482422,-5.6244940757751465,-1.3379292488098145
2.2899999618530273,-0.1387985348701477,-8.452288627624512,-5.379428863525391,-1.3851971626281738
2.2950000762939453,-0.337426096200943,-8.563323020935059,-8.701408386230469,-1.419581651687622
2.299999952316284,0.4518113136291504,-8.463375091552734,-4.062203407287598,-1.452950358390808
2.305000066757202,-0.5909491777420044,-8.82059097290039,-4.508455753326416,-1.4926520586013794
2.309999942779541,-1.2359092235565186,-8.77847957611084,-10.284463882446289,-1.5227419137954712
2.315000057220459,1.367262840270996,-9.186841011047363,-2.1588549613952637,-1.5571264028549194
2.319999933242798,-0.13236746191978455,-9.532756805419922,-7.9161248207092285,-1.583909034729004
2.325000047683716,-0.7106929421424866,-10.026588439941406,-3.444596290588379,-1.6215935945510864
2.3299999237060547,-0.43950384855270386,-9.441169738769531,-7.934640884399414,-1.6559780836105347
2.3350000381469727,-0.21010543406009674,-10.3225736618042,-3.975127935409546,-1.6903624534606934
2.3399999141693115,-0.6345723867416382,-9.927380561828613,-7.0637640953063965,-1.724746823310852
2.3450000286102295,-0.15627208352088928,-10.308061599731445,-4.9853081703186035,-1.7634258270263672
2.3499999046325684,-0.7678298950195312,-10.133288383483887,-6.523201942443848,-1.7892212867736816
2.3550000190734863,0.29547861218452454,-10.673199653625488,-5.012351036071777,-1.8116594552993774
2.359999895095825,-0.026111725717782974,-10.378865242004395,-6.733068466186523,-1.8450994491577148
2.365000009536743,-0.3299376964569092,-11.182868003845215,-5.413125991821289,-1.8837785720825195
2.369999885559082,-0.028115229681134224,-10.688582420349121,-5.860574245452881,-1.910489797592163
2.375,-0.4541199505329132,-11.332343101501465,-5.272188186645508,-1.9430423974990845
2.380000114440918,0.29289042949676514,-11.717649459838867,-6.262147426605225,-1.9749499559402466
2.384999990463257,-0.7657153606414795,-11.131993293762207,-6.766356945037842,-1.9964364767074585
2.390000104904175,0.5396944880485535,-11.798495292663574,-4.693392276763916,-2.0093343257904053
2.3949999809265137,-0.65290367603302,-11.70263385772705,-6.299278259277344,-2.038529872894287
2.4000000953674316,0.41963526606559753,-11.58453369140625,-6.431699752807617,-2.0566093921661377
2.4049999713897705,0.07166820019483566,-11.937137603759766,-3.87650728225708,-2.0858190059661865
2.4100000858306885,-0.9538133144378662,-11.912750244140625,-6.658482551574707,-2.1081788539886475
2.4149999618530273,0.21754801273345947,-11.727248191833496,-4.1483988761901855,-2.133960008621216
2.4200000762939453,-0.9795730113983154,-12.208738327026367,-7.892263889312744,-2.139113426208496
2.424999952316284,-0.12768936157226562,-12.648798942565918,-3.939147472381592,-2.1589107513427734
2.430000066757202,0.22993169724941254,-12.134312629699707,-7.340257167816162,-2.169188976287842
2.434999942779541,-0.527965784072876,-12.645750999450684,-6.154799938201904,-2.1941325664520264
2.440000057220459,0.3905485272407532,-12.612164497375488,-5.096319198608398,-2.214803457260132
2.444999933242798,-0.7077814936637878,-12.738280296325684,-5.919938087463379,-2.2207443714141846
2.450000047683716,-0.16669735312461853,-12.929471969604492,-5.693871974945068,-2.2371203899383545
2.4549999237060547,-0.34591567516326904,-12.432968139648438,-6.8355207443237305,-2.2422239780426025
2.4600000381469727,0.10631740838289261,-12.702070236206055,-5.240753173828125,-2.24651837348938
2.4649999141693115,-0.41425904631614685,-12.737473487854004,-6.258201599121094,-2.24651837348938
2.4700000286102295,0.15006545186042786,-12.636292457580566,-5.86962890625,-2.2543342113494873
2.4749999046325684,-0.2719823122024536,-12.697600364685059,-5.250705718994141,-2.2551145553588867
2.4800000190734863,-0.06502245366573334,-12.717198371887207,-5.99644136428833,-2.2672388553619385
2.484999895095825,-0.021883616223931313,-12.48177719116211,-5.728141784667969,-2.2722997665405273
2.490000009536743,-0.006432336289435625,-12.642085075378418,-5.571709156036377,-2.2765941619873047
2.494999885559082,-0.09342729300260544,-12.227283477783203,-6.089728832244873,-2.2637107372283936
2.5,-0.38267847895622253,-12.432072639465332,-5.882763862609863,-2.2644412517547607
2.505000114440918,-0.07825996726751328,-12.183913230895996,-6.004852771759033,-2.259408950805664
2.509999990463257,0.08534884452819824,-12.330519676208496,-5.7994608879089355,-2.259408950805664
2.515000104904175,-0.19525648653507233,-12.193343162536621,-5.8911590576171875,-2.259408950805664
2.5199999809265137,0.18257950246334076,-12.303741455078125,-5.179698467254639,-2.2551145553588867
2.5250000953674316,-0.2809475362300873,-11.911009788513184,-6.526464462280273,-2.247220516204834
2.5299999713897705,-0.3034293055534363,-12.266103744506836,-4.841588497161865,-2.2300281524658203
2.5350000858306885,-0.09515567123889923,-11.638566017150879,-7.7569403648376465,-2.2128360271453857
2.5399999618530273,0.3076421618461609,-12.041193962097168,-3.8471319675445557,-2.203559160232544
2.5450000762939453,-0.36161163449287415,-11.788887023925781,-6.5543036460876465,-2.1870477199554443
2.549999952316284,0.1887904554605484,-11.536033630371094,-5.531010150909424,-2.174149990081787
2.555000066757202,-0.22746001183986664,-11.593772888183594,-6.163689136505127,-2.16125226020813
2.559999942779541,-0.051612984389066696,-11.902644157409668,-4.3229475021362305,-2.1483545303344727
2.565000057220459,-0.23675240576267242,-11.045258522033691,-7.791258335113525,-2.1268680095672607
2.569999933242798,0.19898782670497894,-11.413503646850586,-5.128992080688477,-2.101717472076416
2.575000047683716,0.2963196635246277,-10.971383094787598,-4.845796585083008,-2.0918526649475098
2.5799999237060547,-0.36190342903137207,-11.01995849609375,-7.152520179748535,-2.066702365875244
2.5850000381469727,0.05603905767202377,-10.99288272857666,-5.440554141998291,-2.0495102405548096
2.5899999141693115,-0.3881603479385376,-10.624116897583008,-7.017709732055664,-2.028625726699829
2.5950000286102295,0.3134984076023102,-10.821672439575195,-4.214059352874756,-1.9985356330871582
2.5999999046325684,0.2141718715429306,-10.21375560760498,-5.9253082275390625,-1.980741262435913
2.6050000190734863,-0.026606930419802666,-10.483687400817871,-6.080507278442383,-1.942657470703125
2.609999895095825,0.7073349356651306,-10.057636260986328,-5.7294158935546875,-1.9082729816436768
2.615000009536743,-1.0297127962112427,-10.179405212402344,-6.991518020629883,-1.8899333477020264
2.619999885559082,-0.24018162488937378,-9.990164756774902,-4.389962673187256,-1.8738744258880615
2.625,1.1237553358078003,-9.870881080627441,-7.556777000427246,-1.8394899368286133
2.630000114440918,-0.5501174330711365,-9.622204780578613,-3.6566057205200195,-1.8179888725280762
2.634999990463257,0.3164962828159332,-8.726380348205566,-7.913930416107178,-1.7836045026779175
2.640000104904175,0.14603784680366516,-9.194890022277832,-3.956033229827881,-1.740631103515625
2.6449999809265137,0.22378067672252655,-9.036371231079102,-6.274465560913086,-1.7186063528060913
2.6500000953674316,-0.16039502620697021,-8.815481185913086,-5.42466926574707,-1.6804585456848145
2.6549999713897705,-0.3584093451499939,-8.655280113220215,-6.543655872344971,-1.6584478616714478
2.6600000858306885,0.33750906586647034,-8.724458694458008,-5.275440692901611,-1.628874659538269
2.6649999618530273,-0.8953204154968262,-8.026724815368652,-6.39655065536499,-1.5901957750320435
2.6700000762939453,0.9699921607971191,-7.96895694732666,-4.831569194793701,-1.5686947107315063
2.674999952316284,-0.25406962633132935,-7.766822338104248,-9.208096504211426,-1.5304969549179077
2.680000066757202,0.122585229575634,-7.969148635864258,-2.149657964706421,-1.4994447231292725
2.684999942779541,0.05466834455728531,-7.384233474731445,-4.324843406677246,-1.453125
2.690000057220459,-1.033436894416809,-7.535956382751465,-10.134723663330078,-1.4306902885437012
2.694999933242798,-0.3340911567211151,-7.789336681365967,-3.237672805786133,-1.396320104598999
2.700000047683716,0.0396651029586792,-6.87929105758667,-7.183894634246826,-1.3671354055404663
2.7049999237060547,0.00873500481247902,-7.29923677444458,-4.806152820587158,-1.3365927934646606
2.7100000381469727,0.2898246943950653,-6.500260829925537,-7.039417743682861,-1.3022083044052124
2.7149999141693115,-0.14199399948120117,-6.441072940826416,-5.866204738616943,-1.267399787902832
2.7200000286102295,0.25446510314941406,-6.215358257293701,-5.832345008850098,-1.2377411127090454
2.7249999046325684,0.1776350736618042,-6.428986072540283,-5.161060333251953,-1.211535930633545
2.7300000190734863,0.8659276366233826,-6.011999607086182,-7.363426208496094,-1.1732739210128784
2.734999895095825,0.7740501165390015,-5.828930854797363,-4.879886627197266,-1.1513774394989014
2.740000009536743,0.22088298201560974,-5.664550304412842,-6.972712993621826,-1.1216901540756226
2.744999885559082,0.5860297083854675,-5.501373767852783,-5.078999042510986,-1.0876870155334473
2.75,-0.6102364659309387,-5.564134120941162,-4.024574279785156,-1.0654234886169434
2.755000114440918,-0.28380098938941956,-5.143682956695557,-7.166784286499023,-1.0274930000305176
2.759999990463257,0.03145945444703102,-5.657676696777344,-4.540554046630859,-1.0048978328704834
2.765000104904175,-1.5949089527130127,-4.776309490203857,-9.561359405517578,-0.9755420684814453
2.7699999809265137,0.28699585795402527,-5.113803386688232,-2.4474706649780273,-0.9536954760551453
2.7750000953674316,0.7631727457046509,-4.6516313552856445,-5.158480644226074,-0.9282528162002563
2.7799999713897705,-0.8354853391647339,-4.106327533721924,-7.99880313873291,-0.9067518711090088
2.7850000858306885,0.62565678358078,-5.004894256591797,-3.3243918418884277,-0.8763376474380493
2.7899999618530273,0.002799125388264656,-3.839085102081299,-7.2049407958984375,-0.8591454029083252
2.7950000762939453,-0.5873616933822632,-4.400302886962891,-4.6723127365112305,-0.837658703327179
2.799999952316284,-0.11038288474082947,-3.7205090522766113,-6.728888988494873,-0.8204665184020996
2.805000066757202,0.18854579329490662,-4.471811294555664,-4.5811262130737305,-0.7989797592163086
2.809999942779541,0.04880322888493538,-3.6822338104248047,-7.819090366363525,-0.7860820889472961
2.815000057220459,0.5726487040519714,-3.815492868423462,-4.2519731521606445,-0.7645954489707947
2.819999933242798,-0.41344153881073,-3.9491326808929443,-6.523098468780518,-0.7347941398620605
2.825000047683716,0.6448498368263245,-3.8224005699157715,-5.446500301361084,-0.7299364805221558
2.8299999237060547,-0.06764990091323853,-3.962092161178589,-5.190381050109863,-0.7130187153816223
2.8350000381469727,0.051877766847610474,-3.6186118125915527,-6.383474826812744,-0.6958264708518982
2.8399999141693115,0.14833123981952667,-3.4032368659973145,-5.7571234703063965,-0.6955663561820984
2.8450000286102295,-0.1918763667345047,-3.851982831954956,-6.040955066680908,-0.6826829314231873
2.8499999046325684,0.16887032985687256,-3.524005174636841,-5.566833019256592,-0.6702627539634705
2.8550000190734863,0.06987888365983963,-3.4590399265289307,-4.876822471618652,-0.6569017171859741
2.859999895095825,-0.0587083138525486,-3.305670738220215,-7.19461727142334,-0.6569017171859741
2.865000009536743,0.3409658372402191,-3.3826026916503906,-5.265858173370361,-0.6483127474784851
2.869999885559082,0.09873375296592712,-3.4068124294281006,-5.451291561126709,-0.6526072025299072
2.875,0.1647532731294632,-3.509368419647217,-5.581066608428955,-0.6442142724990845
2.880000114440918,-0.05292966961860657,-3.6578357219696045,-6.184283256530762,-0.639716625213623
2.884999990463257,-0.027641642838716507,-3.731292486190796,-5.776923179626465,-0.639716625213623
2.890000104904175,0.060744695365428925,-3.6544477939605713,-5.11318302154541,-0.635596752166748
2.8949999809265137,-0.104623943567276,-3.698298454284668,-6.305938243865967,-0.643836498260498
2.9000000953674316,0.26457205414772034,-3.885080099105835,-5.923065662384033,-0.6440111398696899
2.9049999713897705,0.18767522275447845,-3.765550374984741,-5.534459114074707,-0.6440111398696899
2.9100000858306885,-0.07847221195697784,-4.025107383728027,-5.496262550354004,-0.6481595039367676
2.9149999618530273,-0.034345850348472595,-3.9386308193206787,-5.849616527557373,-0.6610572338104248
2.9200000762939453,-0.12632356584072113,-3.9721999168395996,-6.526124000549316,-0.6740868091583252
2.924999952316284,-0.18119359016418457,-4.052638053894043,-5.182645797729492,-0.6783812642097473
2.930000066757202,0.8964499831199646,-4.026246547698975,-5.412319183349609,-0.6826757192611694
2.934999942779541,-0.09042154997587204,-4.317774295806885,-5.875210285186768,-0.6996327638626099
2.940000057220459,0.005231065675616264,-4.106528282165527,-5.92241096496582,-0.7041624784469604
2.944999933242798,-0.2692025899887085,-4.4660258293151855,-5.404481887817383,-0.7255386710166931
2.950000047683716,-0.059029627591371536,-4.665044784545898,-5.415778636932373,-0.7427309155464172
2.9549999237060547,0.11419879645109177,-4.050914764404297,-6.8927998542785645,-0.7513341903686523
2.9600000381469727,0.22609663009643555,-5.020503044128418,-4.414644718170166,-0.7728208899497986
2.9649999141693115,0.6312772631645203,-4.521509170532227,-6.526930332183838,-0.785718560218811
2.9700000286102295,-0.32175660133361816,-5.238907814025879,-4.235145092010498,-0.8029108047485352
2.9749999046325684,-1.33462655544281,-4.576290607452393,-7.19917106628418,-0.8201029896736145
2.9800000190734863,0.07820935547351837,-5.116919994354248,-5.744919776916504,-0.8372488617897034
2.984999895095825,0.4450933337211609,-5.697026252746582,-5.380622863769531,-0.8716332912445068
2.990000009536743,0.06755407899618149,-5.154453754425049,-5.8447160720825195,-0.8931983709335327
2.994999885559082,-0.13961806893348694,-5.107692241668701,-7.020522594451904,-0.9103513956069946
3,0.6933054327964783,-5.728481292724609,-4.27517032623291,-0.9361147284507751
3.005000114440918,-0.48366162180900574,-6.276033878326416,-7.049140930175781,-0.9533319473266602
3.009999990463257,0.34794914722442627,-5.387148857116699,-5.104568004608154,-0.9834039807319641
3.015000104904175,0.08613884449005127,-5.920923709869385,-6.529637813568115,-1.0091959238052368
3.0199999809265137,-0.42230746150016785,-6.760464191436768,-5.974337100982666,-1.0435768365859985
3.0250000953674316,0.08968503773212433,-6.569125175476074,-5.187655925750732,-1.0650776624679565
3.0299999713897705,0.023855162784457207,-6.2595133781433105,-6.883499622344971,-1.0951427221298218
3.0350000858306885,-0.13133282959461212,-7.156978130340576,-4.146548748016357,-1.1166293621063232
3.0399999618530273,-0.6046671271324158,-6.624571323394775,-8.157435417175293,-1.1381162405014038
3.0450000762939453,0.41747063398361206,-6.835526943206787,-3.756730079650879,-1.1639436483383179
3.049999952316284,-0.5126166939735413,-7.576084613800049,-9.40283489227295,-1.202622652053833
3.055000066757202,1.421752691268921,-7.3179168701171875,-4.543318748474121,-1.224123477935791
3.059999942779541,-0.46540799736976624,-7.510651111602783,-2.662888765335083,-1.2670968770980835
3.065000057220459,-0.22842788696289062,-7.631547451019287,-8.613024711608887,-1.2885230779647827
3.069999933242798,-0.3416649401187897,-7.329512119293213,-4.013650894165039,-1.3100917339324951
3.075000047683716,-1.1211647987365723,-8.07947826385498,-6.94842004776001,-1.340092420578003
3.0799999237060547,-0.3315501809120178,-7.761812686920166,-5.2062201499938965,-1.3702645301818848
3.0850000381469727,-0.03325222432613373,-8.414681434631348,-3.9749152660369873,-1.4090467691421509
3.0899999141693115,0.2223765254020691,-8.502179145812988,-9.519801139831543,-1.4346355199813843
3.0950000286102295,-0.06517477333545685,-9.284223556518555,-2.358463764190674,-1.4691232442855835
3.0999999046325684,0.14136750996112823,-8.663111686706543,-8.422551155090332,-1.503382921218872
3.1050000190734863,-0.379596084356308,-8.869654655456543,-4.255741596221924,-1.5250014066696167
3.109999895095825,-0.44320136308670044,-9.345060348510742,-6.077596664428711,-1.5549523830413818
3.115000009536743,-1.3282760381698608,-8.611591339111328,-4.897930145263672,-1.5767313241958618
3.119999885559082,-0.8029919862747192,-9.272539138793945,-5.546659469604492,-1.6152713298797607
3.125,0.40222764015197754,-9.656752586364746,-6.2507219314575195,-1.6452008485794067
3.130000114440918,-0.33147940039634705,-9.831148147583008,-6.583944320678711,-1.6711496114730835
3.134999990463257,-0.11856695264577866,-9.862336158752441,-5.454273700714111,-1.696770429611206
3.140000104904175,0.1472286880016327,-9.789344787597656,-5.523820400238037,-1.7139625549316406
3.1449999809265137,-0.058370281010866165,-10.043620109558105,-5.80092716217041,-1.7442270517349243
3.1500000953674316,-0.2871634066104889,-10.612016677856445,-6.281363487243652,-1.7698265314102173
3.1549999713897705,-0.3145415186882019,-10.156960487365723,-6.187639236450195,-1.7958109378814697
3.1600000858306885,0.3843994140625,-10.804214477539062,-4.979890823364258,-1.821395993232727
3.1649999618530273,-0.41002899408340454,-10.535411834716797,-6.576737880706787,-1.8473947048187256
3.1700000762939453,-0.35122165083885193,-10.610281944274902,-6.147636890411377,-1.8688957691192627
3.174999952316284,-0.2663383185863495,-11.330896377563477,-4.724065780639648,-1.8944593667984009
3.180000066757202,0.2678097188472748,-10.652286529541016,-6.064279556274414,-1.9200018644332886
3.184999942779541,-0.3530738949775696,-11.23088550567627,-5.26107120513916,-1.9333771467208862
3.190000057220459,0.18328498303890228,-10.969514846801758,-6.278830051422119,-1.958919644355774
3.194999933242798,0.5797166228294373,-11.447439193725586,-5.631957054138184,-1.976111650466919
3.200000047683716,-1.1073092222213745,-11.20009994506836,-6.288773059844971,-1.993303894996643
3.2049999237060547,0.21697717905044556,-11.838526725769043,-5.034792900085449,-2.019359588623047
3.2100000381469727,-0.6704596281051636,-11.254008293151855,-6.651576519012451,-2.0360031127929688
3.2149999141693115,0.3382440507411957,-11.993075370788574,-4.460408687591553,-2.0448806285858154
3.2200000286102295,-0.5980719327926636,-11.412625312805176,-6.482545375823975,-2.0531880855560303
3.2249999046325684,-0.36112329363822937,-11.936829566955566,-5.754770278930664,-2.0663745403289795
3.2300000190734863,0.618520200252533,-11.586238861083984,-6.075630187988281,-2.0792722702026367
3.234999895095825,-0.4306536614894867,-12.107620239257812,-5.701506614685059,-2.0964643955230713
3.240000009536743,-0.29868337512016296,-12.08918571472168,-5.560248851776123,-2.1133320331573486
3.244999885559082,-0.5497695803642273,-11.848811149597168,-6.311094284057617,-2.1090378761291504
3.25,0.10529158264398575,-12.095473289489746,-5.3726630210876465,-2.11796498298645
3.255000114440918,-0.2767479419708252,-11.73813247680664,-6.250579833984375,-2.1219282150268555
3.259999990463257,-0.17368166148662567,-11.957817077636719,-5.734789848327637,-2.126575469970703
3.265000104904175,-0.37597617506980896,-11.956860542297363,-5.655242919921875,-2.1434075832366943
3.2699999809265137,0.07902193069458008,-11.889449119567871,-6.045118808746338,-2.139113426208496
3.2750000953674316,0.05435881018638611,-11.725313186645508,-5.499841213226318,-2.139113426208496
3.2799999713897705,-0.01935737393796444,-11.80066967010498,-5.91801643371582,-2.139113426208496
3.2850000858306885,0.02281949669122696,-11.54255485534668,-5.741015911102295,-2.1348190307617188
3.2899999618530273,-0.2668207585811615,-11.92137336730957,-5.4123454093933105,-2.139113426208496
3.2950000762939453,-0.27549314498901367,-11.569470405578613,-6.128933429718018,-2.134416103363037
3.299999952316284,-0.05019509792327881,-11.73973274230957,-5.396572589874268,-2.126222848892212
3.305000066757202,-0.16076840460300446,-11.479349136352539,-6.143696308135986,-2.121511220932007
3.309999942779541,-0.28190165758132935,-11.704608917236328,-5.661651134490967,-2.1133322715759277
3.315000057220459,0.4299485683441162,-11.394317626953125,-5.653281211853027,-2.104743242263794
3.319999933242798,-0.6133021712303162,-11.412851333618164,-6.88894510269165,-2.100010395050049
3.325000047683716,0.295055091381073,-11.157899856567383,-5.774211406707764,-2.0875582695007324
3.3299999237060547,0.11909309774637222,-11.341602325439453,-4.616458892822266,-2.0871057510375977
3.3350000381469727,-0.2589099109172821,-11.04118537902832,-6.636585235595703,-2.0746676921844482
3.3399999141693115,0.30209439992904663,-11.151630401611328,-4.63932466506958,-2.061317205429077
3.3450000286102295,-1.0632123947143555,-10.815210342407227,-6.867888450622559,-2.0527141094207764
3.3499999046325684,0.36869657039642334,-10.784294128417969,-5.904917240142822,-2.039816379547119
3.3550000190734863,-0.4563199579715729,-11.319122314453125,-4.76182222366333,-2.0226242542266846
3.359999895095825,-0.16269627213478088,-10.557379722595215,-7.027655601501465,-2.0011372566223145
3.365000009536743,0.5642446279525757,-10.722978591918945,-4.934870719909668,-1.9839451313018799
3.369999885559082,-0.24715612828731537,-10.509468078613281,-6.396388053894043,-1.9667531251907349
3.375,-0.17788422107696533,-10.499709129333496,-5.077214241027832,-1.9500776529312134
3.380000114440918,-0.650933563709259,-9.992281913757324,-6.2391557693481445,-1.9232628345489502
3.384999990463257,1.1093642711639404,-10.249316215515137,-6.057244777679443,-1.9022928476333618
3.390000104904175,-0.20241662859916687,-10.312023162841797,-5.387665271759033,-1.8974459171295166
3.3949999809265137,0.049185432493686676,-9.64148998260498,-6.988262176513672,-1.850723385810852
3.4000000953674316,0.5916275978088379,-10.190062522888184,-5.570565223693848,-1.8372732400894165
3.4049999713897705,-0.3817509114742279,-9.38559341430664,-6.401483535766602,-1.808302402496338
3.4100000858306885,0.27309805154800415,-9.892056465148926,-4.480459213256836,-1.793718934059143
3.4149999618530273,-0.8814885020256042,-8.97098159790039,-6.495876789093018,-1.7696305513381958
3.4200000762939453,0.555906355381012,-9.594221115112305,-5.098604202270508,-1.7427016496658325
3.424999952316284,0.04344611614942551,-8.845956802368164,-7.703254699707031,-1.7217888832092285
3.430000066757202,0.5081198215484619,-9.119006156921387,-4.010361194610596,-1.6911180019378662
3.434999942779541,0.2750425934791565,-9.042764663696289,-6.017942428588867,-1.6659247875213623
3.440000057220459,-0.9620897173881531,-8.746787071228027,-5.532812118530273,-1.6438288688659668
3.444999933242798,0.15128092467784882,-8.769301414489746,-6.458037853240967,-1.6223278045654297
3.450000047683716,0.8866435885429382,-7.7889018058776855,-5.655184745788574,-1.5885670185089111
3.4549999237060547,-0.1455824077129364,-9.036989212036133,-4.759977340698242,-1.5627858638763428
3.4600000381469727,0.32067427039146423,-8.058353424072266,-5.63003396987915,-1.5449557304382324
3.4649999141693115,-0.7349748611450195,-8.08824348449707,-8.305577278137207,-1.5148656368255615
3.4700000286102295,0.6026650667190552,-7.6843109130859375,-3.3519551753997803,-1.4847756624221802
3.4749999046325684,-1.1166114807128906,-7.625731468200684,-7.20799446105957,-1.451050877571106
3.4800000190734863,-0.31524795293807983,-7.79830265045166,-4.08691930770874,-1.4295639991760254
3.484999895095825,0.0773613452911377,-7.251514434814453,-7.289811134338379,-1.4031093120574951
3.490000009536743,-0.37563031911849976,-7.0815863609313965,-4.357341766357422,-1.3730193376541138
3.494999885559082,0.31797802448272705,-7.368997097015381,-7.290455341339111,-1.3479117155075073
3.5,0.24525819718837738,-7.28090763092041,-4.96859884262085,-1.3264249563217163
3.505000114440918,0.09089363366365433,-6.714044570922852,-5.841018199920654,-1.2999417781829834
3.509999990463257,-0.3773174285888672,-6.411988258361816,-5.8866286277771,-1.2698516845703125
3.515000104904175,-0.11210346966981888,-6.504422664642334,-6.092784881591797,-1.2397618293762207
3.5199999809265137,-0.3531073331832886,-6.125769138336182,-6.416884899139404,-1.2154134511947632
3.5250000953674316,-0.0132525023072958,-6.644840240478516,-4.551437854766846,-1.1967742443084717
3.5299999713897705,-0.6627335548400879,-5.55369758605957,-8.443951606750488,-1.1717164516448975
3.5350000858306885,0.20069657266139984,-6.137563228607178,-2.726621150970459,-1.1459354162216187
3.5399999618530273,-0.07231234759092331,-5.58587121963501,-8.812702178955078,-1.1194021701812744
3.5450000762939453,-0.16645567119121552,-5.818686485290527,-3.3906357288360596,-1.0893120765686035
3.549999952316284,-0.017816655337810516,-5.281615734100342,-7.9844746589660645,-1.0728719234466553
3.555000066757202,0.003960581496357918,-5.807156085968018,-3.1410677433013916,-1.0556797981262207
3.559999942779541,-0.57001793384552,-5.201635360717773,-8.018680572509766,-1.0291180610656738
3.565000057220459,0.4005139470100403,-5.458942413330078,-3.7554399967193604,-1.0084046125411987
3.569999933242798,-0.1458132565021515,-4.973748207092285,-6.505557537078857,-0.9869179725646973
3.575000047683716,0.0013173962943255901,-4.924305438995361,-6.650660514831543,-0.9689239263534546
3.5799999237060547,-0.2608623504638672,-5.188436031341553,-3.9689571857452393,-0.9396430850028992
3.5850000381469727,0.2190779447555542,-4.8189496994018555,-6.293978214263916,-0.9275614619255066
3.5899999141693115,-0.07949509471654892,-4.576855182647705,-6.1166582107543945,-0.9181491732597351
3.5950000286102295,0.03845454379916191,-4.730687618255615,-5.888853073120117,-0.9009570479393005
3.5999999046325684,0.18406514823436737,-4.548460960388184,-6.556962013244629,-0.8888968229293823
3.6050000190734863,0.0022380794398486614,-4.698061466217041,-4.1393842697143555,-0.8794631361961365
3.609999895095825,-0.09967563301324844,-4.426234722137451,-7.375495910644531,-0.8528302311897278
3.615000009536743,0.3678211271762848,-4.5359697341918945,-4.602177619934082,-0.8373415470123291
3.619999885559082,0.2701522409915924,-4.436919689178467,-6.267750263214111,-0.8330470323562622
3.625,-0.26683059334754944,-4.212701797485352,-5.994776248931885,-0.8287525177001953
3.630000114440918,-0.12011749297380447,-4.313681125640869,-5.043830871582031,-0.8192833065986633
3.634999990463257,0.2160044014453888,-4.194634914398193,-5.8214111328125,-0.810680091381073
3.640000104904175,0.07521731406450272,-4.101747035980225,-6.107860088348389,-0.7986768484115601
3.6449999809265137,0.23580171167850494,-4.301652908325195,-5.406264781951904,-0.7934807538986206
3.6500000953674316,-0.14697179198265076,-4.121784687042236,-6.086566925048828,-0.7848775386810303
3.6549999713897705,-0.010887403972446918,-4.271121978759766,-5.340384006500244,-0.7643067240715027
3.6600000858306885,0.16005843877792358,-4.19175386428833,-6.318161487579346,-0.7686012387275696
3.6649999618530273,0.09873177856206894,-4.39530086517334,-5.481752395629883,-0.7686011791229248
3.6700000762939453,0.12627388536930084,-4.346521377563477,-5.809455394744873,-0.7643067240715027
3.674999952316284,-0.02553887479007244,-4.475533485412598,-5.993918418884277,-0.7686012387275696
3.680000066757202,-0.11287479847669601,-4.517408847808838,-5.640501022338867,-0.7643067240715027
3.684999942779541,0.023869896307587624,-4.490106105804443,-5.824337005615234,-0.7643067240715027
3.690000057220459,0.1331186592578888,-4.47092866897583,-5.358484745025635,-0.7686012387275696
3.694999933242798,-0.09766325354576111,-4.452034950256348,-6.506688117980957,-0.7686012387275696
3.700000047683716,0.32412511110305786,-4.6150803565979,-4.951681137084961,-0.7781702876091003
3.7049999237060547,-0.20216509699821472,-4.438387393951416,-6.052147388458252,-0.7857863306999207
3.7100000381469727,0.39134639501571655,-4.78519868850708,-5.124933242797852,-0.795369565486908
3.7149999141693115,-0.03952215611934662,-4.634187698364258,-6.41879415512085,-0.7986768484115601
3.7200000286102295,-0.32626181840896606,-4.856497287750244,-5.5714430809021,-0.8039799332618713
3.7249999046325684,0.3022899031639099,-4.693456649780273,-6.21530818939209,-0.8158619999885559
3.7300000190734863,-0.3142908811569214,-5.018275260925293,-4.52971076965332,-0.821179211139679
3.734999895095825,0.2698308825492859,-4.759951114654541,-6.091885566711426,-0.8373415470123291
3.740000009536743,-0.7806704044342041,-5.104263782501221,-6.859922409057617,-0.8469675779342651
3.744999885559082,0.4386307895183563,-5.059383392333984,-6.402795791625977,-0.8555707931518555
3.75,0.13053245842456818,-5.449052810668945,-3.948216676712036,-0.8684685230255127
3.755000114440918,-0.08238589018583298,-5.2451887130737305,-7.2502923011779785,-0.8899553418159485
3.759999990463257,0.3463023006916046,-5.385367393493652,-4.582462787628174,-0.9017874002456665
3.765000104904175,-0.1424252688884735,-5.353424072265625,-6.865079879760742,-0.9114490747451782
3.7699999809265137,0.1253109574317932,-5.7887468338012695,-4.285214900970459,-0.9329357743263245
3.7750000953674316,0.10195860266685486,-5.457418441772461,-7.616779327392578,-0.9501279592514038
3.7799999713897705,-0.2896267771720886,-6.254720211029053,-4.509498119354248,-0.9673202037811279
3.7850000858306885,0.3783859312534332,-5.5842976570129395,-6.150404930114746,-0.9856135845184326
3.7899999618530273,0.33383315801620483,-6.263065338134766,-5.363635540008545,-1.0060062408447266
3.7950000762939453,-0.3092590272426605,-5.917781829833984,-7.171358108520508,-1.0263774394989014
3.799999952316284,0.0647064670920372,-6.461670398712158,-5.059587001800537,-1.0415061712265015
3.805000066757202,-0.6009126305580139,-6.5312676429748535,-6.436519145965576,-1.0715960264205933
3.809999942779541,0.3854901194572449,-6.593334674835205,-4.090699672698975,-1.0908232927322388
3.815000057220459,-1.3988430500030518,-7.026452541351318,-6.30915641784668,-1.1091452836990356
3.819999933242798,-1.100105881690979,-6.694335460662842,-6.263040065765381,-1.136077642440796
3.825000047683716,0.5233520269393921,-6.100447654724121,-6.240135669708252,-1.1521258354187012
3.8299999237060547,0.5730929374694824,-7.171596050262451,-5.3746232986450195,-1.1693179607391357
3.8350000381469727,-0.39317941665649414,-7.173329830169678,-6.657169818878174,-1.1962717771530151
3.8399999141693115,0.04619736969470978,-7.892723560333252,-3.3590152263641357,-1.226361632347107
3.8450000286102295,0.33484816551208496,-7.028603553771973,-9.09426498413086,-1.2466758489608765
3.8499999046325684,-0.2330784648656845,-7.901482582092285,-4.6452250480651855,-1.2767513990402222
3.8550000190734863,-0.02935032546520233,-8.435357093811035,-6.077213287353516,-1.2994391918182373
3.859999895095825,0.6202770471572876,-7.556063175201416,-6.9087677001953125,-1.328321099281311
3.865000009536743,-0.23158293962478638,-7.3340744972229,-4.36460542678833,-1.3455132246017456
3.869999885559082,0.2332008183002472,-8.09992790222168,-7.732719421386719,-1.3725168704986572
3.875,0.45260030031204224,-8.01659870147705,-4.569238662719727,-1.4013772010803223
3.880000114440918,0.31442990899086,-8.482589721679688,-5.538179397583008,-1.424100637435913
3.884999990463257,-0.45181870460510254,-8.257153511047363,-8.079402923583984,-1.4443577527999878
3.890000104904175,0.9364444017410278,-8.797128677368164,-4.364377498626709,-1.4670954942703247
3.8949999809265137,-1.0339409112930298,-8.761080741882324,-6.503090858459473,-1.4916326999664307
3.9000000953674316,-0.5666180849075317,-8.982526779174805,-5.008358001708984,-1.517413854598999
3.9049999713897705,-0.07628396153450012,-8.811370849609375,-6.451934337615967,-1.5358785390853882
3.9100000858306885,0.07092240452766418,-9.366884231567383,-5.7523040771484375,-1.5689834356307983
3.9149999618530273,-0.07619553804397583,-9.455463409423828,-4.7656145095825195,-1.5917567014694214
3.9200000762939453,-0.5778354406356812,-9.141878128051758,-6.417479515075684,-1.6119639873504639
3.924999952316284,0.05074777454137802,-9.618831634521484,-5.425586223602295,-1.6420396566390991
3.930000066757202,-0.45608219504356384,-9.644166946411133,-5.869953632354736,-1.6592319011688232
3.934999942779541,0.43957698345184326,-9.477998733520508,-5.951535701751709,-1.677739143371582
3.940000057220459,-0.525814950466156,-9.780571937561035,-5.852288246154785,-1.7065069675445557
3.944999933242798,0.3226473331451416,-9.91576099395752,-3.806687831878662,-1.725028395652771
3.950000047683716,-0.46699976921081543,-9.707721710205078,-7.117973327636719,-1.743856430053711
3.9549999237060547,-0.09376922249794006,-10.607283592224121,-5.7775421142578125,-1.7637215852737427
3.9600000381469727,0.6111792325973511,-10.317153930664062,-4.906139850616455,-1.7838718891143799
3.9649999141693115,-0.10086551308631897,-10.19070816040039,-8.00221061706543,-1.8010640144348145
3.9700000286102295,0.2812801003456116,-10.816557884216309,-3.8338301181793213,-1.8225507736206055
3.9749999046325684,-0.26249244809150696,-10.591752052307129,-6.776913642883301,-1.8354485034942627
3.9800000190734863,0.4664175510406494,-10.414778709411621,-5.093516826629639,-1.8526407480239868
3.984999895095825,-1.0080121755599976,-10.906396865844727,-7.365167140960693,-1.869832992553711
3.990000009536743,0.035429127514362335,-10.881098747253418,-4.437415599822998,-1.8913195133209229
3.994999885559082,-0.052090518176555634,-11.02915096282959,-6.082167625427246,-1.9028167724609375
4,-0.10507988184690475,-10.838784217834473,-6.258254528045654,-1.912813425064087
4.005000114440918,0.027641087770462036,-11.170191764831543,-5.410856246948242,-1.9200018644332886
4.010000228881836,-0.29029202461242676,-11.074431419372559,-5.535630226135254,-1.9343072175979614
4.014999866485596,-0.07778242230415344,-11.20541000366211,-5.853417873382568,-1.9386160373687744
4.019999980926514,0.05993110314011574,-10.975103378295898,-6.6597700119018555,-1.9543720483779907
4.025000095367432,-0.007335341069847345,-11.458020210266113,-4.5601582527160645,-1.9686988592147827
4.03000020980835,-0.38048240542411804,-11.090341567993164,-6.705345630645752,-1.9715570211410522
4.034999847412109,-0.18873991072177887,-11.493212699890137,-5.6382527351379395,-1.977309226989746
4.039999961853027,0.007055739872157574,-11.257055282592773,-5.459175109863281,-1.9887421131134033
4.045000076293945,-0.45925891399383545,-11.373074531555176,-6.42746114730835,-1.9887421131134033
4.050000190734863,0.26078808307647705,-11.17212963104248,-5.638637065887451,-1.998810052871704
4.054999828338623,-0.30956363677978516,-11.406889915466309,-5.776533603668213,-2.0016326904296875
4.059999942779541,-0.23103667795658112,-11.389713287353516,-5.849450588226318,-2.005927085876465
4.065000057220459,0.07489993423223495,-11.213240623474121,-5.783380031585693,-2.0102217197418213
4.070000171661377,-0.07805067300796509,-11.061152458190918,-5.932129383087158,-2.0016326904296875
4.074999809265137,-0.273188978433609,-11.163094520568848,-5.341142654418945,-2.005927085876465
4.079999923706055,-0.15028707683086395,-11.009936332702637,-6.157298564910889,-2.0016326904296875
4.085000038146973,0.09032470732927322,-11.089578628540039,-5.747417449951172,-2.0016326904296875
4.090000152587891,-0.09899958223104477,-11.071486473083496,-5.505285263061523,-2.0016326904296875
4.09499979019165,-0.19465315341949463,-11.00098991394043,-5.886525630950928,-2.000089406967163
4.099999904632568,-0.09772123396396637,-10.960343360900879,-5.83915901184082,-1.9930366277694702
4.105000019073486,-0.10233549028635025,-10.721282958984375,-6.328517913818359,-1.9844475984573364
4.110000133514404,-0.05868471413850784,-10.864869117736816,-5.02930212020874,-1.9758586883544922
4.114999771118164,-0.13845762610435486,-10.668206214904785,-6.706187725067139,-1.9699925184249878
4.119999885559082,-0.008120426908135414,-10.62700366973877,-5.310450553894043,-1.9613893032073975
4.125,0.07249651849269867,-10.617269515991211,-5.487751007080078,-1.9441970586776733
4.130000114440918,-0.3120093047618866,-10.517186164855957,-6.049449443817139,-1.9457758665084839
4.135000228881836,-0.2814309895038605,-10.568493843078613,-5.729888916015625,-1.931292176246643
4.139999866485596,0.029387159273028374,-10.408222198486328,-5.550594329833984,-1.9157073497772217
4.144999980926514,0.29632166028022766,-10.188177108764648,-6.154521942138672,-1.893686056137085
4.150000095367432,-0.19080238044261932,-10.001899719238281,-5.719621658325195,-1.866824984550476
4.15500020980835,-0.4533858895301819,-9.633918762207031,-6.884547233581543,-1.8614791631698608
4.159999847412109,-0.18813364207744598,-9.99838638305664,-5.724565505981445,-1.8668107986450195
4.164999961853027,-0.30034980177879333,-9.619699478149414,-6.792577743530273,-1.8512614965438843
4.170000076293945,0.3742315471172333,-10.262956619262695,-4.243990421295166,-1.8367278575897217
4.175000190734863,-0.17080262303352356,-9.402359962463379,-7.62437629699707,-1.8221728801727295
4.179999828338623,0.6400597095489502,-9.841423034667969,-5.024074077606201,-1.7997063398361206
4.184999942779541,-0.5621305704116821,-9.454554557800293,-6.272953987121582,-1.7834798097610474
4.190000057220459,0.19807402789592743,-9.54920768737793,-5.221114635467529,-1.7610414028167725
4.195000171661377,-0.16177162528038025,-9.271050453186035,-6.786960601806641,-1.7507668733596802
4.199999809265137,0.06706081330776215,-9.261245727539062,-5.465473175048828,-1.7318817377090454
4.204999923706055,-0.10329646617174149,-9.238306045532227,-5.547971248626709,-1.7137808799743652
4.210000038146973,-0.026859479025006294,-8.939322471618652,-5.875330924987793,-1.6948957443237305
4.215000152587891,-0.07412423193454742,-8.88475227355957,-5.895147323608398,-1.6716947555541992
4.21999979019165,-0.037203263491392136,-8.992510795593262,-4.8215556144714355,-1.6562097072601318
4.224999904632568,-0.6232794523239136,-8.213542938232422,-6.102048397064209,-1.6261340379714966
4.230000019073486,0.4103173613548279,-9.012563705444336,-3.4831442832946777,-1.6132361888885498
4.235000133514404,-0.0845741257071495,-7.867782115936279,-9.047286987304688,-1.5857123136520386
4.239999771118164,-0.02459656447172165,-8.889998435974121,-2.977098226547241,-1.564211368560791
4.244999885559082,-0.46421709656715393,-8.12761402130127,-7.326671600341797,-1.5376354455947876
4.25,-0.6337214708328247,-7.858487129211426,-5.390440464019775,-1.5212236642837524
4.255000114440918,-0.8894612193107605,-7.67707633972168,-6.421730041503906,-1.4997227191925049
4.260000228881836,0.619657039642334,-7.393980026245117,-3.999843120574951,-1.4671168327331543
4.264999866485596,-0.8305429220199585,-7.2831854820251465,-8.748169898986816,-1.4499247074127197
4.269999980926514,0.49660882353782654,-7.991429805755615,-3.913210153579712,-1.4284378290176392
4.275000095367432,0.2523368000984192,-6.916353702545166,-6.506497383117676,-1.4112457036972046
4.28000020980835,-0.3477482199668884,-7.776340007781982,-5.217052936553955,-1.3879520893096924
4.284999847412109,0.2087135761976242,-7.1866960525512695,-6.55549955368042,-1.3596762418746948
4.289999961853027,-0.12666058540344238,-7.381533145904541,-3.8375649452209473,-1.3485995531082153
4.295000076293945,-0.05224087834358215,-6.570573329925537,-7.173252582550049,-1.3277651071548462
4.300000190734863,0.33711013197898865,-7.044395923614502,-4.187157154083252,-1.3019696474075317
4.304999828338623,0.049717977643013,-6.115000247955322,-7.8806023597717285,-1.2798590660095215
4.309999942779541,0.20993393659591675,-7.029098987579346,-4.4014410972595215,-1.260831594467163
4.315000057220459,0.4541096091270447,-6.373906135559082,-6.273001194000244,-1.241782546043396
4.320000171661377,-0.32805803418159485,-6.386739253997803,-6.1025614738464355,-1.215987205505371
4.324999809265137,0.038569506257772446,-6.397423267364502,-6.858519077301025,-1.1963573694229126
4.329999923706055,0.39022621512413025,-6.132577419281006,-4.267807483673096,-1.1705760955810547
4.335000038146973,-0.6045286059379578,-6.342442512512207,-7.0351691246032715,-1.1533838510513306
4.340000152587891,0.6929379105567932,-5.726895332336426,-4.2567458152771,-1.1361916065216064
4.34499979019165,-0.21309055387973785,-5.845534801483154,-7.484426975250244,-1.1189993619918823
4.349999904632568,0.5203767418861389,-5.90469217300415,-5.101271152496338,-1.1018072366714478
4.355000019073486,0.2545083165168762,-5.671030044555664,-5.482637405395508,-1.0846149921417236
4.360000133514404,-0.6134466528892517,-5.755648136138916,-5.988975524902344,-1.0717172622680664
4.364999771118164,0.641455888748169,-5.549708366394043,-5.483903408050537,-1.045936107635498
4.369999885559082,0.39376941323280334,-5.522587299346924,-4.381668567657471,-1.0330382585525513
4.375,-0.8085014224052429,-5.271315574645996,-7.497750282287598,-1.020140528678894
4.380000114440918,0.40136197209358215,-5.298864364624023,-5.362672328948975,-1.0048978328704834
4.385000228881836,-0.5824359059333801,-5.30489444732666,-6.058418273925781,-0.9986467957496643
4.389999866485596,0.284621924161911,-5.067068099975586,-5.671329021453857,-0.9857490658760071
4.394999980926514,-0.20851661264896393,-5.201170921325684,-5.585249900817871,-0.9748221635818481
4.400000095367432,0.19651071727275848,-5.039111137390137,-6.286107540130615,-0.9685497283935547
4.40500020980835,0.19976507127285004,-4.849709987640381,-5.99474573135376,-0.9513575434684753
4.409999847412109,-0.15043051540851593,-5.034698963165283,-5.197055339813232,-0.9361575245857239
4.414999961853027,0.27558204531669617,-5.07660436630249,-5.580413341522217,-0.929863691329956
4.420000076293945,-0.29486891627311707,-4.76616907119751,-6.1493330001831055,-0.9189724326133728
4.425000190734863,0.20718856155872345,-4.937257766723633,-5.461221694946289,-0.9126643538475037
4.429999828338623,-0.08428327739238739,-4.970743656158447,-5.974594593048096,-0.9060818552970886
4.434999942779541,0.11781671643257141,-4.889374732971191,-5.254561424255371,-0.9017874002456665
4.440000057220459,-0.18167799711227417,-4.822502136230469,-6.2806291580200195,-0.895457923412323
4.445000171661377,0.1476944535970688,-4.813111305236816,-5.381041049957275,-0.8888968229293823
4.449999809265137,0.11551056802272797,-4.972899913787842,-5.949727535247803,-0.8803077936172485
4.454999923706055,-0.030778061598539352,-4.860349178314209,-6.06806755065918,-0.8846023082733154
4.460000038146973,0.22656533122062683,-4.94771671295166,-5.384639739990234,-0.8888968229293823
4.465000152587891,0.11615907400846481,-5.011634349822998,-6.493984699249268,-0.8888967633247375
4.46999979019165,0.05832161381840706,-5.174746036529541,-4.979544639587402,-0.8803077936172485
4.474999904632568,-0.12234602868556976,-4.956338405609131,-6.199936866760254,-0.8846023678779602
4.480000019073486,0.04426560178399086,-5.160758018493652,-5.615386962890625,-0.8846023082733154
4.485000133514404,0.10052305459976196,-5.134028434753418,-5.570679664611816,-0.8888968229293823
4.489999771118164,-0.1970035284757614,-5.18941593170166,-6.003647804260254,-0.8952975869178772
4.494999885559082,0.008998330682516098,-5.203451156616211,-5.401237487792969,-0.9017874598503113
4.5,0.09961611777544022,-5.322244167327881,-5.8261237144470215,-0.9017874002456665
4.505000114440918,-0.12667140364646912,-5.424450397491455,-5.95643424987793,-0.908209502696991
4.510000228881836,0.47740688920021057,-5.106518268585205,-5.254783630371094,-0.9103835225105286
4.514999866485596,-0.5105974674224854,-5.45369815826416,-6.59094762802124,-0.9232669472694397
4.519999980926514,0.8405226469039917,-5.4448065757751465,-5.116829872131348,-0.9340049624443054
4.525000095367432,-0.7150036096572876,-5.526518821716309,-6.68792200088501,-0.940451979637146
4.53000020980835,0.49085959792137146,-5.729849815368652,-4.562220096588135,-0.9490410089492798
4.534999847412109,-0.626724362373352,-5.413955211639404,-6.666587829589844,-0.9619708061218262
4.539999961853027,0.5966702699661255,-5.564021110534668,-6.365991592407227,-0.970527708530426
4.545000076293945,-0.771121621131897,-6.045937538146973,-5.436695575714111,-0.9813013672828674
4.550000190734863,0.33268842101097107,-5.749075412750244,-4.989822864532471,-0.9877128005027771
4.554999828338623,-0.5747668147087097,-6.042357921600342,-6.319159984588623,-1.007089614868164
4.559999942779541,1.000993013381958,-5.619792938232422,-4.990914821624756,-1.0199873447418213
4.565000057220459,-0.47430047392845154,-6.024733543395996,-5.548878192901611,-1.0371795892715454
4.570000171661377,0.285836398601532,-6.270630359649658,-6.505190849304199,-1.0435625314712524
4.574999809265137,-0.6995877027511597,-6.3979034423828125,-6.383916854858398,-1.0609008073806763
4.579999923706055,0.32219433784484863,-6.31435489654541,-3.9761643409729004,-1.0736382007598877
4.585000038146973,-0.39718255400657654,-6.415721416473389,-7.396684169769287,-1.0887633562088013
4.590000152587891,-0.3845473527908325,-6.715181827545166,-4.99042272567749,-1.1082043647766113
4.59499979019165,0.4843764305114746,-6.568395137786865,-5.67078971862793,-1.1360384225845337
4.599999904632568,-0.4216824769973755,-6.862536907196045,-5.703701972961426,-1.1466730833053589
4.605000019073486,-0.5382270812988281,-6.854753017425537,-7.097625255584717,-1.166121244430542
4.610000133514404,0.33409354090690613,-7.074642181396484,-5.297484397888184,-1.1812962293624878
4.614999771118164,-0.5136926770210266,-7.192759990692139,-6.033741474151611,-1.2048072814941406
4.619999885559082,-0.21622994542121887,-6.997066974639893,-5.488588809967041,-1.2177050113677979
4.625,1.544211506843567,-6.951785087585449,-6.379910945892334,-1.2434861660003662
4.630000114440918,-0.7212194800376892,-7.192006587982178,-6.027622222900391,-1.2649728059768677
4.635000228881836,0.026975862681865692,-7.956945896148682,-5.3026957511901855,-1.2821650505065918
4.639999866485596,0.0031734637450426817,-7.405338764190674,-6.186587810516357,-1.2993571758270264
4.644999980926514,0.10611696541309357,-8.179671287536621,-5.453554630279541,-1.314582109451294
4.650000095367432,-0.24385656416416168,-7.608190059661865,-5.961625099182129,-1.3380433320999146
4.65500020980835,-0.1773369312286377,-7.84207820892334,-5.715670585632324,-1.3595300912857056
4.659999847412109,0.25209614634513855,-8.371267318725586,-4.931565284729004,-1.381016731262207
4.664999961853027,-0.3658682405948639,-7.797536373138428,-7.613997459411621,-1.3982089757919312
4.670000076293945,0.3614175021648407,-8.48386001586914,-3.69020938873291,-1.4177640676498413
4.675000190734863,-0.2484983652830124,-8.09842300415039,-9.154744148254395,-1.4431140422821045
4.679999828338623,0.6320141553878784,-8.958470344543457,-3.424516201019287,-1.456457257270813
4.684999942779541,0.5709301829338074,-8.311676025390625,-6.484018325805664,-1.4755738973617554
4.690000057220459,-0.09344400465488434,-9.092545509338379,-4.795623302459717,-1.4970606565475464
4.695000171661377,0.2729654014110565,-8.575634002685547,-7.453198432922363,-1.509958267211914
4.699999809265137,0.13683973252773285,-9.078028678894043,-3.4683163166046143,-1.531445026397705
4.704999923706055,-1.0825086832046509,-9.297660827636719,-7.864801406860352,-1.552931785583496
4.710000038146973,0.9525609612464905,-8.64583969116211,-5.000667095184326,-1.5744184255599976
4.715000152587891,-0.8828012347221375,-9.189647674560547,-6.389402389526367,-1.5916105508804321
4.71999979019165,0.7369896173477173,-9.345756530761719,-4.9311370849609375,-1.600213885307312
4.724999904632568,-0.11573216319084167,-9.223941802978516,-5.707026481628418,-1.621700644493103
4.730000019073486,-0.0841958150267601,-9.607897758483887,-6.536180019378662,-1.6388927698135376
4.735000133514404,-0.02811916172504425,-9.648579597473145,-4.9835004806518555,-1.660379409790039
4.739999771118164,0.25056222081184387,-9.232649803161621,-5.571976661682129,-1.668982744216919
4.744999885559082,-0.3868348300457001,-10.133304595947266,-5.89307165145874,-1.69046950340271
4.75,-0.439033180475235,-9.70033073425293,-5.855136871337891,-1.7119560241699219
4.755000114440918,-0.2805534899234772,-9.947312355041504,-5.866265296936035,-1.7205592393875122
4.760000228881836,0.19182667136192322,-10.082053184509277,-5.016817569732666,-1.7309658527374268
4.764999866485596,-0.20305532217025757,-9.940322875976562,-6.637470245361328,-1.7463476657867432
4.769999980926514,0.1077686995267868,-10.217415809631348,-4.864872932434082,-1.7592452764511108
4.775000095367432,-0.8747037053108215,-10.058638572692871,-7.419528484344482,-1.7764376401901245
4.78000020980835,0.2782881259918213,-10.329397201538086,-3.888054847717285,-1.7893352508544922
4.784999847412109,-0.09484418481588364,-10.198934555053711,-7.040348529815674,-1.8040006160736084
4.789999961853027,-0.12452246993780136,-10.387558937072754,-5.98925256729126,-1.8065345287322998
4.795000076293945,0.14481545984745026,-10.42512035369873,-5.083224773406982,-1.8194323778152466
4.800000190734863,-0.014819753356277943,-10.430140495300293,-6.5797600746154785,-1.8297818899154663
4.804999828338623,0.010574404150247574,-10.501901626586914,-5.219646453857422,-1.8366317749023438
4.809999942779541,0.06669332087039948,-10.66731071472168,-6.0547332763671875,-1.8469669818878174
4.815000057220459,-0.39683565497398376,-10.498082160949707,-5.615236282348633,-1.8538310527801514
4.820000171661377,-0.36165881156921387,-10.706222534179688,-5.879544734954834,-1.8641520738601685
4.824999809265137,-0.08395019173622131,-10.410482406616211,-5.743991374969482,-1.8641520738601685
4.829999923706055,-0.08111733198165894,-10.59835147857666,-5.648039817810059,-1.8684465885162354
4.835000038146973,0.05356289818882942,-10.644525527954102,-5.88228702545166,-1.8727411031723022
4.840000152587891,-0.18478301167488098,-10.746495246887207,-5.800095558166504,-1.8727411031723022
4.84499979019165,-0.1894945502281189,-10.6963472366333,-5.856929302215576,-1.8839423656463623
4.849999904632568,-0.09417799115180969,-10.706396102905273,-5.783911228179932,-1.881337285041809
4.855000019073486,-0.13119721412658691,-10.4514799118042,-5.906219005584717,-1.8899260759353638
4.860000133514404,-0.09075169265270233,-10.339035987854004,-5.912179946899414,-1.8813371658325195
4.864999771118164,0.09744949638843536,-10.265923500061035,-5.76799201965332,-1.881337285041809
4.869999885559082,-0.14180433750152588,-10.285331726074219,-5.822244644165039,-1.881337285041809
4.875,-0.24410614371299744,-10.309783935546875,-5.628218173980713,-1.8786821365356445
4.880000114440918,-0.14673598110675812,-10.25354290008545,-6.095791339874268,-1.8727411031723022
4.885000228881836,-0.016469530761241913,-10.384242057800293,-5.699335098266602,-1.8770356178283691
4.889999866485596,0.03583690896630287,-10.268248558044434,-5.399423599243164,-1.8727411031723022
4.894999980926514,-0.4493504464626312,-10.2169189453125,-6.580801010131836,-1.8684465885162354
4.900000095367432,0.10998543351888657,-10.279594421386719,-4.738683700561523,-1.8684465885162354
4.90500020980835,-0.27763620018959045,-10.017727851867676,-6.3518877029418945,-1.8571597337722778
4.909999847412109,-0.15292631089687347,-10.136421203613281,-5.836604595184326,-1.8555558919906616
4.914999961853027,0.3050382435321808,-9.957161903381348,-5.717940807342529,-1.8399604558944702
4.920000076293945,-0.05819735303521156,-9.932430267333984,-6.439015865325928,-1.8383709192276
4.925000190734863,0.21685336530208588,-10.01839542388916,-5.179205417633057,-1.82705557346344
4.929999828338623,0.023998603224754333,-9.791854858398438,-6.337632656097412,-1.8211857080459595
4.934999942779541,-0.07699930667877197,-9.864439010620117,-5.252045631408691,-1.8055616617202759
4.940000057220459,-0.08230040967464447,-9.7075777053833,-6.6884589195251465,-1.8012529611587524
4.945000171661377,-0.2823113799095154,-9.782303810119629,-5.21698522567749,-1.7868156433105469
4.949999809265137,-0.13194891810417175,-9.657480239868164,-5.647584915161133,-1.78252112865448
4.954999923706055,-0.48544207215309143,-9.532397270202637,-5.9926323890686035,-1.775457501411438
4.960000038146973,0.08688562363386154,-9.59630012512207,-6.049405574798584,-1.7582652568817139
4.965000152587891,0.3051748275756836,-9.347424507141113,-5.120669364929199,-1.7410730123519897
4.96999979019165,-0.3220916986465454,-9.237442016601562,-6.139158248901367,-1.7309658527374268
4.974999904632568,-0.10364235192537308,-9.340483665466309,-6.072332382202148,-1.715284824371338
4.980000019073486,0.30426499247550964,-9.080365180969238,-5.608092784881592,-1.6980925798416138
4.985000133514404,-0.11498736590147018,-9.10833740234375,-4.835072040557861,-1.6894893646240234
4.989999771118164,-0.347611665725708,-8.910250663757324,-8.292988777160645,-1.6694780588150024
4.994999885559082,0.5051091909408569,-9.184283256530762,-3.0132672786712646,-1.660750150680542
5,-0.45494532585144043,-8.474061012268066,-7.65540075302124,-1.6393810510635376
5.005000114440918,0.4314195215702057,-8.74724006652832,-4.385749816894531,-1.619266390800476
5.010000228881836,-0.396793395280838,-8.639689445495605,-7.140437602996826,-1.6049822568893433
5.014999866485596,-0.25966551899909973,-8.628884315490723,-3.826735019683838,-1.584896206855774
5.019999980926514,-0.13853228092193604,-7.980030536651611,-7.523086071014404,-1.5662891864776611
5.025000095367432,0.06941117346286774,-8.651294708251953,-4.3827924728393555,-1.5519516468048096
5.03000020980835,-0.3509170711040497,-8.076372146606445,-6.653254508972168,-1.5390539169311523
5.034999847412109,0.041449472308158875,-8.208688735961914,-4.309239864349365,-1.5247448682785034
5.039999961853027,-0.6965132355690002,-7.607036590576172,-8.400328636169434,-1.501786231994629
5.045000076293945,-0.16256555914878845,-8.183893203735352,-3.8627328872680664,-1.483182668685913
5.050000190734863,-0.19340923428535461,-7.60771369934082,-5.87257719039917,-1.4616961479187012
5.054999828338623,0.09561597555875778,-7.926670551300049,-5.7770094871521,-1.4530929327011108
5.059999942779541,-0.11618808656930923,-7.6954827308654785,-6.24188232421875,-1.4345250129699707
5.065000057220459,-0.12713022530078888,-7.481752395629883,-6.195028305053711,-1.4157896041870117
5.070000171661377,-0.19244234263896942,-7.574389457702637,-5.206401824951172,-1.4058107137680054
5.074999809265137,0.2639579474925995,-7.372017860412598,-5.760965824127197,-1.3843239545822144
5.079999923706055,0.09807932376861572,-7.362076282501221,-5.697880744934082,-1.362837314605713
5.085000038146973,-0.15841704607009888,-7.1270365715026855,-5.968273639678955,-1.3456450700759888
5.090000152587891,-0.21540164947509766,-7.051445007324219,-5.748414993286133,-1.3284528255462646
5.09499979019165,0.11772924661636353,-6.862224578857422,-5.895009994506836,-1.3069661855697632
5.099999904632568,-0.05712534859776497,-7.158509254455566,-5.426450252532959,-1.2983629703521729
5.105000019073486,0.5036411285400391,-6.776551246643066,-6.105532169342041,-1.2768762111663818
5.110000133514404,0.15797632932662964,-6.721359729766846,-5.475340843200684,-1.2596839666366577
5.114999771118164,0.5770959854125977,-6.498189449310303,-6.031283855438232,-1.2454890012741089
5.119999885559082,0.53718501329422,-6.899139881134033,-6.009507179260254,-1.2265968322753906
5.125,-0.471736878156662,-6.483159065246582,-6.414931297302246,-1.2111189365386963
5.130000114440918,0.13087047636508942,-6.617798805236816,-4.406354904174805,-1.2038058042526245
5.135000228881836,-0.4174603223800659,-6.344799518585205,-7.339472770690918,-1.1939338445663452
5.139999866485596,0.392926424741745,-6.355136394500732,-4.489297866821289,-1.179279088973999
5.144999980926514,-0.38298603892326355,-6.241052150726318,-6.456768035888672,-1.16385817527771
5.150000095367432,0.4683670401573181,-5.906838893890381,-5.747193813323975,-1.1479275226593018
5.15500020980835,-0.22868826985359192,-6.3603620529174805,-5.01435661315918,-1.135029911994934
5.159999847412109,0.08839685469865799,-5.711674213409424,-7.157710552215576,-1.1221320629119873
5.164999961853027,-0.06676852703094482,-6.400424480438232,-4.116372585296631,-1.1123027801513672
5.170000076293945,0.704810619354248,-5.621212482452393,-7.357499599456787,-1.096343755722046
5.175000190734863,-0.155494824051857,-5.918889999389648,-5.327098369598389,-1.0877405405044556
5.179999828338623,-0.2249288558959961,-5.7916717529296875,-5.909236431121826,-1.0779327154159546
5.184999942779541,-0.3261517882347107,-5.766099452972412,-5.778508186340332,-1.0705411434173584
5.190000057220459,0.36800190806388855,-5.579135894775391,-5.891214370727539,-1.0533490180969238
5.195000171661377,-0.24957036972045898,-5.628349781036377,-6.111068248748779,-1.0435625314712524
5.199999809265137,0.37704768776893616,-5.5612382888793945,-5.125469207763672,-1.0361496210098267
5.204999923706055,0.010236387141048908,-5.570993423461914,-5.831425189971924,-1.0306718349456787
5.210000038146973,0.07084085047245026,-5.432889461517334,-6.118195533752441,-1.0349663496017456
5.215000152587891,-0.22081376612186432,-5.637248516082764,-5.637086391448975,-1.0177884101867676
5.21999979019165,0.16778555512428284,-5.616166114807129,-5.092160701751709,-1.0177884101867676
5.224999904632568,-0.058166902512311935,-5.516866683959961,-6.134407043457031,-1.0103398561477661
5.230000019073486,0.07747729122638702,-5.559059143066406,-5.8454437255859375,-1.0048978328704834
5.235000133514404,-0.0601419098675251,-5.491165637969971,-5.803503513336182,-1.0048978328704834
5.239999771118164,0.04870201647281647,-5.5929975509643555,-5.460219383239746,-1.0048978328704834
5.244999885559082,0.08665274828672409,-5.491964340209961,-6.13137674331665,-1.0048978328704834
5.25,0.13502193987369537,-5.625013828277588,-5.753071308135986,-1.000603437423706
5.255000114440918,0.09015471488237381,-5.679303169250488,-5.859008312225342,-1.0048978328704834
5.260000228881836,0.02809111960232258,-5.723283290863037,-5.594030380249023,-1.0048978328704834
5.264999866485596,-0.08221392333507538,-5.802783489227295,-5.740965366363525,-1.0016868114471436
5.269999980926514,0.014058693312108517,-5.812127113342285,-6.161717414855957,-1.0038143396377563
5.275000095367432,0.1087542474269867,-5.86294412612915,-5.280784606933594,-1.0006033182144165
5.28000020980835,-0.058357514441013336,-5.871214389801025,-5.888223171234131,-1.0048978328704834
5.284999847412109,0.13650566339492798,-5.823980331420898,-5.807821273803711,-1.0091923475265503
5.289999961853027,0.03442492336034775,-5.8730387687683105,-5.599630355834961,-1.0091923475265503
5.295000076293945,0.2354469895362854,-5.946094989776611,-5.608701229095459,-1.0167405605316162
5.300000190734863,-0.004963350016623735,-5.916561126708984,-6.011802673339844,-1.022082805633545
5.304999828338623,0.14046844840049744,-6.046255588531494,-5.3016204833984375,-1.0263774394989014
5.309999942779541,0.021060658618807793,-5.922253131866455,-6.464025974273682,-1.0296525955200195
5.315000057220459,-0.3344900608062744,-6.1492180824279785,-5.50984525680542,-1.0392680168151855
5.320000171661377,0.3556615114212036,-5.992587566375732,-5.339658737182617,-1.0425574779510498
5.324999809265137,-0.4698895514011383,-6.113711833953857,-6.336085796356201,-1.0564531087875366
5.329999923706055,0.4253019094467163,-6.181251049041748,-5.638760566711426,-1.0564531087875366
5.335000038146973,-0.27969178557395935,-6.29793643951416,-6.398345947265625,-1.0726474523544312
5.340000152587891,0.04241931065917015,-6.433563709259033,-4.570281028747559,-1.0736382007598877
5.34499979019165,0.0905693843960762,-6.120706081390381,-6.982104301452637,-1.0855523347854614
5.349999904632568,0.04125887155532837,-6.947913646697998,-4.960539817810059,-1.0941555500030518
5.355000019073486,0.013648937456309795,-6.218702793121338,-6.118386745452881,-1.1113476753234863
5.360000133514404,0.02982737496495247,-6.581817626953125,-5.437321662902832,-1.125193476676941
5.364999771118164,0.38511279225349426,-6.541303634643555,-5.519745349884033,-1.1337825059890747
5.369999885559082,-0.4421411454677582,-6.8917670249938965,-7.441502571105957,-1.1414377689361572
5.375,0.5617596507072449,-6.568586349487305,-3.7436165809631348,-1.1543354988098145
5.380000114440918,-0.5857325792312622,-6.910945415496826,-7.172011852264404,-1.16385817527771
5.385000228881836,0.4318980276584625,-7.023041725158691,-5.346404552459717,-1.1878002882003784
5.389999866485596,-0.06135737523436546,-6.950957298278809,-5.375202178955078,-1.1939338445663452
5.394999980926514,-0.2548862099647522,-7.216242790222168,-6.976258754730225,-1.2102136611938477
5.400000095367432,0.6317576766014099,-7.1185197830200195,-4.731040000915527,-1.2240023612976074
5.40500020980835,-0.11102752387523651,-7.485695838928223,-5.962684154510498,-1.2317074537277222
5.409999847412109,0.07469162344932556,-7.258596420288086,-6.123237609863281,-1.2488996982574463
5.414999961853027,-0.013697621412575245,-7.368868827819824,-5.413862228393555,-1.2660918235778809
5.420000076293945,0.094472236931324,-7.499257564544678,-6.419055938720703,-1.283284068107605
5.425000190734863,-0.14770086109638214,-7.680609703063965,-4.829474449157715,-1.2918872833251953
5.429999828338623,0.12443249672651291,-7.455176830291748,-7.327747821807861,-1.3090795278549194
5.434999942779541,0.15481434762477875,-8.044727325439453,-4.210362434387207,-1.326271653175354
5.440000057220459,0.14823585748672485,-7.608816146850586,-6.403929710388184,-1.3434640169143677
5.445000171661377,-0.36609718203544617,-7.93221378326416,-6.354036808013916,-1.3571885824203491
5.449999809265137,0.36995235085487366,-7.996310710906982,-4.518266201019287,-1.369252324104309
5.454999923706055,-0.32912904024124146,-8.16772174835205,-7.152098178863525,-1.3821499347686768
5.460000038146973,0.24380691349506378,-8.059033393859863,-4.8436994552612305,-1.4028313159942627
5.465000152587891,-0.5157590508460999,-8.512988090515137,-7.0263848304748535,-1.4173399209976196
5.46999979019165,0.5667689442634583,-8.136042594909668,-3.36283016204834,-1.4294321537017822
5.474999904632568,-0.5907270908355713,-8.804986000061035,-7.833596706390381,-1.4509189128875732
5.480000019073486,0.2237924486398697,-8.555874824523926,-5.354897975921631,-1.46381676197052
5.485000133514404,0.4754486083984375,-8.553793907165527,-5.4188151359558105,-1.4853031635284424
5.489999771118164,-0.14434242248535156,-8.7356538772583,-5.7774200439453125,-1.5067899227142334
5.494999885559082,0.04395216703414917,-8.867039680480957,-5.898152828216553,-1.5075596570968628
5.5,-0.5113619565963745,-8.583999633789062,-6.120649337768555,-1.5239893198013306
5.505000114440918,0.34044501185417175,-9.0643310546875,-5.334386825561523,-1.5411815643310547
5.510000228881836,-0.7518715262413025,-9.014577865600586,-6.281768321990967,-1.554079294204712
5.514999866485596,0.3547201454639435,-9.2155179977417,-5.740522861480713,-1.5669769048690796
5.519999980926514,0.4572814106941223,-9.034302711486816,-5.305629730224609,-1.5720056295394897
5.525000095367432,-0.78180330991745,-9.159114837646484,-6.592477798461914,-1.5841763019561768
5.53000020980835,-0.07345113158226013,-9.345425605773926,-4.239088535308838,-1.6013685464859009
5.534999847412109,-0.6840332746505737,-9.070927619934082,-5.929924488067627,-1.614266276359558
5.539999961853027,0.5819971561431885,-9.32847785949707,-6.3237457275390625,-1.6278554201126099
5.545000076293945,-0.6416480541229248,-9.359945297241211,-5.8217573165893555,-1.6400545835494995
5.550000190734863,0.2747812271118164,-9.378934860229492,-4.962112903594971,-1.6529523134231567
5.554999828338623,-0.2017720639705658,-9.697093963623047,-6.142810821533203,-1.6744389533996582
5.559999942779541,-0.06550981849431992,-9.586043357849121,-5.6986565589904785,-1.6751161813735962
5.565000057220459,-0.07991662621498108,-9.41028118133545,-6.467540740966797,-1.6830494403839111
5.570000171661377,-0.02358940802514553,-9.86772632598877,-4.886791706085205,-1.6965957880020142
5.574999809265137,-0.04697810485959053,-9.694561958312988,-6.608285427093506,-1.7088377475738525
5.579999923706055,-0.13849005103111267,-10.015447616577148,-5.4415082931518555,-1.7137807607650757
5.585000038146973,0.531042754650116,-9.754462242126465,-5.994673252105713,-1.7260370254516602
5.590000152587891,-0.6401574611663818,-10.140890121459961,-5.887312889099121,-1.7309658527374268
5.59499979019165,0.18130213022232056,-9.755443572998047,-5.3376994132995605,-1.7352603673934937
5.599999904632568,-0.5354393720626831,-10.044112205505371,-6.550216197967529,-1.743849277496338
5.605000019073486,0.4355788230895996,-9.865957260131836,-4.900022983551025,-1.7432506084442139
5.610000133514404,-0.25208085775375366,-10.044096946716309,-6.580167770385742,-1.7481509447097778
5.614999771118164,0.12087062001228333,-9.72354793548584,-5.13596773147583,-1.7524453401565552
5.619999885559082,-0.19747419655323029,-10.211819648742676,-5.9160943031311035,-1.760456919670105
5.625,-0.1468430608510971,-9.841917037963867,-5.913736820220947,-1.761041522026062
5.630000114440918,0.17210111021995544,-9.899945259094238,-5.471790313720703,-1.765336036682129
5.635000228881836,-0.020252520218491554,-9.819026947021484,-6.2400803565979,-1.769074559211731
5.639999866485596,-0.17497768998146057,-10.05805778503418,-5.705063343048096,-1.770186424255371
5.644999980926514,-0.1268119215965271,-9.817473411560059,-5.660861015319824,-1.7733832597732544
5.650000095367432,-0.1665981411933899,-9.786622047424316,-6.18808650970459,-1.7701722383499146
5.65500020980835,0.1267131119966507,-9.657698631286621,-5.757558345794678,-1.7739250659942627
5.659999847412109,0.01871126890182495,-9.8082275390625,-5.723625659942627,-1.773404598236084
5.664999961853027,0.016199765726923943,-9.712835311889648,-5.847677230834961,-1.7701507806777954
5.670000076293945,-0.003312597516924143,-9.781557083129883,-5.854998588562012,-1.765336036682129
5.675000190734863,-0.13527105748653412,-9.666994094848633,-5.686244487762451,-1.7696305513381958
5.679999828338623,-0.13969962298870087,-9.753105163574219,-5.437764644622803,-1.765336036682129
5.684999942779541,-0.15860962867736816,-9.610116004943848,-6.237898826599121,-1.761041522026062
5.690000057220459,0.03618964925408363,-9.655505180358887,-5.292587757110596,-1.7529301643371582
5.695000171661377,-0.11815918982028961,-9.616059303283691,-5.941931247711182,-1.7524453401565552
5.699999809265137,-0.23139235377311707,-9.528375625610352,-5.963790416717529,-1.743856430053711
5.704999923706055,-0.0700710341334343,-9.652843475341797,-5.353296279907227,-1.743856430053711
5.710000038146973,0.0010520837968215346,-9.26668643951416,-6.780979633331299,-1.735716462135315
5.715000152587891,0.04169120267033577,-9.653669357299805,-4.441060543060303,-1.7395548820495605
5.71999979019165,0.11647448688745499,-9.164016723632812,-7.031891345977783,-1.7271060943603516
5.724999904632568,0.09120707958936691,-9.57610034942627,-5.057320594787598,-1.7262364625930786
5.730000019073486,-0.2037607878446579,-9.099180221557617,-6.286346435546875,-1.7142084836959839
5.735000133514404,0.1649920493364334,-9.488046646118164,-5.604572772979736,-1.7056052684783936
5.739999771118164,-0.14372333884239197,-9.277304649353027,-5.633968830108643,-1.6923012733459473
5.744999885559082,0.014686583541333675,-9.21754264831543,-5.908897399902344,-1.684111475944519
5.75,0.041722651571035385,-9.018964767456055,-5.961691379547119,-1.6837050914764404
5.755000114440918,0.050905968993902206,-9.133654594421387,-5.639691352844238,-1.6708216667175293
5.760000228881836,-0.2572856843471527,-9.066930770874023,-5.8820719718933105,-1.6583160161972046
5.764999866485596,0.2157096117734909,-9.06692123413086,-5.224899768829346,-1.6454182863235474
5.769999980926514,-0.24745973944664001,-8.944634437561035,-5.9140849113464355,-1.636815071105957
5.775000095367432,-0.15432946383953094,-8.703662872314453,-6.461809158325195,-1.619622826576233
5.78000020980835,0.3489621877670288,-8.825281143188477,-4.654603481292725,-1.6106702089309692
5.784999847412109,-0.3009168207645416,-8.752659797668457,-7.0896782875061035,-1.6067179441452026
5.789999961853027,0.44281861186027527,-8.64354133605957,-5.214507102966309,-1.597779631614685
5.795000076293945,0.08184001594781876,-8.479448318481445,-5.363920211791992,-1.5891907215118408
5.800000190734863,-0.45901423692703247,-8.332134246826172,-7.373762607574463,-1.5809224843978882
5.804999828338623,0.2503116726875305,-8.440943717956543,-5.119654655456543,-1.563730239868164
5.809999942779541,-0.01409852970391512,-8.27667236328125,-5.2196831703186035,-1.5508326292037964
5.815000057220459,-0.06290299445390701,-8.394684791564941,-6.074818134307861,-1.5333409309387207
5.820000171661377,0.36998966336250305,-8.09611701965332,-5.131778240203857,-1.5250440835952759
5.824999809265137,-0.23968446254730225,-8.193511962890625,-6.95852518081665,-1.5078519582748413
5.829999923706055,-0.06995508819818497,-7.915144443511963,-5.52134370803833,-1.4949543476104736
5.835000038146973,0.19479115307331085,-8.131525039672852,-5.331614971160889,-1.4903745651245117
5.840000152587891,-0.32101479172706604,-7.718990802764893,-5.555621147155762,-1.4734605550765991
5.84499979019165,0.05264026299118996,-8.047053337097168,-6.046870231628418,-1.4648573398590088
5.849999904632568,-0.002957873744890094,-7.375311851501465,-5.733461380004883,-1.4433705806732178
5.855000019073486,-0.10949172079563141,-8.041608810424805,-5.567265510559082,-1.4304728507995605
5.860000133514404,-0.18013925850391388,-7.321079254150391,-6.153740406036377,-1.4175751209259033
5.864999771118164,0.006756065413355827,-7.720517635345459,-5.330715179443359,-1.404677391052246
5.869999885559082,0.29635506868362427,-7.209320545196533,-6.320958614349365,-1.3915587663650513
5.875,0.030902329832315445,-7.61547327041626,-5.199192523956299,-1.3786753416061401
5.880000114440918,-0.23479509353637695,-7.200019836425781,-6.536329746246338,-1.365998387336731
5.885000228881836,0.3273254334926605,-7.255443572998047,-4.732303142547607,-1.3488062620162964
5.889999866485596,-0.1893559992313385,-7.401956081390381,-6.039999008178711,-1.3359085321426392
5.894999980926514,0.14973728358745575,-7.1524248123168945,-6.342741966247559,-1.3271199464797974
5.900000095367432,0.020516300573945045,-6.891335964202881,-5.587143898010254,-1.314414620399475
5.90500020980835,0.21912121772766113,-7.045001983642578,-5.351189136505127,-1.3015170097351074
5.909999847412109,-0.31141188740730286,-7.046848297119141,-6.17952823638916,-1.2886191606521606
5.914999961853027,0.17376267910003662,-7.173377990722656,-5.553051471710205,-1.284153699874878
5.920000076293945,0.0674842968583107,-6.64787483215332,-6.0855326652526855,-1.271419882774353
5.925000190734863,0.17420288920402527,-6.755367755889893,-5.50121545791626,-1.2499332427978516
5.929999828338623,-0.16150829195976257,-6.521481990814209,-6.695361137390137,-1.2454890012741089
5.934999942779541,-0.16082341969013214,-6.649019241333008,-5.637828350067139,-1.2370283603668213
5.940000057220459,0.08016271144151688,-6.552671909332275,-4.71597957611084,-1.2155417203903198
5.945000171661377,-0.2245466262102127,-6.454670429229736,-6.921165943145752,-1.2154133319854736
5.949999809265137,0.1306179165840149,-6.286408424377441,-5.706508636474609,-1.2026368379592896
5.954999923706055,0.045157793909311295,-6.677107334136963,-4.935657501220703,-1.1982282400131226
5.960000038146973,0.17283707857131958,-6.317790508270264,-5.869068145751953,-1.181143045425415
5.965000152587891,-0.195867657661438,-6.566380023956299,-6.496433734893799,-1.181043267250061
5.96999979019165,0.45456060767173767,-6.108621120452881,-5.823995590209961,-1.1725326776504517
5.974999904632568,-0.19667929410934448,-6.639485836029053,-4.481880187988281,-1.16385817527771
5.980000019073486,0.16548727452754974,-6.182050704956055,-6.997768402099609,-1.1553332805633545
5.985000133514404,-0.14484448730945587,-6.436545372009277,-5.051372528076172,-1.15955650806427
5.989999771118164,0.7263441681861877,-5.98178768157959,-6.8836283683776855,-1.1466730833053589
5.994999885559082,-0.16633480787277222,-6.386576175689697,-4.975628852844238,-1.1381268501281738
6,0.2860044240951538,-6.08437442779541,-6.022137641906738,-1.1337825059890747
6.005000114440918,-0.42323800921440125,-6.152604103088379,-6.298345565795898,-1.138076901435852
6.010000228881836,0.21113073825836182,-6.054981231689453,-4.977460861206055,-1.1294879913330078
6.014999866485596,-0.1533527821302414,-6.129051208496094,-6.334137439727783,-1.1294879913330078
6.019999980926514,0.21108750998973846,-6.094815254211426,-5.080817699432373,-1.1166115999221802
6.025000095367432,-0.07960416376590729,-6.074758052825928,-6.2821807861328125,-1.1208919286727905
6.03000020980835,-0.002476408379152417,-6.107951641082764,-5.485697269439697,-1.116597294807434
6.034999847412109,0.05592408776283264,-6.158756732940674,-5.503443717956543,-1.1080082654953003
6.039999961853027,0.0027686827816069126,-6.103604793548584,-6.197255611419678,-1.1080297231674194
6.045000076293945,0.15900608897209167,-6.252530097961426,-5.4516096115112305,-1.1122814416885376
6.050000190734863,-0.007016973104327917,-6.240737438201904,-6.15453577041626,-1.103713870048523
6.054999828338623,0.004735841415822506,-6.377126216888428,-5.465731620788574,-1.103713870048523
6.059999942779541,-0.009091222658753395,-6.324024200439453,-5.93948221206665,-1.1080083847045898
6.065000057220459,0.06658816337585449,-6.2937846183776855,-5.8025031089782715,-1.103713870048523
6.070000171661377,-0.04829870164394379,-6.332679748535156,-5.433765411376953,-1.1080725193023682
6.074999809265137,-0.021884603425860405,-6.367403030395508,-6.270000457763672,-1.1166044473648071
6.079999923706055,0.10932807624340057,-6.456663131713867,-5.44436502456665,-1.1123099327087402
6.085000038146973,-0.01398356445133686,-6.4028472900390625,-6.167933464050293,-1.1166045665740967
6.090000152587891,0.1735435575246811,-6.420193672180176,-5.1132426261901855,-1.1252862215042114
6.09499979019165,-0.11222726851701736,-6.468479156494141,-6.563632011413574,-1.1294951438903809
6.099999904632568,0.27873027324676514,-6.439175605773926,-4.943157196044922,-1.1337896585464478
6.105000019073486,-0.1870940774679184,-6.599977493286133,-6.067224502563477,-1.1337896585464478
6.110000133514404,0.013114416971802711,-6.44697380065918,-6.007598876953125,-1.1424996852874756
6.114999771118164,0.26178643107414246,-6.692002296447754,-5.492246627807617,-1.1465518474578857
6.119999885559082,0.040682077407836914,-6.574330806732178,-5.73728084564209,-1.1468085050582886
6.125,-0.09040975570678711,-6.946933746337891,-5.985584259033203,-1.159563660621643
6.130000114440918,0.06997223198413849,-6.566585063934326,-5.808069229125977,-1.1640079021453857
6.135000228881836,-0.3158227503299713,-6.918805122375488,-5.7999749183654785,-1.16815984249115
6.139999866485596,0.36914464831352234,-6.754558086395264,-5.643867015838623,-1.1726181507110596
6.144999980926514,-0.3031482696533203,-7.01708984375,-6.025429725646973,-1.1896392107009888
6.150000095367432,0.24248823523521423,-6.869917869567871,-5.668503284454346,-1.1939338445663452
6.15500020980835,-0.03305475413799286,-7.012363910675049,-5.530461311340332,-1.1941190958023071
6.159999847412109,-0.22505952417850494,-7.123631477355957,-6.0611443519592285,-1.2111189365386963
6.164999961853027,0.38159215450286865,-7.0688300132751465,-5.684962272644043,-1.2156130075454712
6.170000076293945,0.09016747772693634,-7.026677131652832,-5.742184638977051,-1.2242162227630615
6.175000190734863,-0.007945528253912926,-7.248824119567871,-5.565650463104248,-1.2326055765151978
6.179999828338623,-0.19082693755626678,-7.364173889160156,-5.864086151123047,-1.2411946058273315
6.184999942779541,-0.01653929054737091,-6.945807456970215,-5.855003356933594,-1.2543059587478638
6.190000057220459,0.48168015480041504,-7.39016580581665,-5.809094429016113,-1.2629092931747437
6.195000171661377,0.05666494369506836,-7.371357440948486,-5.632699489593506,-1.2758070230484009
6.199999809265137,-0.14218950271606445,-7.486661434173584,-6.596983432769775,-1.284160852432251
6.204999923706055,-0.08151431381702423,-7.533098220825195,-5.489925861358643,-1.297300934791565
6.210000038146973,0.30960726737976074,-7.423220634460449,-5.608038902282715,-1.3099348545074463
6.215000152587891,0.14381518959999084,-7.554046630859375,-6.25712776184082,-1.3187947273254395
6.21999979019165,0.0595390647649765,-7.863353729248047,-5.00126314163208,-1.3316923379898071
6.224999904632568,-0.5164773464202881,-7.791528224945068,-6.385688781738281,-1.3357161283493042
6.230000019073486,0.31254035234451294,-7.858829975128174,-4.874575138092041,-1.3485995531082153
6.235000133514404,-0.41824838519096375,-7.897279739379883,-7.261260509490967,-1.3574879169464111
6.239999771118164,0.5955304503440857,-7.961535453796387,-4.342685699462891,-1.3703856468200684
6.244999885559082,-0.40124261379241943,-8.085083961486816,-6.705215930938721,-1.3832833766937256
6.25,0.2726598381996155,-8.170165061950684,-5.446243762969971,-1.3915659189224243
6.255000114440918,-0.18000563979148865,-8.032402038574219,-6.039365291595459,-1.409071683883667
6.260000228881836,0.01803719997406006,-8.278186798095703,-5.405364990234375,-1.41733980178833
6.264999866485596,-0.325340211391449,-8.373600959777832,-6.292773246765137,-1.4219764471054077
6.269999980926514,0.41084107756614685,-8.253355026245117,-4.462020397186279,-1.4391686916351318
6.275000095367432,-0.9027233123779297,-8.508414268493652,-7.420365810394287,-1.4517101049423218
6.28000020980835,0.5842325091362,-8.359036445617676,-4.92117166519165,-1.4563682079315186
6.284999847412109,-0.20771382749080658,-8.382894515991211,-6.039492607116699,-1.4735602140426636
6.289999961853027,0.16384142637252808,-8.518524169921875,-5.929143905639648,-1.4860801696777344
6.295000076293945,-0.045605406165122986,-8.607086181640625,-5.43054723739624,-1.495054006576538
6.300000190734863,-0.4240240752696991,-8.74634075164795,-5.989598751068115,-1.5079517364501953
6.304999828338623,0.07562115788459778,-8.682559967041016,-5.138417720794678,-1.5208494663238525
6.309999942779541,-0.5836818814277649,-8.788694381713867,-6.239661693572998,-1.5243456363677979
6.315000057220459,-0.20014192163944244,-8.642706871032715,-6.365239143371582,-1.529866099357605
6.320000171661377,0.18878360092639923,-8.841879844665527,-5.181426048278809,-1.5419371128082275
6.324999809265137,0.09058411419391632,-8.834300994873047,-6.051202297210693,-1.55095374584198
6.329999923706055,-0.07421363890171051,-8.998274803161621,-5.72535514831543,-1.5677111148834229
6.335000038146973,-0.023870427161455154,-9.093348503112793,-6.1141462326049805,-1.5720055103302002
6.340000152587891,0.03111259639263153,-9.087315559387207,-5.155764102935791,-1.5681601762771606
6.34499979019165,0.37138399481773376,-9.037210464477539,-6.539742946624756,-1.584896206855774
6.349999904632568,-0.1511095017194748,-9.114961624145508,-5.195016860961914,-1.5934851169586182
6.355000019073486,-0.18842056393623352,-9.33370304107666,-6.552328586578369,-1.5896611213684082
6.360000133514404,-0.03218808025121689,-9.214670181274414,-5.370232105255127,-1.606375813484192
6.364999771118164,-0.15560388565063477,-9.444652557373047,-5.514434337615967,-1.6111550331115723
6.369999885559082,-0.1334945559501648,-9.017498016357422,-6.257648468017578,-1.6149719953536987
6.375,-0.2786639630794525,-9.504219055175781,-4.757812023162842,-1.6240599155426025
6.380000114440918,0.07433004677295685,-9.142437934875488,-6.597438335418701,-1.6273564100265503
6.385000228881836,-0.38053932785987854,-9.466653823852539,-5.485811710357666,-1.6326631307601929
6.389999866485596,0.5846423506736755,-9.191210746765137,-5.69113826751709,-1.6364516019821167
6.394999980926514,-0.4456971287727356,-9.423303604125977,-6.239776611328125,-1.6407461166381836
6.400000095367432,0.2534019351005554,-9.411162376403809,-5.118330478668213,-1.6412806510925293
6.40500020980835,-0.05705264210700989,-9.309236526489258,-6.260695457458496,-1.6536365747451782
6.409999847412109,-0.06287647783756256,-9.312247276306152,-5.59721040725708,-1.6536365747451782
6.414999961853027,-0.1798228919506073,-9.412449836730957,-5.802762985229492,-1.6579309701919556
6.420000076293945,-0.3354402482509613,-9.40278434753418,-5.958809852600098,-1.6579310894012451
6.425000190734863,0.12342143058776855,-9.383232116699219,-5.746336936950684,-1.6622254848480225
6.429999828338623,0.17010939121246338,-9.340876579284668,-5.755437850952148,-1.6585084199905396
6.434999942779541,-0.03281105309724808,-9.366549491882324,-5.8312530517578125,-1.6622326374053955
6.440000057220459,-0.0002410055312793702,-9.336796760559082,-5.6946024894714355,-1.6665271520614624
6.445000171661377,-0.15448176860809326,-9.195329666137695,-5.862524509429932,-1.6622326374053955
6.449999809265137,-0.0793771743774414,-9.256766319274902,-5.811512470245361,-1.6665271520614624
6.454999923706055,0.048231352120637894,-9.202213287353516,-5.68316125869751,-1.6616196632385254
6.460000038146973,-0.11120437830686569,-9.13290786743164,-5.944601535797119,-1.6579309701919556
6.465000152587891,0.01891663484275341,-9.149606704711914,-5.776373386383057,-1.6585582494735718
6.46999979019165,0.08907091617584229,-9.185993194580078,-5.623623371124268,-1.6615982055664062
6.474999904632568,-0.08764570951461792,-9.214982986450195,-5.789974212646484,-1.6579310894012451
6.480000019073486,-0.022815123200416565,-9.088322639465332,-6.05996561050415,-1.6493421792984009
6.485000133514404,-0.1621047407388687,-9.108439445495605,-5.666208267211914,-1.6536365747451782
6.489999771118164,-0.13019204139709473,-8.991081237792969,-5.867492198944092,-1.645047664642334
6.494999885559082,-0.11314205825328827,-8.98317813873291,-5.941954135894775,-1.645047664642334
6.5,0.08725311607122421,-8.968620300292969,-5.680179119110107,-1.6443705558776855
6.505000114440918,-0.021205632016062737,-9.057119369506836,-5.494999408721924,-1.640745997428894
6.510000228881836,-0.010820591822266579,-8.871305465698242,-5.914515972137451,-1.6364516019821167
6.514999866485596,0.003297318471595645,-8.950507164001465,-5.728723526000977,-1.6314585208892822
6.519999980926514,-0.1176443099975586,-8.892305374145508,-5.49715518951416,-1.6242666244506836
6.525000095367432,0.0027952175587415695,-8.837528228759766,-6.221004486083984,-1.6271498203277588
6.53000020980835,-0.07423033565282822,-8.788558959960938,-5.72717809677124,-1.619266390800476
6.534999847412109,-0.04103536531329155,-8.837252616882324,-5.674354553222656,-1.6185394525527954
6.539999961853027,-0.16455334424972534,-8.803287506103516,-5.8466572761535645,-1.602081298828125
6.545000076293945,-0.12056750804185867,-8.837005615234375,-6.14975643157959,-1.5927510261535645
6.550000190734863,-0.012962655164301395,-8.71621036529541,-4.7876739501953125,-1.5891907215118408
6.554999828338623,-0.010057118721306324,-8.419645309448242,-7.275835990905762,-1.584896206855774
6.559999942779541,-0.07427553832530975,-8.735719680786133,-4.333913803100586,-1.5755444765090942
6.565000057220459,0.12008453160524368,-8.352002143859863,-7.183802127838135,-1.5634167194366455
6.570000171661377,-0.20004957914352417,-8.517416000366211,-4.89828634262085,-1.5626397132873535
6.574999809265137,0.15094292163848877,-8.430343627929688,-6.685049533843994,-1.5505261421203613
6.579999923706055,0.11997350305318832,-8.427393913269043,-5.066830635070801,-1.5505260229110718
6.585000038146973,-0.009562879800796509,-8.39533519744873,-5.439457416534424,-1.541138768196106
6.590000152587891,-0.3550056517124176,-8.224313735961914,-6.669172286987305,-1.5282410383224487
6.59499979019165,0.2714885473251343,-8.3446044921875,-4.817296504974365,-1.5204503536224365
6.599999904632568,-0.35460472106933594,-8.175600051879883,-6.263186454772949,-1.5067471265792847
6.605000019073486,-0.18952107429504395,-8.20493221282959,-5.891255855560303,-1.5032652616500854
6.610000133514404,0.30754876136779785,-7.912805557250977,-5.673740863800049,-1.493842363357544
6.614999771118164,-0.4567857086658478,-8.004979133605957,-6.858129024505615,-1.4860800504684448
6.619999885559082,-0.08185528218746185,-8.150739669799805,-4.424527645111084,-1.4774912595748901
6.625,0.15785641968250275,-7.766037464141846,-5.813298225402832,-1.4723414182662964
6.630000114440918,0.010860339738428593,-7.98192834854126,-6.152917861938477,-1.464600682258606
6.635000228881836,0.03081488236784935,-7.703640937805176,-6.197176456451416,-1.4551421403884888
6.639999866485596,-0.15101025998592377,-7.927731513977051,-5.314232349395752,-1.4474155902862549
6.644999980926514,-0.15833255648612976,-7.6987762451171875,-5.906569480895996,-1.4379427433013916
6.650000095367432,0.13170470297336578,-7.836482048034668,-5.602375507354736,-1.4207504987716675
6.65500020980835,-0.20167872309684753,-7.513171195983887,-5.747931480407715,-1.4173399209976196
6.659999847412109,0.020263774320483208,-7.699748516082764,-5.964202404022217,-1.4078457355499268
6.664999961853027,0.054383378475904465,-7.358161926269531,-5.508846282958984,-1.3958603143692017
6.670000076293945,-0.19927430152893066,-7.661449432373047,-6.400048732757568,-1.3949408531188965
6.675000190734863,0.21329142153263092,-7.436213493347168,-4.919020175933838,-1.3829697370529175
6.679999828338623,-0.07172666490077972,-7.48313045501709,-6.267298698425293,-1.3786753416061401
6.684999942779541,0.08558271080255508,-7.323636054992676,-5.508570671081543,-1.3648509979248047
6.690000057220459,-0.055453959852457047,-7.3205366134643555,-5.857997894287109,-1.3562476634979248
6.695000171661377,0.026980789378285408,-7.194811820983887,-6.209329605102539,-1.3443050384521484
6.699999809265137,-0.10605166107416153,-7.4113664627075195,-4.944760799407959,-1.3400105237960815
6.704999923706055,0.09849006682634354,-7.19468355178833,-6.373836994171143,-1.3347467184066772
6.710000038146973,-0.11059322208166122,-7.131441116333008,-5.662890911102295,-1.32282555103302
6.715000152587891,0.30787205696105957,-7.000096321105957,-5.691147327423096,-1.3175474405288696
6.71999979019165,-0.246221661567688,-7.1219353675842285,-6.015792369842529,-1.3099348545074463
6.724999904632568,0.3158978521823883,-7.002477645874023,-5.142795085906982,-1.3003480434417725
6.730000019073486,-0.2949445843696594,-6.971098899841309,-6.49863862991333,-1.2927497625350952
6.735000133514404,0.3788340091705322,-6.998260974884033,-4.7452392578125,-1.2874431610107422
6.739999771118164,-0.6022126078605652,-6.958643436431885,-6.9070281982421875,-1.2755646705627441
6.744999885559082,0.6346642971038818,-6.927270412445068,-5.123805999755859,-1.2755646705627441
6.75,-0.5255977511405945,-7.014822006225586,-5.975378513336182,-1.2712701559066772
6.755000114440918,0.34964504837989807,-6.690614700317383,-5.8633131980896,-1.2659350633621216
6.760000228881836,-0.24973642826080322,-6.8523149490356445,-5.663155555725098,-1.2669686079025269
6.764999866485596,0.3363446891307831,-6.6989850997924805,-6.056738376617432,-1.2530301809310913
6.769999980926514,-0.11877429485321045,-6.890602111816406,-5.276435852050781,-1.2454890012741089
6.775000095367432,-0.012483148835599422,-6.74013614654541,-5.98047399520874,-1.2454890012741089
6.78000020980835,0.2944341003894806,-6.5817341804504395,-6.275662899017334,-1.241194486618042
6.784999847412109,0.04681641235947609,-6.722275257110596,-5.037698268890381,-1.2369000911712646
6.789999961853027,0.2087508887052536,-6.598324775695801,-6.423864841461182,-1.235809564590454
6.795000076293945,-0.03972753882408142,-6.844267845153809,-4.990545272827148,-1.2283039093017578
6.800000190734863,-0.19003300368785858,-6.674622058868408,-6.298674583435059,-1.2325984239578247
6.804999828338623,-0.30354130268096924,-6.712871074676514,-5.7613959312438965,-1.2283039093017578
6.809999942779541,0.05675928667187691,-6.674433708190918,-5.524528980255127,-1.2283039093017578
6.815000057220459,0.17346790432929993,-6.639794826507568,-6.141610622406006,-1.2197149991989136
6.820000171661377,0.12875691056251526,-6.658656120300293,-5.461267471313477,-1.2185816764831543
6.824999809265137,0.17754369974136353,-6.662088394165039,-6.00068473815918,-1.2111190557479858
6.829999923706055,0.0364186055958271,-6.6616597175598145,-5.746004104614258,-1.2111189365386963
6.835000038146973,-0.06305137276649475,-6.814314842224121,-5.582162380218506,-1.2122737169265747
6.840000152587891,-0.08346869796514511,-6.76963996887207,-6.082967281341553,-1.2197149991989136
6.84499979019165,-0.0777558907866478,-6.923931121826172,-5.4110636711120605,-1.2185460329055786
6.849999904632568,0.07622841000556946,-6.88129997253418,-6.049051284790039,-1.2111189365386963
6.855000019073486,0.06112397089600563,-6.931092739105225,-5.546666622161865,-1.2111189365386963
6.860000133514404,0.08650142699480057,-6.927273750305176,-5.857830047607422,-1.2123093605041504
6.864999771118164,0.19713467359542847,-6.998468399047852,-5.749171257019043,-1.214223027229309
6.869999885559082,-0.03605164587497711,-6.992516994476318,-5.625900745391846,-1.212323546409607
6.875,-0.2699218690395355,-7.0028252601623535,-6.003061294555664,-1.2154206037521362
6.880000114440918,-0.2687476575374603,-7.072356700897217,-5.654748439788818,-1.2197149991989136
6.885000228881836,0.04620426148176193,-7.009130477905273,-6.035878658294678,-1.2227834463119507
6.889999866485596,0.22999949753284454,-7.013768196105957,-5.698024272918701,-1.2166465520858765
6.894999980926514,0.1032635048031807,-7.056281566619873,-5.812778949737549,-1.224009394645691
6.900000095367432,0.2211158722639084,-7.0271782875061035,-5.877555847167969,-1.2325984239578247
6.90500020980835,0.045602913945913315,-7.115589141845703,-5.490270137786865,-1.2283039093017578
6.909999847412109,-0.26332175731658936,-7.088233470916748,-5.971668243408203,-1.2381545305252075
6.914999961853027,0.4270626902580261,-7.124253273010254,-5.562291622161865,-1.2424633502960205
6.920000076293945,-0.40315768122673035,-7.163938045501709,-6.216094970703125,-1.2485146522521973
6.925000190734863,0.2605994641780853,-7.213207721710205,-5.424533843994141,-1.2510664463043213
6.929999828338623,-0.2993122339248657,-7.260430335998535,-5.809170722961426,-1.2540850639343262
6.934999942779541,0.07518293708562851,-7.311288833618164,-5.465503215789795,-1.26267409324646
6.940000057220459,0.009054326452314854,-7.179401397705078,-6.350656032562256,-1.2639784812927246
6.945000171661377,-0.04361860826611519,-7.439056873321533,-5.26076078414917,-1.2755646705627441
6.949999809265137,0.0627531111240387,-7.197722911834717,-6.019794464111328,-1.279859185218811
6.954999923706055,0.12314040213823318,-7.409092903137207,-5.843845367431641,-1.2811850309371948
6.960000038146973,0.00821423064917326,-7.308041095733643,-5.738361358642578,-1.2884552478790283
6.965000152587891,0.10373418033123016,-7.53786563873291,-6.099259376525879,-1.2983843088150024
6.96999979019165,-0.13094469904899597,-7.50852632522583,-5.396330833435059,-1.3042932748794556
6.974999904632568,0.05072125047445297,-7.582108497619629,-6.021415710449219,-1.3026930093765259
6.980000019073486,0.061407946050167084,-7.535071849822998,-5.570956230163574,-1.31852388381958
6.985000133514404,0.223741352558136,-7.5791215896606445,-5.524604320526123,-1.3155980110168457
6.989999771118164,-0.09279154986143112,-7.511427879333496,-6.312493801116943,-1.3271199464797974
6.994999885559082,0.04638997092843056,-7.7905778884887695,-5.165306091308594,-1.3327972888946533
7,-0.15952739119529724,-7.744651794433594,-6.186851978302002,-1.3485995531082153
7.005000114440918,0.01306726410984993,-7.7069926261901855,-5.36407995223999,-1.3457021713256836
7.010000228881836,-0.01709841378033161,-7.937252998352051,-6.034034729003906,-1.3529012203216553
7.014999866485596,-0.16765442490577698,-7.595044136047363,-6.039254665374756,-1.361490249633789
7.019999980926514,-0.06522093713283539,-8.191484451293945,-5.47199010848999,-1.3672031164169312
7.025000095367432,-0.10546504706144333,-7.39783239364624,-5.919425964355469,-1.3786752223968506
7.03000020980835,0.15212398767471313,-8.13644027709961,-5.424217224121094,-1.3872642517089844
7.034999847412109,0.09019008278846741,-7.684048652648926,-6.164342880249023,-1.3829697370529175
7.039999961853027,-0.17841577529907227,-8.32015323638916,-5.351449966430664,-1.397300124168396
7.045000076293945,-0.054690469056367874,-7.813788890838623,-6.520066261291504,-1.4001548290252686
7.050000190734863,-0.0834539607167244,-8.259223937988281,-5.235868453979492,-1.405910611152649
7.054999828338623,0.038756199181079865,-7.934254169464111,-5.6896281242370605,-1.4130454063415527
7.059999942779541,-0.2877126932144165,-8.098235130310059,-6.138925552368164,-1.4231098890304565
7.065000057220459,0.0897243320941925,-8.176177978515625,-5.168674468994141,-1.425935983657837
7.070000171661377,-0.08847599476575851,-8.134998321533203,-6.798130989074707,-1.4274256229400635
7.074999809265137,0.3323376774787903,-8.295600891113281,-4.405780792236328,-1.438826560974121
7.079999923706055,-0.5975187420845032,-8.324039459228516,-6.347719192504883,-1.4474155902862549
7.085000038146973,-0.3349597752094269,-8.353007316589355,-6.2644805908203125,-1.4532212018966675
7.090000152587891,0.6038668155670166,-8.235150337219238,-4.962002754211426,-1.4603062868118286
7.09499979019165,-0.13736103475093842,-8.482743263244629,-6.707418441772461,-1.4646008014678955
7.099999904632568,0.1759243905544281,-8.340595245361328,-5.156047821044922,-1.4704277515411377
7.105000019073486,0.22829076647758484,-8.60429573059082,-6.120833873748779,-1.4860801696777344
7.110000133514404,-0.08798370510339737,-8.429686546325684,-5.745508193969727,-1.4860801696777344
7.114999771118164,-0.1434600055217743,-8.59073543548584,-5.669550895690918,-1.4919284582138062
7.119999885559082,-0.19999651610851288,-8.620009422302246,-5.840184211730957,-1.4989707469940186
7.125,-0.12666943669319153,-8.666099548339844,-5.672915935516357,-1.503265380859375
7.130000114440918,0.11825691908597946,-8.534406661987305,-6.142248153686523,-1.5032652616500854
7.135000228881836,-0.06684812158346176,-8.791902542114258,-5.254907608032227,-1.5177310705184937
7.139999866485596,-0.08069679141044617,-8.53943157196045,-5.922294616699219,-1.5204503536224365
7.144999980926514,-0.060025960206985474,-8.820221900939941,-5.553321838378906,-1.5263415575027466
7.150000095367432,-0.0687769427895546,-8.65721607208252,-6.045920372009277,-1.5231481790542603
7.15500020980835,-0.28611597418785095,-8.851210594177246,-5.800820827484131,-1.53065025806427
7.159999847412109,-0.09415538609027863,-8.7372407913208,-5.477941513061523,-1.5333409309387207
7.164999961853027,0.007597154006361961,-8.592754364013672,-6.084245204925537,-1.5349661111831665
7.170000076293945,0.05514978989958763,-8.668856620788574,-5.871908187866211,-1.5403047800064087
7.175000190734863,0.2984607517719269,-8.702666282653809,-5.768932342529297,-1.5419299602508545
7.179999828338623,0.11085011810064316,-8.750252723693848,-5.915629863739014,-1.5435764789581299
7.184999942779541,-0.11837339401245117,-8.890620231628418,-5.715290546417236,-1.5505261421203613
7.190000057220459,-0.27144289016723633,-8.820627212524414,-5.687063217163086,-1.5505260229110718
7.195000171661377,-0.32730042934417725,-8.872518539428711,-5.800413608551025,-1.5548205375671387
7.199999809265137,-0.037618886679410934,-8.772953033447266,-5.720596790313721,-1.5548206567764282
7.204999923706055,-0.030517680570483208,-8.793678283691406,-5.908782482147217,-1.5548206567764282
7.210000038146973,0.1604534387588501,-8.752899169921875,-5.7215576171875,-1.5548205375671387
7.215000152587891,0.13915374875068665,-8.782183647155762,-5.7419514656066895,-1.5608114004135132
7.21999979019165,0.04453974589705467,-8.805071830749512,-5.849703311920166,-1.5591222047805786
7.224999904632568,-0.00782761164009571,-8.82907772064209,-5.788885116577148,-1.5660004615783691
7.230000019073486,-0.11337591707706451,-8.788812637329102,-5.70313024520874,-1.5608328580856323
7.235000133514404,-0.21257764101028442,-8.747488021850586,-5.828543186187744,-1.5677109956741333
7.239999771118164,-0.11181457340717316,-8.646892547607422,-5.819742202758789,-1.5634167194366455
7.244999885559082,-0.05143023282289505,-8.587613105773926,-5.815244674682617,-1.563416600227356
7.25,0.0052939523011446,-8.575881004333496,-5.793125152587891,-1.5677111148834229
7.255000114440918,-0.017051221802830696,-8.557062149047852,-5.715404987335205,-1.563416600227356
7.260000228881836,-0.03821433708071709,-8.60251235961914,-5.836214542388916,-1.5634167194366455
7.264999866485596,0.009565288200974464,-8.524419784545898,-5.774930477142334,-1.5677111148834229
7.269999980926514,0.10047686845064163,-8.610477447509766,-5.648181438446045,-1.5634167194366455
7.275000095367432,0.12705112993717194,-8.550103187561035,-5.804417610168457,-1.5573402643203735
7.28000020980835,0.08091046661138535,-8.515754699707031,-5.846104621887207,-1.5609041452407837
7.284999847412109,-0.09034489095211029,-8.488723754882812,-5.769526481628418,-1.557326078414917
7.289999961853027,-0.2823939025402069,-8.441720008850098,-5.842595100402832,-1.5548205375671387
7.295000076293945,-0.03221854567527771,-8.36839771270752,-5.849178791046143,-1.5505260229110718
7.300000190734863,-0.10133422166109085,-8.460234642028809,-5.771005153656006,-1.5548206567764282
7.304999828338623,0.06130870059132576,-8.453940391540527,-5.7326531410217285,-1.5462315082550049
7.309999942779541,-0.014528905041515827,-8.46870231628418,-5.886947154998779,-1.5462315082550049
7.315000057220459,0.0761350616812706,-8.446730613708496,-5.8225297927856445,-1.5462315082550049
7.320000171661377,0.018450886011123657,-8.462034225463867,-5.550117015838623,-1.5400909185409546
7.324999809265137,-0.05546377971768379,-8.357937812805176,-6.056772708892822,-1.5357822179794312
7.329999923706055,0.025354593992233276,-8.475812911987305,-5.399806499481201,-1.5247447490692139
7.335000038146973,-0.17942197620868683,-8.394282341003418,-6.066854000091553,-1.5247448682785034
7.340000152587891,-0.15623077750205994,-8.43693733215332,-5.458963394165039,-1.5247448682785034
7.34499979019165,-0.2084723562002182,-8.32571792602539,-6.086609840393066,-1.5075669288635254
7.349999904632568,0.03967590630054474,-8.336543083190918,-5.715643405914307,-1.5161558389663696
7.355000019073486,0.14353612065315247,-8.223856925964355,-5.71307897567749,-1.5075669288635254
7.360000133514404,-0.0052954694256186485,-8.290943145751953,-5.673144340515137,-1.509958267211914
7.364999771118164,-0.08003059774637222,-8.212549209594727,-6.166078567504883,-1.5032652616500854
7.369999885559082,-0.09245452284812927,-8.286914825439453,-5.2646870613098145,-1.4989707469940186
7.375,-0.06210021674633026,-8.114356994628906,-6.077419281005859,-1.4884573221206665
7.380000114440918,0.09329312294721603,-8.089493751525879,-6.188423156738281,-1.4860801696777344
7.385000228881836,0.0872550904750824,-8.128774642944336,-5.393624782562256,-1.4860801696777344
7.389999866485596,0.16479355096817017,-7.955845355987549,-6.022181987762451,-1.4774912595748901
7.394999980926514,-0.3545075058937073,-8.093639373779297,-5.662142753601074,-1.4712438583374023
7.400000095367432,0.40692344307899475,-7.930051326751709,-6.084509372711182,-1.4688953161239624
7.40500020980835,-0.050793495029211044,-8.00826358795166,-5.270116329193115,-1.4688951969146729
7.409999847412109,-0.003877580165863037,-7.970215797424316,-5.701868057250977,-1.4540374279022217
7.414999961853027,-0.11209560930728912,-7.9363694190979,-6.369653701782227,-1.4560047388076782
7.420000076293945,-0.44396480917930603,-8.029886245727539,-5.410281181335449,-1.443121075630188
7.425000190734863,0.216071218252182,-7.722171306610107,-5.96720552444458,-1.4411253929138184
7.429999828338623,-0.1657314896583557,-7.90443229675293,-5.390695095062256,-1.4345250129699707
7.434999942779541,0.2770274579524994,-7.801279544830322,-6.091480731964111,-1.432515025138855
7.440000057220459,-0.2884928584098816,-7.891274452209473,-5.650686264038086,-1.4322404861450195
7.445000171661377,0.022670133039355278,-7.7378339767456055,-5.971399784088135,-1.428206205368042
7.449999809265137,-0.015217713080346584,-7.858436107635498,-5.506953239440918,-1.4173399209976196
7.454999923706055,-0.020604291930794716,-7.60400915145874,-6.25841760635376,-1.4173399209976196
7.460000038146973,0.05910082161426544,-7.763920307159424,-5.284102916717529,-1.4130454063415527
7.465000152587891,-0.014967137016355991,-7.615265846252441,-5.986327648162842,-1.4130454063415527
7.46999979019165,-0.06296097487211227,-7.644987106323242,-6.109630584716797,-1.402396559715271
7.474999904632568,0.016206644475460052,-7.585083484649658,-5.286181449890137,-1.3958604335784912
7.480000019073486,-0.03229421004652977,-7.5741963386535645,-6.421300411224365,-1.3915657997131348
7.485000133514404,0.007204114925116301,-7.703121662139893,-4.99110746383667,-1.3851900100708008
7.489999771118164,0.022686848416924477,-7.3511552810668945,-6.595412254333496,-1.3786752223968506
7.494999885559082,0.23247367143630981,-7.570940017700195,-5.18516206741333,-1.37228524684906
7.5,-0.1571534126996994,-7.5586934089660645,-5.847865104675293,-1.3657846450805664
7.505000114440918,0.051232192665338516,-7.46062707901001,-5.810859203338623,-1.3657846450805664
7.510000228881836,-0.033084213733673096,-7.42337703704834,-5.551327228546143,-1.3571956157684326
7.514999866485596,-0.01362786628305912,-7.365093231201172,-6.110221862792969,-1.3571956157684326
7.519999980926514,0.12702754139900208,-7.421719074249268,-5.276545524597168,-1.3550643920898438
7.525000095367432,-0.3292027413845062,-7.344295978546143,-6.27882194519043,-1.3485994338989258
7.53000020980835,0.18631041049957275,-7.275895118713379,-5.673554420471191,-1.3485995531082153
7.534999847412109,0.042643334716558456,-7.328183650970459,-5.769687652587891,-1.3443050384521484
7.539999961853027,-0.16398443281650543,-7.330016136169434,-5.89224910736084,-1.3400105237960815
7.545000076293945,0.05170678719878197,-7.302504062652588,-5.538527488708496,-1.3400105237960815
7.550000190734863,0.03962874040007591,-7.2324957847595215,-6.1813459396362305,-1.3335421085357666
7.554999828338623,-0.004224437288939953,-7.3498663902282715,-5.319840908050537,-1.3228254318237305
7.559999942779541,-0.005692432168871164,-7.250472545623779,-5.983424186706543,-1.3271199464797974
7.565000057220459,-0.048903003334999084,-7.326236724853516,-5.606938362121582,-1.32282555103302
7.570000171661377,0.07322855293750763,-7.268393039703369,-5.710463523864746,-1.3206230401992798
7.574999809265137,-0.026736654341220856,-7.249015808105469,-5.970919132232666,-1.3250279426574707
7.579999923706055,0.09635882079601288,-7.2379326820373535,-5.562510013580322,-1.3228254318237305
7.585000038146973,0.05771338567137718,-7.2998480796813965,-5.898316860198975,-1.3206015825271606
7.590000152587891,-0.025699036195874214,-7.250804901123047,-5.895895004272461,-1.3142293691635132
7.59499979019165,0.0015276684425771236,-7.272688388824463,-5.723762512207031,-1.31852388381958
7.599999904632568,0.07219289988279343,-7.216871738433838,-5.87489652633667,-1.3099348545074463
7.605000019073486,-0.06050645187497139,-7.225058078765869,-5.645648002624512,-1.3142293691635132
7.610000133514404,0.042344629764556885,-7.14747953414917,-5.972253322601318,-1.3099348545074463
7.614999771118164,-0.0036073699593544006,-7.225391387939453,-5.694753646850586,-1.3099348545074463
7.619999885559082,-0.015630392357707024,-7.205433368682861,-5.739657878875732,-1.3099349737167358
7.625,-0.03157004341483116,-7.200258731842041,-5.777320861816406,-1.3056403398513794
7.630000114440918,0.10571803152561188,-7.25111198425293,-5.7253031730651855,-1.301345944404602
7.635000228881836,-0.022427977994084358,-7.310107231140137,-5.738194942474365,-1.3056403398513794
7.639999866485596,-0.11066101491451263,-7.363611698150635,-5.741666316986084,-1.3099348545074463
7.644999980926514,0.1099795401096344,-7.389433860778809,-5.786983489990234,-1.3033310174942017
7.650000095367432,0.021957768127322197,-7.470607757568359,-5.7995123863220215,-1.3036552667617798
7.65500020980835,-0.08401698619127274,-7.485154151916504,-5.763416767120361,-1.3099348545074463
7.659999847412109,0.021200187504291534,-7.4655303955078125,-5.873541355133057,-1.3099348545074463
7.664999961853027,0.04076363891363144,-7.494385719299316,-5.805027008056641,-1.3142293691635132
7.670000076293945,-0.04190004989504814,-7.520838260650635,-5.807636737823486,-1.3142294883728027
7.675000190734863,0.03432666137814522,-7.438410758972168,-5.785557270050049,-1.3142293691635132
7.679999828338623,0.08708705753087997,-7.441969871520996,-5.779581069946289,-1.3099349737167358
7.684999942779541,0.001660317531786859,-7.477391719818115,-5.754025936126709,-1.3142293691635132
7.690000057220459,-0.048832252621650696,-7.522286415100098,-5.802246570587158,-1.3142293691635132
7.695000171661377,0.01955335959792137,-7.5516557693481445,-5.727439880371094,-1.3142293691635132
7.699999809265137,0.017246229574084282,-7.54034948348999,-5.792464733123779,-1.31852388381958
7.704999923706055,-0.044992271810770035,-7.491450309753418,-5.756864547729492,-1.3142293691635132
7.710000038146973,0.00005279147808323614,-7.5024189949035645,-5.76536750793457,-1.3209258317947388
7.715000152587891,-0.030894992873072624,-7.544515132904053,-5.82975959777832,-1.32282555103302
7.71999979019165,0.07520061731338501,-7.540726661682129,-5.845162391662598,-1.3228254318237305
7.724999904632568,-0.0013965326361358166,-7.571866035461426,-5.815306663513184,-1.327120065689087
7.730000019073486,0.09074918180704117,-7.603756427764893,-5.724822044372559,-1.3271199464797974
7.735000133514404,-0.010442297905683517,-7.564028739929199,-5.784371376037598,-1.3295576572418213
7.739999771118164,-0.0940728560090065,-7.643308639526367,-5.839221000671387,-1.3357161283493042
7.744999885559082,0.11977895349264145,-7.611757755279541,-5.977861404418945,-1.3400105237960815
7.75,0.22059999406337738,-7.654153347015381,-5.570188045501709,-1.3400105237960815
7.755000114440918,-0.12876923382282257,-7.672675132751465,-5.801969051361084,-1.3400105237960815
7.760000228881836,-0.19768840074539185,-7.725366592407227,-5.716513156890869,-1.3400105237960815
7.764999866485596,0.06732315570116043,-7.659182071685791,-5.770683765411377,-1.3485995531082153
7.769999980926514,0.014789746142923832,-7.691897869110107,-5.9414849281311035,-1.3443050384521484
7.775000095367432,0.028418321162462234,-7.679612159729004,-5.599071979522705,-1.3510942459106445
7.78000020980835,-0.24464166164398193,-7.838011741638184,-5.828974723815918,-1.3571956157684326
7.784999847412109,0.08802445232868195,-7.774805068969727,-5.696040153503418,-1.3571956157684326
7.789999961853027,-0.035256728529930115,-7.763723850250244,-5.784701824188232,-1.3571956157684326
7.795000076293945,0.06616075336933136,-7.766735553741455,-6.136775970458984,-1.3614901304244995
7.800000190734863,-0.06503424793481827,-7.879884719848633,-5.5209527015686035,-1.3700791597366333
7.804999828338623,0.042048871517181396,-7.852681636810303,-5.967212677001953,-1.3726166486740112
7.809999942779541,0.12034886330366135,-7.890663146972656,-5.603457927703857,-1.3743808269500732
7.815000057220459,-0.15215006470680237,-7.861775875091553,-5.743839740753174,-1.3829697370529175
7.820000171661377,0.12156826257705688,-7.930117607116699,-6.128671169281006,-1.3829697370529175
7.824999809265137,0.12333299964666367,-7.9691267013549805,-5.537384986877441,-1.3829697370529175
7.829999923706055,-0.05204631760716438,-7.959605693817139,-5.747657299041748,-1.3872642517089844
7.835000038146973,-0.13058507442474365,-7.951311111450195,-5.657491207122803,-1.389844536781311
7.840000152587891,-0.15214909613132477,-7.957277297973633,-5.776022911071777,-1.3958603143692017
7.84499979019165,0.1503002792596817,-7.9338579177856445,-5.988131999969482,-1.4001548290252686
7.849999904632568,-0.14790329337120056,-8.06026554107666,-5.3812713623046875,-1.4001548290252686
7.855000019073486,-0.1501387059688568,-8.063078880310059,-6.1247429847717285,-1.4070581197738647
7.860000133514404,0.19934746623039246,-8.014313697814941,-5.910184860229492,-1.4061349630355835
7.864999771118164,-0.054212942719459534,-8.059779167175293,-5.4380598068237305,-1.4113667011260986
7.869999885559082,0.11033425480127335,-8.0610933303833,-6.170811653137207,-1.4130454063415527
7.875,-0.16739699244499207,-8.104104042053223,-5.506648063659668,-1.4173399209976196
7.880000114440918,-0.11351937055587769,-8.15868091583252,-5.745729446411133,-1.419984221458435
7.885000228881836,-0.12747417390346527,-8.086130142211914,-5.741915702819824,-1.4216415882110596
7.889999866485596,0.052036941051483154,-8.09907341003418,-5.619532108306885,-1.425935983657837
7.894999980926514,-0.01017109863460064,-8.086878776550293,-6.235722541809082,-1.425935983657837
7.900000095367432,-0.0024429913610219955,-8.210034370422363,-5.267849445343018,-1.4345250129699707
7.90500020980835,0.1926726996898651,-8.136959075927734,-5.874613285064697,-1.4345250129699707
7.909999847412109,0.044530902057886124,-8.261698722839355,-6.074843406677246,-1.4372122287750244
7.914999961853027,0.18066835403442383,-8.243807792663574,-5.650028705596924,-1.4431211948394775
7.920000076293945,-0.20713603496551514,-8.30030345916748,-6.00154447555542,-1.4474157094955444
7.925000190734863,-0.23226097226142883,-8.248407363891602,-5.557871341705322,-1.4474157094955444
7.929999828338623,-0.02862127125263214,-8.271589279174805,-5.971251010894775,-1.4431211948394775
7.934999942779541,-0.2143070101737976,-8.257441520690918,-5.786571979522705,-1.4517102241516113
7.940000057220459,-0.00003957018634537235,-8.253301620483398,-5.687798023223877,-1.4517102241516113
7.945000171661377,0.04062509164214134,-8.217811584472656,-5.901639461517334,-1.4517102241516113
7.949999809265137,-0.04478592798113823,-8.27571964263916,-5.634284019470215,-1.4560047388076782
7.954999923706055,0.05679171159863472,-8.219796180725098,-5.785584449768066,-1.4544614553451538
7.960000038146973,0.06812102347612381,-8.19164752960205,-5.691300392150879,-1.4603062868118286
7.965000152587891,0.07554157823324203,-8.235461235046387,-5.8434858322143555,-1.464600682258606
7.96999979019165,-0.0348273329436779,-8.313632011413574,-5.792539596557617,-1.4603062868118286
7.974999904632568,-0.07234081625938416,-8.350741386413574,-5.774564266204834,-1.464600682258606
7.980000019073486,-0.10658618807792664,-8.355889320373535,-5.8304033279418945,-1.464600682258606
7.985000133514404,-0.02873525209724903,-8.33659553527832,-5.836297512054443,-1.4688951969146729
7.989999771118164,0.021637441590428352,-8.323920249938965,-5.878734111785889,-1.4688950777053833
7.994999885559082,-0.027774276211857796,-8.330950736999512,-5.843413829803467,-1.4688951969146729
8,-0.01644594594836235,-8.343461036682129,-5.771520614624023,-1.4688951969146729
8.005000114440918,-0.034785084426403046,-8.327865600585938,-5.842761516571045,-1.4688951969146729
8.010000228881836,-0.02193569950759411,-8.301694869995117,-5.688826560974121,-1.4731895923614502
8.015000343322754,-0.027446089312434196,-8.332925796508789,-5.772629737854004,-1.4731895923614502
8.020000457763672,-0.04825448989868164,-8.329032897949219,-5.775938034057617,-1.4688951969146729
8.024999618530273,-0.024991566315293312,-8.296612739562988,-5.726011753082275,-1.4717462062835693
8.029999732971191,-0.030939212068915367,-8.291062355041504,-5.809792995452881,-1.474632978439331
8.03499984741211,-0.014574103057384491,-8.257633209228516,-5.720852375030518,-1.4717605113983154
8.039999961853027,-0.01175602339208126,-8.250760078430176,-5.806264400482178,-1.4774912595748901
8.045000076293945,-0.03877343609929085,-8.186688423156738,-5.848224639892578,-1.4774911403656006
8.050000190734863,-0.04110414907336235,-8.158659934997559,-5.765606880187988,-1.4746044874191284
8.055000305175781,0.0038603462744504213,-8.135583877563477,-5.871623992919922,-1.476083517074585
8.0600004196167,0.0296161025762558,-8.12805461883545,-5.757724761962891,-1.470295786857605
8.0649995803833,-0.05982748046517372,-8.095526695251465,-5.847343444824219,-1.4688951969146729
8.069999694824219,-0.013441172428429127,-8.069064140319824,-5.796672344207764,-1.4688951969146729
8.074999809265137,-0.027438227087259293,-8.082767486572266,-5.7983880043029785,-1.4688951969146729
8.079999923706055,-0.05249438062310219,-8.099787712097168,-5.829622268676758,-1.4688951969146729
8.085000038146973,-0.04124563932418823,-8.089323043823242,-5.756621360778809,-1.4688951969146729
8.09000015258789,-0.10425645858049393,-8.093579292297363,-5.77378511428833,-1.4718389511108398
8.095000267028809,-0.027844037860631943,-8.061310768127441,-5.786560535430908,-1.47454035282135
8.100000381469727,-0.009099088609218597,-8.0110502243042,-5.813637733459473,-1.4688951969146729
8.104999542236328,0.0208955816924572,-8.037895202636719,-5.833808898925781,-1.4688951969146729
8.109999656677246,-0.025783538818359375,-8.056610107421875,-5.7842488288879395,-1.4603062868118286
8.114999771118164,-0.012597124092280865,-8.078608512878418,-5.842082500457764,-1.4688951969146729
8.119999885559082,0.005328341852873564,-8.061714172363281,-5.7855119705200195,-1.4688951969146729
8.125,-0.010886427015066147,-8.044900894165039,-5.819047927856445,-1.464600682258606
8.130000114440918,0.021060658618807793,-8.074810981750488,-5.893675804138184,-1.4603062868118286
8.135000228881836,-0.011522166430950165,-8.057698249816895,-5.753787040710449,-1.4603062868118286
8.140000343322754,-0.016531432047486305,-8.048340797424316,-5.839339733123779,-1.4688951969146729
8.145000457763672,-0.035938650369644165,-8.074870109558105,-5.719350814819336,-1.4560117721557617
8.149999618530273,-0.03967152535915375,-8.055842399597168,-5.708134174346924,-1.4603062868118286
8.154999732971191,-0.03907705470919609,-8.005717277526855,-5.787877082824707,-1.4603062868118286
8.15999984741211,-0.043795470148324966,-8.008935928344727,-5.721930027008057,-1.4529681205749512
8.164999961853027,-0.025480899959802628,-8.004766464233398,-5.833953380584717,-1.4560046195983887
8.170000076293945,-0.02823805809020996,-8.01699447631836,-5.654068946838379,-1.4560046195983887
8.175000190734863,-0.030352601781487465,-8.033873558044434,-5.759259223937988,-1.4517101049423218
8.180000305175781,-0.048345863819122314,-8.026540756225586,-5.882456302642822,-1.4517101049423218
8.1850004196167,0.00039768413989804685,-7.969668865203857,-5.856062889099121,-1.4517101049423218
8.1899995803833,0.003942884039133787,-7.973297595977783,-5.803197383880615,-1.4517101049423218
8.194999694824219,-0.015146954916417599,-7.960792541503906,-5.731907844543457,-1.4517101049423218
8.199999809265137,-0.0538916289806366,-7.919570446014404,-5.80686092376709,-1.4474157094955444
8.204999923706055,-0.030333932489156723,-7.893206596374512,-5.850410461425781,-1.4517102241516113
8.210000038146973,0.06824581325054169,-7.854430675506592,-5.684171199798584,-1.4474157094955444
8.21500015258789,0.014042969793081284,-7.886466026306152,-5.824517726898193,-1.444293737411499
8.220000267028809,-0.04311060532927513,-7.874000549316406,-5.779613018035889,-1.441948652267456
8.225000381469727,0.038412291556596756,-7.8814778327941895,-5.7266411781311035,-1.439984917640686
8.229999542236328,0.017283566296100616,-7.893521785736084,-5.763180732727051,-1.4345250129699707
8.234999656677246,-0.021768659353256226,-7.878218173980713,-5.704777717590332,-1.4345250129699707
8.239999771118164,-0.03598679602146149,-7.863631248474121,-5.812921047210693,-1.4270728826522827
8.244999885559082,-0.0630611926317215,-7.856924057006836,-5.781650066375732,-1.4247992038726807
8.25,-0.012645271606743336,-7.870548248291016,-5.840938568115234,-1.4302304983139038
8.255000114440918,-0.006734966300427914,-7.9365925788879395,-5.862517356872559,-1.4302304983139038
8.260000228881836,0.00019625276036094874,-7.852986812591553,-5.809257984161377,-1.4345250129699707
8.265000343322754,0.027787497267127037,-7.855079174041748,-5.756563186645508,-1.425935983657837
8.270000457763672,-0.014887549914419651,-7.849155426025391,-5.740703582763672,-1.4184411764144897
8.274999618530273,-0.04960162192583084,-7.858786106109619,-5.7239203453063965,-1.4173399209976196
8.279999732971191,-0.015147938393056393,-7.835425853729248,-5.812051296234131,-1.41733980178833
8.28499984741211,0.10644809156656265,-7.824672698974609,-5.753349781036377,-1.4173399209976196
8.289999961853027,0.07911428809165955,-7.778503894805908,-5.789161205291748,-1.4130454063415527
8.295000076293945,0.02452331967651844,-7.7577643394470215,-5.770461082458496,-1.4130454063415527
8.300000190734863,-0.031346987932920456,-7.757615566253662,-5.6985955238342285,-1.4087510108947754
8.305000305175781,-0.11257018148899078,-7.764304161071777,-5.7904157638549805,-1.4130454063415527
8.3100004196167,-0.15121759474277496,-7.698577880859375,-5.810633659362793,-1.4130455255508423
8.3149995803833,0.008110065013170242,-7.680175304412842,-5.798314571380615,-1.4173399209976196
8.319999694824219,0.047816697508096695,-7.63118839263916,-5.880431652069092,-1.4054793119430542
8.324999809265137,0.11071550101041794,-7.657836437225342,-5.774791240692139,-1.4044493436813354
8.329999923706055,0.058529920876026154,-7.66075325012207,-5.819945812225342,-1.4001548290252686
8.335000038146973,0.020628316327929497,-7.729532241821289,-5.755456924438477,-1.4034478664398193
8.34000015258789,-0.005926291458308697,-7.713664531707764,-5.7883076667785645,-1.4011563062667847
8.345000267028809,-0.09231007844209671,-7.7442402839660645,-5.756192207336426,-1.4034621715545654
8.350000381469727,-0.06023329496383667,-7.769380569458008,-5.710649490356445,-1.4011420011520386
8.354999542236328,-0.053052496165037155,-7.765899181365967,-5.755578994750977,-1.400154948234558
8.359999656677246,-0.023736795410513878,-7.711619853973389,-5.735997676849365,-1.3958603143692017
8.364999771118164,-0.0026945399586111307,-7.681118488311768,-5.775060176849365,-1.4001548290252686
8.369999885559082,0.01968306116759777,-7.6470136642456055,-5.805811882019043,-1.4001548290252686
8.375,0.042048871517181396,-7.646954536437988,-5.791104316711426,-1.4001548290252686
8.380000114440918,0.02781108021736145,-7.639532089233398,-5.827761650085449,-1.404449224472046
8.385000228881836,-0.00009263031097361818,-7.661511421203613,-5.829296112060547,-1.3915657997131348
8.390000343322754,-0.07428242266178131,-7.656672954559326,-5.818991661071777,-1.3958604335784912
8.395000457763672,-0.08624058961868286,-7.671784400939941,-5.783753395080566,-1.3915657997131348
8.399999618530273,0.0259461160749197,-7.680314064025879,-5.843075275421143,-1.388180136680603
8.404999732971191,0.04673486202955246,-7.662583827972412,-5.760148525238037,-1.3906570672988892
8.40999984741211,0.02898528054356575,-7.6464314460754395,-5.768804550170898,-1.3958603143692017
8.414999961853027,-0.024958157911896706,-7.6786909103393555,-5.760067939758301,-1.3872712850570679
8.420000076293945,-0.0650116428732872,-7.677435874938965,-5.712289333343506,-1.3872714042663574
8.425000190734863,0.03307975083589554,-7.684890270233154,-5.737958908081055,-1.3872714042663574
8.430000305175781,0.032688677310943604,-7.698967456817627,-5.74006986618042,-1.3838428258895874
8.4350004196167,-0.03440973162651062,-7.751364231109619,-5.798210144042969,-1.386405348777771
8.4399995803833,-0.032484833151102066,-7.805863857269287,-5.820962905883789,-1.3915657997131348
8.444999694824219,0.013476995751261711,-7.818556785583496,-5.802565574645996,-1.3872714042663574
8.449999809265137,0.008936428464949131,-7.834067344665527,-5.858377456665039,-1.3838143348693848
8.454999923706055,0.011597292497754097,-7.848065376281738,-5.815964698791504,-1.3829697370529175
8.460000038146973,-0.005717981606721878,-7.890655040740967,-5.820459842681885,-1.3872642517089844
8.46500015258789,-0.05889892578125,-7.9126152992248535,-5.8203349113464355,-1.3872641324996948
8.470000267028809,-0.026947911828756332,-7.9099297523498535,-5.75060510635376,-1.3829697370529175
8.475000381469727,0.03197138383984566,-7.910009384155273,-5.743927478790283,-1.3907568454742432
8.479999542236328,0.04285263270139694,-7.925516128540039,-5.765201091766357,-1.3915659189224243
8.484999656677246,-0.011793362908065319,-7.910695552825928,-5.714622497558594,-1.3837645053863525
8.489999771118164,-0.017524832859635353,-7.926369667053223,-5.719379425048828,-1.3907781839370728
8.494999885559082,-0.02648019790649414,-7.930797576904297,-5.744408130645752,-1.3923392295837402
8.5,-0.011512340977787971,-7.922723770141602,-5.787637710571289,-1.386497974395752
8.505000114440918,-0.008763042278587818,-7.956656455993652,-5.796517848968506,-1.3915659189224243
8.510000228881836,0.006067252717912197,-7.939047813415527,-5.783219814300537,-1.3915657997131348
8.515000343322754,0.004994260147213936,-7.93136739730835,-5.811542510986328,-1.3837217092514038
8.520000457763672,-0.005517532583326101,-7.9593915939331055,-5.826178073883057,-1.3872642517089844
8.524999618530273,-0.025813017040491104,-7.973187446594238,-5.7931671142578125,-1.3872642517089844
8.529999732971191,-0.021590808406472206,-7.903740882873535,-5.814021587371826,-1.390835165977478
8.53499984741211,-0.009913659654557705,-7.912144184112549,-5.729427337646484,-1.3872714042663574
8.539999961853027,0.0014264602214097977,-7.957376956939697,-5.747608184814453,-1.3915659189224243
8.545000076293945,-0.02347050979733467,-7.9685139656066895,-5.764058589935303,-1.387973427772522
8.550000190734863,-0.03802567720413208,-7.922004222869873,-5.727118968963623,-1.3908637762069702
8.555000305175781,-0.008765989914536476,-7.929133892059326,-5.767826080322266,-1.3922536373138428
8.5600004196167,0.021638423204421997,-7.898073673248291,-5.762715816497803,-1.3908780813217163
8.5649995803833,-0.021471913903951645,-7.9456634521484375,-5.821071624755859,-1.3915657997131348
8.569999694824219,-0.027949176728725433,-7.924530506134033,-5.803947925567627,-1.3915657997131348
8.574999809265137,-0.035992689430713654,-7.967713832855225,-5.803536891937256,-1.3958604335784912
8.579999923706055,-0.02540425769984722,-7.951705455780029,-5.84520959854126,-1.3958603143692017
8.585000038146973,-0.022997884079813957,-7.961451053619385,-5.8245391845703125,-1.3958603143692017
8.59000015258789,-0.022597968578338623,-7.920933723449707,-5.806811332702637,-1.3958603143692017
8.595000267028809,-0.009382076561450958,-7.917263984680176,-5.796619892120361,-1.3958603143692017
8.600000381469727,-0.018414082005620003,-7.9797186851501465,-5.768529891967773,-1.3915657997131348
8.604999542236328,0.01086034718900919,-7.90334415435791,-5.790583610534668,-1.3915657997131348
8.609999656677246,-0.030399765819311142,-7.911370277404785,-5.7349853515625,-1.395250916481018
8.614999771118164,-0.023220932111144066,-7.923635005950928,-5.774362087249756,-1.3927775621414185
8.619999885559082,-0.01754448562860489,-7.91868782043457,-5.7461113929748535,-1.399552583694458
8.625,-0.03537169098854065,-7.907873630523682,-5.71912145614624,-1.3915657997131348
8.630000114440918,-0.016160011291503906,-7.916100978851318,-5.772560119628906,-1.3915659189224243
8.635000228881836,0.011280898936092854,-7.861527442932129,-5.806685924530029,-1.4001548290252686
8.640000343322754,-0.029869165271520615,-7.896944999694824,-5.783232688903809,-1.3958603143692017
8.645000457763672,0.011046057567000389,-7.896334171295166,-5.79664421081543,-1.3958604335784912
8.649999618530273,-0.025757990777492523,-7.897519111633301,-5.786732196807861,-1.3958603143692017
8.654999732971191,-0.007206612266600132,-7.91179895401001,-5.821061134338379,-1.4001548290252686
8.65999984741211,0.001099257031455636,-7.908107757568359,-5.800314903259277,-1.4001548290252686
8.664999961853027,-0.013059926219284534,-7.934449672698975,-5.777167797088623,-1.4001548290252686
8.670000076293945,0.000547038740478456,-7.90914249420166,-5.781847953796387,-1.3958603143692017
8.675000190734863,-0.01781568117439747,-7.857515335083008,-5.697260856628418,-1.4001548290252686
8.680000305175781,-0.008160711266100407,-7.879438877105713,-5.797757148742676,-1.400154948234558
8.6850004196167,0.016804059967398643,-7.916317462921143,-5.6903076171875,-1.4082413911819458
8.6899995803833,-0.045660436153411865,-7.872002601623535,-5.714037895202637,-1.4006574153900146
8.694999694824219,-0.001110597513616085,-7.883547782897949,-5.822890281677246,-1.4001548290252686
8.699999809265137,-0.008895691484212875,-7.861122131347656,-5.695933818817139,-1.4001548290252686
8.704999923706055,-0.052306704223155975,-7.848835468292236,-5.873998165130615,-1.4001548290252686
8.710000038146973,0.007260122802108526,-7.853729724884033,-5.812384128570557,-1.4001548290252686
8.71500015258789,-0.013939347118139267,-7.867097854614258,-5.837405204772949,-1.4001548290252686
8.720000267028809,0.005477696657180786,-7.8942694664001465,-5.894542694091797,-1.4001548290252686
8.725000381469727,-0.014429661445319653,-7.8949713706970215,-5.737926483154297,-1.3958604335784912
8.729999542236328,-0.021729355677962303,-7.931252479553223,-5.811598300933838,-1.3915657997131348
8.734999656677246,0.0059021771885454655,-7.916208744049072,-5.779107093811035,-1.4001548290252686
8.739999771118164,0.011705378070473671,-7.954184055328369,-5.689314365386963,-1.4001548290252686
8.744999885559082,0.01019709650427103,-7.935280799865723,-5.831977844238281,-1.4001548290252686
8.75,-0.007535780780017376,-7.942594051361084,-5.648380756378174,-1.3958603143692017
8.755000114440918,-0.005249284207820892,-7.956260681152344,-5.767980098724365,-1.4001548290252686
8.760000228881836,-0.024103302508592606,-7.948292255401611,-5.768112659454346,-1.400154948234558
8.765000343322754,-0.019887972623109818,-7.988644599914551,-5.715282917022705,-1.4001548290252686
8.770000457763672,-0.015189208090305328,-7.951202392578125,-5.869574546813965,-1.4001548290252686
8.774999618530273,-0.026604004204273224,-7.976901054382324,-5.778022766113281,-1.4083696603775024
8.779999732971191,-0.002633620286360383,-7.975980281829834,-5.816372871398926,-1.4048235416412354
8.78499984741211,-0.002973596565425396,-7.976688861846924,-5.887914180755615,-1.4001548290252686
8.789999961853027,-0.019249288365244865,-7.997489929199219,-5.718742370605469,-1.4044493436813354
8.795000076293945,-0.015880953520536423,-7.9837236404418945,-5.8632588386535645,-1.400154948234558
8.800000190734863,-0.02221868559718132,-7.9991607666015625,-5.723232269287109,-1.4001548290252686
8.805000305175781,-0.004212648142129183,-7.993958473205566,-5.743079662322998,-1.3998233079910278
8.8100004196167,0.0001972353784367442,-7.969278812408447,-5.816749095916748,-1.4047807455062866
8.8149995803833,0.007949904538691044,-7.981136322021484,-5.700958728790283,-1.3958603143692017
8.819999694824219,-0.012852598913013935,-7.964581489562988,-5.784748077392578,-1.4001548290252686
8.824999809265137,-0.01974058523774147,-7.961147785186768,-5.76081657409668,-1.4084409475326538
8.829999923706055,0.009872840717434883,-7.971973896026611,-5.74472188949585,-1.4047523736953735
8.835000038146973,-0.022165624424815178,-7.909387588500977,-5.824723720550537,-1.4044493436813354
8.84000015258789,-0.03179013729095459,-7.938066482543945,-5.76458740234375,-1.3998733758926392
8.845000267028809,-0.010837296955287457,-7.881097793579102,-5.82000207901001,-1.4004364013671875
8.850000381469727,-0.012359336949884892,-7.909970760345459,-5.821410655975342,-1.404181957244873
8.854999542236328,-0.007420817855745554,-7.899554252624512,-5.783334255218506,-1.4004220962524414
8.859999656677246,0.020805183798074722,-7.901680946350098,-5.8009257316589355,-1.4041962623596191
8.864999771118164,0.02110978588461876,-7.856738567352295,-5.797661304473877,-1.4047024250030518
8.869999885559082,-0.04464738070964813,-7.854304790496826,-5.739275932312012,-1.3999160528182983
8.875,0.021633511409163475,-7.857612609863281,-5.7935709953308105,-1.4087508916854858
8.880000114440918,-0.032001394778490067,-7.886045455932617,-5.767903804779053,-1.4003864526748657
8.885000228881836,-0.030725987628102303,-7.894606113433838,-5.735775947570801,-1.4001548290252686
8.890000343322754,0.0048262374475598335,-7.8618693351745605,-5.742950916290283,-1.4042390584945679
8.895000457763672,-0.02083715982735157,-7.887948513031006,-5.777101039886475,-1.4087510108947754
8.899999618530273,-0.04685821756720543,-7.906473636627197,-5.790501117706299,-1.4087508916854858
8.904999732971191,-0.0022739896085113287,-7.922940254211426,-5.81542444229126,-1.40035080909729
8.90999984741211,-0.015101756900548935,-7.919933319091797,-5.776682376861572,-1.4085620641708374
8.914999961853027,-0.03168696537613869,-7.923553466796875,-5.812037944793701,-1.4044564962387085
8.920000076293945,-0.005947908852249384,-7.914006233215332,-5.810611248016357,-1.4130454063415527
8.925000190734863,0.009416916407644749,-7.928812026977539,-5.797042369842529,-1.4044564962387085
8.930000305175781,-0.006733001675456762,-7.955702781677246,-5.7789626121521,-1.4087508916854858
8.9350004196167,-0.018569331616163254,-7.96129035949707,-5.752823352813721,-1.4087510108947754
8.9399995803833,-0.020939350128173828,-7.967105388641357,-5.759033203125,-1.4044564962387085
8.944999694824219,-0.010283115319907665,-7.924466133117676,-5.756723880767822,-1.4002939462661743
8.949999809265137,-0.018831685185432434,-7.932826995849609,-5.7342047691345215,-1.4086191654205322
8.954999923706055,-0.010930645279586315,-7.916233062744141,-5.752475261688232,-1.4087510108947754
8.960000038146973,-0.017994515597820282,-7.8934502601623535,-5.771495819091797,-1.4087508916854858
8.96500015258789,-0.020035361871123314,-7.9050517082214355,-5.787103176116943,-1.4044564962387085
8.970000267028809,-0.010855967178940773,-7.908189296722412,-5.797154426574707,-1.4087508916854858
8.975000381469727,0.009349117055535316,-7.922843933105469,-5.800299644470215,-1.4087508916854858
8.979999542236328,-0.01594187505543232,-7.8866705894470215,-5.829482555389404,-1.4045385122299194
8.984999656677246,-0.015217700973153114,-7.874325752258301,-5.803586959838867,-1.4001548290252686
8.989999771118164,-0.010772446170449257,-7.877127170562744,-5.788034915924072,-1.404381513595581
8.994999885559082,0.0190561655908823,-7.90233039855957,-5.773019790649414,-1.4002225399017334
9,0.0019698345568031073,-7.918859004974365,-5.7705464363098145,-1.4043958187103271
9.005000114440918,0.012627052143216133,-7.901971817016602,-5.771124362945557,-1.4002082347869873
9.010000228881836,-0.035368744283914566,-7.913548469543457,-5.806850910186768,-1.4001548290252686
9.015000343322754,-0.04448230564594269,-7.8920698165893555,-5.740773677825928,-1.4087116718292236
9.020000457763672,-0.004720649216324091,-7.916502952575684,-5.754669189453125,-1.4087510108947754
9.024999618530273,-0.011783536523580551,-7.907943248748779,-5.774925708770752,-1.4044742584228516
9.029999732971191,-0.023293644189834595,-7.919702053070068,-5.798704147338867,-1.4001548290252686
9.03499984741211,-0.025730479508638382,-7.917675971984863,-5.770997047424316,-1.4044493436813354
9.039999961853027,-0.030507851392030716,-7.917402267456055,-5.790557384490967,-1.400154948234558
9.045000076293945,-0.013890217989683151,-7.932023525238037,-5.783268928527832,-1.404449224472046
9.050000190734863,-0.015563576482236385,-7.924856662750244,-5.801163196563721,-1.4044493436813354
9.055000305175781,-0.0012304742122069001,-7.901543617248535,-5.802618980407715,-1.4130381345748901
9.0600004196167,0.0029543943237513304,-7.913562774658203,-5.79052209854126,-1.4001548290252686
9.0649995803833,0.002707763109356165,-7.914968967437744,-5.791836738586426,-1.400154948234558
9.069999694824219,-0.023293644189834595,-7.88557243347168,-5.794515609741211,-1.4044493436813354
9.074999809265137,-0.03589934483170509,-7.909025192260742,-5.7860107421875,-1.4087438583374023
9.079999923706055,0.005103327799588442,-7.920412063598633,-5.749770164489746,-1.4044493436813354
9.085000038146973,0.008352766744792461,-7.901861667633057,-5.750444412231445,-1.400154948234558
9.09000015258789,-0.017477666959166527,-7.903334617614746,-5.73592472076416,-1.4044493436813354
9.095000267028809,0.010395579971373081,-7.889449596405029,-5.7638630867004395,-1.4044493436813354
9.100000381469727,-0.03112688660621643,-7.89886474609375,-5.791843414306641,-1.4087438583374023
9.104999542236328,-0.005629549268633127,-7.864488124847412,-5.757571697235107,-1.4087437391281128
9.109999656677246,0.005811778362840414,-7.906257152557373,-5.829623222351074,-1.4044493436813354
9.114999771118164,-0.0071722217835485935,-7.886659622192383,-5.763237953186035,-1.4001548290252686
9.119999885559082,-0.003964051138609648,-7.9313740730285645,-5.804206371307373,-1.4087437391281128
9.125,-0.030660152435302734,-7.935247421264648,-5.8095903396606445,-1.4044493436813354
9.130000114440918,-0.021763745695352554,-7.89633321762085,-5.7709269523620605,-1.4044493436813354
9.135000228881836,-0.02376921847462654,-7.888423442840576,-5.764306545257568,-1.4044493436813354
9.140000343322754,-0.045619167387485504,-7.883395671844482,-5.796748638153076,-1.408889889717102
9.145000457763672,-0.004925028420984745,-7.903231620788574,-5.768783092498779,-1.408597707748413
9.149999618530273,-0.01451023481786251,-7.897209644317627,-5.773247718811035,-1.4044493436813354
9.154999732971191,-0.008963491767644882,-7.923297882080078,-5.768052577972412,-1.4044493436813354
9.15999984741211,0.0027686834800988436,-7.9085307121276855,-5.766266822814941,-1.4044493436813354
9.164999961853027,-0.006659307051450014,-7.8888258934021,-5.788430690765381,-1.4044493436813354
9.170000076293945,-0.03188643231987953,-7.917690277099609,-5.773024082183838,-1.4044493436813354
9.175000190734863,0.011281880550086498,-7.895122528076172,-5.829358100891113,-1.4001548290252686
9.180000305175781,-0.02399914711713791,-7.922991752624512,-5.824959754943848,-1.3999518156051636
9.1850004196167,-0.01540734339505434,-7.920162200927734,-5.7999348640441895,-1.4046523571014404
9.1899995803833,-0.0019212383776903152,-7.877353191375732,-5.810054779052734,-1.400154948234558
9.194999694824219,-0.02904476784169674,-7.899045944213867,-5.843636512756348,-1.4044493436813354
9.199999809265137,0.002277387073263526,-7.906766414642334,-5.787734031677246,-1.4003865718841553
9.204999923706055,-0.002663096645846963,-7.938669681549072,-5.792603969573975,-1.4085122346878052
9.210000038146973,-0.017802909016609192,-7.918798446655273,-5.767387390136719,-1.4001548290252686
9.21500015258789,-0.01788446307182312,-7.9283447265625,-5.77490758895874,-1.400154948234558
9.220000267028809,-0.00284684170037508,-7.915261268615723,-5.786249160766602,-1.4001548290252686
9.225000381469727,-0.005722894798964262,-7.929116725921631,-5.7979044914245605,-1.400154948234558
9.229999542236328,0.0013183749979361892,-7.908252716064453,-5.79989767074585,-1.4044493436813354
9.234999656677246,-0.025702964514493942,-7.927890777587891,-5.792922496795654,-1.4044493436813354
9.239999771118164,-0.0016746071632951498,-7.890690326690674,-5.774685859680176,-1.4001548290252686
9.244999885559082,0.0034653437323868275,-7.8955864906311035,-5.819558620452881,-1.4044493436813354
9.25,-0.03321882709860802,-7.925155162811279,-5.8110246658325195,-1.400154948234558
9.255000114440918,-0.024582810699939728,-7.932587146759033,-5.7868332862854,-1.4001548290252686
9.260000228881836,0.013849398121237755,-7.9136505126953125,-5.759597301483154,-1.4044493436813354
9.265000343322754,-0.005358352325856686,-7.894418239593506,-5.799670696258545,-1.404449224472046
9.270000457763672,0.018256334587931633,-7.905360698699951,-5.790598392486572,-1.400154948234558
9.274999618530273,-0.025743253529071808,-7.894656181335449,-5.7627644538879395,-1.4044493436813354
9.279999732971191,-0.024614250287413597,-7.89786958694458,-5.769630432128906,-1.4087437391281128
9.28499984741211,0.001054057152941823,-7.907625198364258,-5.767109394073486,-1.400154948234558
9.289999961853027,-0.059351906180381775,-7.926064968109131,-5.797571659088135,-1.404449224472046
9.295000076293945,-0.03198567405343056,-7.9229583740234375,-5.75209903717041,-1.404449462890625
9.300000190734863,0.007449762430042028,-7.893790245056152,-5.804360389709473,-1.4044493436813354
9.305000305175781,-0.020646534860134125,-7.926542282104492,-5.821554183959961,-1.4044493436813354
9.3100004196167,0.0012869316851720214,-7.905810832977295,-5.78132438659668,-1.4001548290252686
9.3149995803833,-0.03360302373766899,-7.909457683563232,-5.810772895812988,-1.3997594118118286
9.319999694824219,-0.06235766038298607,-7.904811382293701,-5.805391788482666,-1.3962560892105103
9.324999809265137,-0.007662535645067692,-7.912567615509033,-5.79461145401001,-1.3958603143692017
9.329999923706055,-0.04671967402100563,-7.917567729949951,-5.78095817565918,-1.4044493436813354
9.335000038146973,-0.0031298284884542227,-7.9178266525268555,-5.782989025115967,-1.4001548290252686
9.34000015258789,0.023947520181536674,-7.889893054962158,-5.777754783630371,-1.4044493436813354
9.345000267028809,-0.04083295166492462,-7.929355144500732,-5.782036781311035,-1.4044493436813354
9.350000381469727,0.009846311062574387,-7.910128116607666,-5.7579779624938965,-1.400154948234558
9.354999542236328,0.004769245628267527,-7.896389007568359,-5.7614312171936035,-1.3997023105621338
9.359999656677246,-0.027358636260032654,-7.910863399505615,-5.768993377685547,-1.3958532810211182
9.364999771118164,-0.004368880297988653,-7.9132795333862305,-5.787718296051025,-1.400614619255066
9.369999885559082,0.00381809426471591,-7.901902198791504,-5.819621562957764,-1.4001548290252686
9.375,-0.015236372128129005,-7.945911407470703,-5.798057556152344,-1.4044493436813354
9.380000114440918,-0.00834052637219429,-7.9057183265686035,-5.793574810028076,-1.4087437391281128
9.385000228881836,-0.0253305621445179,-7.8927998542785645,-5.796599864959717,-1.399659514427185
9.390000343322754,-0.03872331604361534,-7.885471343994141,-5.788882255554199,-1.3963558673858643
9.395000457763672,0.00041930144652724266,-7.902717113494873,-5.8355793952941895,-1.4001548290252686
9.399999618530273,-0.025357091799378395,-7.944154739379883,-5.79560661315918,-1.400154948234558
9.404999732971191,-0.008343474008142948,-7.927423477172852,-5.7687296867370605,-1.4001548290252686
9.40999984741211,0.012387298978865147,-7.937018394470215,-5.7927937507629395,-1.4087437391281128
9.414999961853027,-0.010442296043038368,-7.934470176696777,-5.768981456756592,-1.4001548290252686
9.420000076293945,-0.006516830995678902,-7.911177158355713,-5.763065338134766,-1.3958604335784912
9.425000190734863,-0.0031563586089760065,-7.926365852355957,-5.75998067855835,-1.404449462890625
9.430000305175781,-0.039368886500597,-7.889499664306641,-5.779486656188965,-1.4001548290252686
9.4350004196167,0.004654282238334417,-7.883345127105713,-5.793458938598633,-1.400154948234558
9.4399995803833,-0.01839049905538559,-7.906109809875488,-5.788959503173828,-1.4044493436813354
9.444999694824219,0.00012157595483586192,-7.920830726623535,-5.7751784324646,-1.4087438583374023
9.449999809265137,0.0005264041828922927,-7.902241230010986,-5.777655601501465,-1.4001548290252686
9.454999923706055,-0.021636009216308594,-7.894730567932129,-5.817292213439941,-1.4044493436813354
9.460000038146973,0.0023952985648065805,-7.895289897918701,-5.745671272277832,-1.404449224472046
9.46500015258789,0.007402597926557064,-7.904009819030762,-5.790521144866943,-1.4087437391281128
9.470000267028809,-0.01140032522380352,-7.900489807128906,-5.788001537322998,-1.400154948234558
9.475000381469727,0.02295215241611004,-7.928532123565674,-5.762613773345947,-1.4044493436813354
9.479999542236328,-0.000012057672392984387,-7.896535873413086,-5.789154052734375,-1.4001548290252686
9.484999656677246,-0.018681347370147705,-7.895683288574219,-5.77260684967041,-1.4087437391281128
9.489999771118164,-0.006928537972271442,-7.914533615112305,-5.789941310882568,-1.4001548290252686
9.494999885559082,-0.0025294634979218245,-7.896584510803223,-5.768614768981934,-1.4087437391281128
9.5,-0.007812872529029846,-7.89647102355957,-5.755587100982666,-1.4044493436813354
9.505000114440918,-0.02903789095580578,-7.899210453033447,-5.800149440765381,-1.4001548290252686
9.510000228881836,-0.03242587298154831,-7.927628040313721,-5.758543491363525,-1.3958603143692017
9.515000343322754,-0.004823821596801281,-7.947298526763916,-5.781655311584473,-1.4044493436813354
9.520000457763672,-0.016139376908540726,-7.923972129821777,-5.797873020172119,-1.4044493436813354
9.524999618530273,-0.024804875254631042,-7.933566570281982,-5.788796901702881,-1.4044493436813354
9.529999732971191,-0.026210967451334,-7.900655269622803,-5.806148052215576,-1.404449224472046
9.53499984741211,-0.013309505768120289,-7.9318413734436035,-5.784678936004639,-1.4001548290252686
9.539999961853027,-0.006731036584824324,-7.91689920425415,-5.800444602966309,-1.4044493436813354
9.545000076293945,-0.013165065087378025,-7.913514614105225,-5.756343364715576,-1.4001548290252686
9.550000190734863,-0.04455796256661415,-7.918394088745117,-5.784805774688721,-1.4044493436813354
9.555000305175781,-0.011494653299450874,-7.894813060760498,-5.777378559112549,-1.4001548290252686
9.5600004196167,-0.04143233224749565,-7.9043121337890625,-5.761401653289795,-1.4001548290252686
9.5649995803833,-0.026779888197779655,-7.894561290740967,-5.789923667907715,-1.404449224472046
9.569999694824219,0.005311638582497835,-7.8881402015686035,-5.788581848144531,-1.4044493436813354
9.574999809265137,-0.026882078498601913,-7.919261455535889,-5.79245662689209,-1.4087438583374023
9.579999923706055,-0.023239601403474808,-7.905004978179932,-5.817724704742432,-1.4001548290252686
9.585000038146973,0.007559813559055328,-7.888593673706055,-5.805337429046631,-1.4001548290252686
9.59000015258789,-0.0052728671580553055,-7.9123101234436035,-5.786725044250488,-1.4087437391281128
9.595000267028809,-0.02809853106737137,-7.938135623931885,-5.782546520233154,-1.4001548290252686
9.600000381469727,-0.004418009892106056,-7.879214286804199,-5.776706695556641,-1.404449224472046
9.604999542236328,-0.04477904736995697,-7.9039306640625,-5.795412063598633,-1.4087437391281128
9.609999656677246,0.00040063183405436575,-7.8923187255859375,-5.789846897125244,-1.4044493436813354
9.614999771118164,-0.00838376022875309,-7.891510009765625,-5.818601131439209,-1.4001548290252686
9.619999885559082,-0.05524269491434097,-7.8906168937683105,-5.75226354598999,-1.4044493436813354
9.625,-0.015459422022104263,-7.906579971313477,-5.771878242492676,-1.404449224472046
9.630000114440918,-0.011081963777542114,-7.905725479125977,-5.769646644592285,-1.4044493436813354
9.635000228881836,-0.019449735060334206,-7.906895160675049,-5.772136688232422,-1.4001548290252686
9.640000343322754,0.015641650184988976,-7.896796703338623,-5.777630805969238,-1.4087437391281128
9.645000457763672,-0.030466582626104355,-7.911168575286865,-5.824159145355225,-1.4001548290252686
9.649999618530273,-0.023362426087260246,-7.926763534545898,-5.850823879241943,-1.4130382537841797
9.654999732971191,-0.010698751546442509,-7.905576229095459,-5.839572429656982,-1.4001548290252686
9.65999984741211,-0.013888251036405563,-7.944919586181641,-5.777175426483154,-1.4010422229766846
9.664999961853027,0.0032432773150503635,-7.9118266105651855,-5.836864471435547,-1.4121508598327637
9.670000076293945,-0.011864108964800835,-7.940542697906494,-5.8245849609375,-1.4001548290252686
9.675000190734863,0.007477276027202606,-7.92086124420166,-5.8115644454956055,-1.4087437391281128
9.680000305175781,-0.00024394971842411906,-7.915247917175293,-5.772941589355469,-1.4001548290252686
9.6850004196167,-0.007938644848763943,-7.906511306762695,-5.810477256774902,-1.4044493436813354
9.6899995803833,-0.01858014054596424,-7.9101996421813965,-5.772707939147949,-1.4001548290252686
9.694999694824219,-0.008317926898598671,-7.914109230041504,-5.781979560852051,-1.404449224472046
9.699999809265137,-0.01434024702757597,-7.910284996032715,-5.772093772888184,-1.4096882343292236
9.704999923706055,-0.03808463364839554,-7.89236307144165,-5.7984490394592285,-1.4077993631362915
9.710000038146973,-0.004162535071372986,-7.902653694152832,-5.788731575012207,-1.4001548290252686
9.71500015258789,-0.02445310726761818,-7.906579971313477,-5.8333516120910645,-1.4087437391281128
9.720000267028809,-0.012151027098298073,-7.894164562225342,-5.806244373321533,-1.4001548290252686
9.725000381469727,-0.011494653299450874,-7.900302886962891,-5.770129203796387,-1.4044493436813354
9.729999542236328,-0.04686509817838669,-7.921682357788086,-5.757986068725586,-1.4001548290252686
9.734999656677246,0.0075853606685996056,-7.892765998840332,-5.777146816253662,-1.4044493436813354
9.739999771118164,-0.039709847420454025,-7.914346218109131,-5.778134346008301,-1.4001548290252686
9.744999885559082,-0.027616076171398163,-7.921126842498779,-5.786869525909424,-1.4044493436813354
9.75,-0.0014122541761025786,-7.898170471191406,-5.741881370544434,-1.404449224472046
9.755000114440918,-0.0221273060888052,-7.898015975952148,-5.775491714477539,-1.4044493436813354
9.760000228881836,-0.015775814652442932,-7.890261650085449,-5.772064685821533,-1.4087438583374023
9.765000343322754,-0.012257146649062634,-7.9277729988098145,-5.7594075202941895,-1.4001548290252686
9.770000457763672,-0.002812450984492898,-7.919031620025635,-5.781521320343018,-1.4044493436813354
9.774999618530273,0.011535389348864555,-7.91905403137207,-5.768707752227783,-1.4001548290252686
9.779999732971191,-0.015916327014565468,-7.911861896514893,-5.791142463684082,-1.4001548290252686
9.78499984741211,-0.014628145843744278,-7.903637409210205,-5.820286750793457,-1.404449224472046
9.789999961853027,-0.012658045627176762,-7.9259748458862305,-5.78145170211792,-1.4044493436813354
9.795000076293945,-0.030452825129032135,-7.894489765167236,-5.801657199859619,-1.4087438583374023
9.800000190734863,-0.010338139720261097,-7.92724084854126,-5.7895402908325195,-1.404449224472046
9.805000305175781,0.0037719127722084522,-7.8556013107299805,-5.786046981811523,-1.4044493436813354
9.8100004196167,-0.0275148693472147,-7.921148777008057,-5.7890448570251465,-1.409844994544983
9.8149995803833,-0.010555294342339039,-7.910748481750488,-5.7871623039245605,-1.4119369983673096
9.819999694824219,0.00952205341309309,-7.878421306610107,-5.779141426086426,-1.4087437391281128
9.824999809265137,-0.009154113940894604,-7.932914733886719,-5.757913589477539,-1.4044493436813354
9.829999923706055,0.02044653706252575,-7.925592422485352,-5.757110595703125,-1.4012846946716309
9.835000038146973,-0.015910431742668152,-7.928407192230225,-5.774001598358154,-1.4130454063415527
9.84000015258789,-0.012190330773591995,-7.883910179138184,-5.768014430999756,-1.4076069593429565
9.845000267028809,-0.012678680010139942,-7.923506259918213,-5.799952030181885,-1.4044493436813354
9.850000381469727,-0.02189541421830654,-7.9236321449279785,-5.8035807609558105,-1.3958604335784912
9.854999542236328,0.005064023658633232,-7.885280609130859,-5.816671848297119,-1.404449224472046
9.859999656677246,-0.03812393918633461,-7.8978471755981445,-5.833719253540039,-1.4087437391281128
9.864999771118164,-0.01033322699368,-7.914689064025879,-5.7870612144470215,-1.404449224472046
9.869999885559082,-0.04587366059422493,-7.9177165031433105,-5.784060478210449,-1.4001548290252686
9.875,-0.012526377104222775,-7.918148994445801,-5.811940670013428,-1.4001548290252686
9.880000114440918,-0.023079438135027885,-7.910614967346191,-5.751784801483154,-1.4001548290252686
9.885000228881836,-0.016376182436943054,-7.89564323425293,-5.747951030731201,-1.4001548290252686
9.890000343322754,-0.015994934365153313,-7.8992719650268555,-5.781654357910156,-1.404449224472046
9.895000457763672,-0.0069196950644254684,-7.899344444274902,-5.809996604919434,-1.4001548290252686
9.899999618530273,0.015798866748809814,-7.906447887420654,-5.813564777374268,-1.4001548290252686
9.904999732971191,0.007347573060542345,-7.906520366668701,-5.813557147979736,-1.4001548290252686
9.90999984741211,-0.009712227620184422,-7.91269588470459,-5.810715675354004,-1.4001548290252686
9.914999961853027,0.013160599395632744,-7.905032157897949,-5.802473068237305,-1.4087437391281128
9.920000076293945,-0.0007706203614361584,-7.916823863983154,-5.780271053314209,-1.4001548290252686
9.925000190734863,-0.023979494348168373,-7.907009124755859,-5.804641246795654,-1.4001548290252686
9.930000305175781,-0.0029067792929708958,-7.910281181335449,-5.777292728424072,-1.4001548290252686
9.9350004196167,0.024805324152112007,-7.876467704772949,-5.772278308868408,-1.4001548290252686
9.9399995803833,-0.005089122336357832,-7.921197414398193,-5.763435363769531,-1.4001548290252686
9.944999694824219,-0.0031838712748140097,-7.878950595855713,-5.774860382080078,-1.3945666551589966
9.949999809265137,0.007204114459455013,-7.92229700088501,-5.743502140045166,-1.3971539735794067
9.954999923706055,0.007345608435571194,-7.896348476409912,-5.757148742675781,-1.4001548290252686
9.960000038146973,0.0017821590881794691,-7.9055609703063965,-5.756381511688232,-1.4001548290252686
9.96500015258789,0.008260402828454971,-7.8875651359558105,-5.772385597229004,-1.3958604335784912
9.970000267028809,-0.015863265842199326,-7.905966281890869,-5.774181365966797,-1.4001548290252686
9.975000381469727,-0.0328071229159832,-7.917330741882324,-5.803500175476074,-1.4044493436813354
9.979999542236328,0.00598176708444953,-7.870326519012451,-5.785190105438232,-1.4044493436813354
9.984999656677246,-0.019040977582335472,-7.932683944702148,-5.803481101989746,-1.404449224472046
9.989999771118164,-0.020919697359204292,-7.921067237854004,-5.793148517608643,-1.401512622833252
9.994999885559082,-0.01833350956439972,-7.913135051727295,-5.8156023025512695,-1.4130454063415527
10,-0.023672927170991898,-7.922770977020264,-5.765567302703857,-1.4116734266281128
10.005000114440918,-0.0060068643651902676,-7.895005702972412,-5.769166946411133,-1.404449224472046
10.010000228881836,-0.02228943258523941,-7.896852493286133,-5.764275550842285,-1.4044493436813354
10.015000343322754,-0.03611944615840912,-7.9174346923828125,-5.767395973205566,-1.4044493436813354
10.020000457763672,-0.0012520914897322655,-7.913905620574951,-5.775263786315918,-1.4001548290252686
10.024999618530273,-0.051861587911844254,-7.925962924957275,-5.776791095733643,-1.4001548290252686
10.029999732971191,-0.02501416578888893,-7.923497676849365,-5.807061195373535,-1.404449224472046
10.03499984741211,-0.001426010625436902,-7.906665325164795,-5.781495094299316,-1.4044493436813354
10.039999961853027,-0.004849369637668133,-7.909816265106201,-5.785979747772217,-1.4087437391281128
10.045000076293945,-0.000058239387726644054,-7.920261859893799,-5.778754234313965,-1.4044493436813354
10.050000190734863,-0.008989037945866585,-7.910898685455322,-5.830227375030518,-1.4087437391281128
10.055000305175781,-0.0008659320301376283,-7.927431106567383,-5.789291858673096,-1.4087437391281128
10.0600004196167,-0.00005823996616527438,-7.904983043670654,-5.773497104644775,-1.4144959449768066
10.0649995803833,-0.019103864207863808,-7.91566276550293,-5.764584541320801,-1.4072861671447754
10.069999694824219,-0.009034237824380398,-7.908278465270996,-5.770114421844482,-1.4044493436813354
10.074999809265137,0.0004821871407330036,-7.91804838180542,-5.744078636169434,-1.4001548290252686
10.079999923706055,0.009203693829476833,-7.907487392425537,-5.765419960021973,-1.4001548290252686
10.085000038146973,-0.01993906870484352,-7.893373012542725,-5.762418270111084,-1.404449224472046
10.09000015258789,-0.01015439536422491,-7.8975372314453125,-5.779345989227295,-1.404449224472046
10.095000267028809,-0.0019212381448596716,-7.918176174163818,-5.7637224197387695,-1.4087438583374023
10.100000381469727,-0.013890218921005726,-7.897528171539307,-5.7992377281188965,-1.4044493436813354
10.104999542236328,-0.019902711734175682,-7.881718635559082,-5.794462203979492,-1.4044493436813354
10.109999656677246,-0.004983001854270697,-7.897954940795898,-5.806118011474609,-1.4001548290252686
10.114999771118164,-0.01208421029150486,-7.882828235626221,-5.808659076690674,-1.4001548290252686
10.119999885559082,0.006200885865837336,-7.896824359893799,-5.822030544281006,-1.4001548290252686
10.125,-0.02951444871723652,-7.9089860916137695,-5.766900062561035,-1.4059996604919434
10.130000114440918,-0.025425875559449196,-7.903923511505127,-5.7578864097595215,-1.4114880561828613
10.135000228881836,-0.017798976972699165,-7.892079830169678,-5.742232799530029,-1.4103083610534668
10.140000343322754,-0.03839808329939842,-7.901662826538086,-5.7736406326293945,-1.4087508916854858
10.145000457763672,0.0018666628748178482,-7.914951801300049,-5.746896743774414,-1.4114665985107422
10.149999618530273,-0.009317224845290184,-7.920968532562256,-5.770998001098633,-1.4044493436813354
10.154999732971191,0.002922951942309737,-7.934621810913086,-5.7721333503723145,-1.4087437391281128
10.15999984741211,0.008326237089931965,-7.88023042678833,-5.77176570892334,-1.4087437391281128
10.164999961853027,-0.015730617567896843,-7.924990653991699,-5.782294750213623,-1.4044493436813354
10.170000076293945,0.014712116681039333,-7.891320705413818,-5.803488254547119,-1.4087437391281128
10.175000190734863,-0.02372795157134533,-7.914714813232422,-5.823601722717285,-1.4001548290252686
10.180000305175781,-0.021133901551365852,-7.89840841293335,-5.818233966827393,-1.4087437391281128
10.1850004196167,0.01376391388475895,-7.897257328033447,-5.793422698974609,-1.4087438583374023
10.1899995803833,-0.02186298742890358,-7.913506507873535,-5.807119369506836,-1.4087437391281128
10.194999694824219,-0.00343934609554708,-7.909117698669434,-5.799021244049072,-1.4044493436813354
10.199999809265137,0.00014220956654753536,-7.906849384307861,-5.756274223327637,-1.4087438583374023
10.204999923706055,-0.0005799973732791841,-7.924576282501221,-5.759732723236084,-1.4087437391281128
10.210000038146973,-0.018329579383134842,-7.920616149902344,-5.75724458694458,-1.4087438583374023
10.21500015258789,0.00013140140799805522,-7.921664714813232,-5.75661039352417,-1.4044493436813354
10.220000267028809,-0.008512480184435844,-7.897084712982178,-5.7666497230529785,-1.41042959690094
10.225000381469727,-0.010913940146565437,-7.948556423187256,-5.788377285003662,-1.411352515220642
10.229999542236328,-0.000025813900720095262,-7.9403533935546875,-5.810951232910156,-1.4044493436813354
10.234999656677246,-0.0019123947713524103,-7.880914211273193,-5.790076732635498,-1.400154709815979
10.239999771118164,-0.006161131896078587,-7.898156642913818,-5.794475555419922,-1.4044493436813354
10.244999885559082,-0.00384810590185225,-7.895579814910889,-5.799341678619385,-1.4001548290252686
10.25,-0.02155052125453949,-7.89941930770874,-5.785245418548584,-1.404449224472046
10.255000114440918,-0.021426714956760406,-7.90131950378418,-5.812657833099365,-1.3958604335784912
10.260000228881836,0.004299565684050322,-7.926445960998535,-5.767495155334473,-1.404449224472046
10.265000343322754,0.0028757869731634855,-7.893599033355713,-5.7639851570129395,-1.4001548290252686
10.270000457763672,0.023596733808517456,-7.886720657348633,-5.739556789398193,-1.404449224472046
10.274999618530273,-0.008187241852283478,-7.904054641723633,-5.764155864715576,-1.4044493436813354
10.279999732971191,-0.025348251685500145,-7.9352312088012695,-5.780119895935059,-1.4087438583374023
10.28499984741211,-0.013433312065899372,-7.887744903564453,-5.7463178634643555,-1.4062275886535645
10.289999961853027,-0.019465457648038864,-7.916340351104736,-5.81892728805542,-1.4087508916854858
10.295000076293945,-0.004602737724781036,-7.898296356201172,-5.790480136871338,-1.4069582223892212
10.300000190734863,-0.000995634589344263,-7.9195942878723145,-5.787586688995361,-1.4044493436813354
10.305000305175781,-0.008174467831850052,-7.913961887359619,-5.8149027824401855,-1.404449224472046
10.3100004196167,0.017004508525133133,-7.893394470214844,-5.752874374389648,-1.404449224472046
10.3149995803833,-0.02406301535665989,-7.890929222106934,-5.829968452453613,-1.4001548290252686
10.319999694824219,-0.008186258375644684,-7.897520065307617,-5.772481918334961,-1.3958603143692017
10.324999809265137,0.015773318707942963,-7.888617992401123,-5.779731273651123,-1.4044493436813354
10.329999923706055,-0.02802778221666813,-7.919943809509277,-5.778257369995117,-1.4044493436813354
10.335000038146973,-0.016391903162002563,-7.911466598510742,-5.761386871337891,-1.4025996923446655
10.34000015258789,-0.02303227409720421,-7.9149346351623535,-5.774576663970947,-1.3977099657058716
10.345000267028809,-0.0031514454167336226,-7.903067588806152,-5.784394264221191,-1.4001548290252686
10.350000381469727,-0.018543783575296402,-7.900310516357422,-5.762990951538086,-1.3982837200164795
10.354999542236328,-0.020454930141568184,-7.898373126983643,-5.782922267913818,-1.3977314233779907
10.359999656677246,-0.011577191762626171,-7.9259538650512695,-5.78622579574585,-1.4044493436813354
10.364999771118164,-0.006440188270062208,-7.928577899932861,-5.82583475112915,-1.4001548290252686
10.369999885559082,-0.037114813923835754,-7.922818660736084,-5.820521354675293,-1.4044493436813354
10.375,-0.016203245148062706,-7.94248628616333,-5.812074184417725,-1.4001548290252686
10.380000114440918,-0.012033116072416306,-7.922858715057373,-5.83494234085083,-1.4001548290252686
10.385000228881836,-0.029340527951717377,-7.896510124206543,-5.7967352867126465,-1.4001548290252686
10.390000343322754,-0.01637028343975544,-7.893913269042969,-5.834294319152832,-1.4001548290252686
10.395000457763672,-0.024741988629102707,-7.89066743850708,-5.764389991760254,-1.4001548290252686
10.399999618530273,-0.012738618068397045,-7.910012722015381,-5.8081889152526855,-1.3982125520706177
10.404999732971191,0.00824075099080801,-7.9084858894348145,-5.7745747566223145,-1.397802710533142
10.40999984741211,-0.010022726841270924,-7.912633895874023,-5.764362335205078,-1.404449224472046
10.414999961853027,-0.021958298981189728,-7.916206359863281,-5.763675689697266,-1.4044493436813354
10.420000076293945,0.007901757024228573,-7.906711578369141,-5.779499530792236,-1.4001548290252686
10.425000190734863,-0.00771068362519145,-7.893709659576416,-5.756003379821777,-1.4001548290252686
10.430000305175781,-0.0038805310614407063,-7.890776634216309,-5.789618492126465,-1.4044493436813354
10.4350004196167,-0.009018516167998314,-7.89406681060791,-5.77106237411499,-1.404449224472046
10.4399995803833,-0.012093053199350834,-7.906839370727539,-5.808860778808594,-1.3958604335784912
10.444999694824219,-0.019239461049437523,-7.922098636627197,-5.823228359222412,-1.404449224472046
10.449999809265137,-0.009822278283536434,-7.902503967285156,-5.793972492218018,-1.4044493436813354
10.454999923706055,-0.01747668720781803,-7.90485954284668,-5.798340320587158,-1.4001548290252686
10.460000038146973,0.015228960663080215,-7.909111976623535,-5.750480651855469,-1.4001548290252686
10.46500015258789,-0.0255290474742651,-7.911015510559082,-5.76071310043335,-1.3981198072433472
10.470000267028809,0.022579748183488846,-7.926884651184082,-5.741042613983154,-1.397895336151123
10.475000381469727,0.004232748877257109,-7.899564266204834,-5.751331329345703,-1.4044493436813354
10.479999542236328,-0.028230197727680206,-7.896045684814453,-5.7606329917907715,-1.4001548290252686
10.484999656677246,-0.002247459255158901,-7.9135942459106445,-5.779234409332275,-1.4001548290252686
10.489999771118164,-0.006489318795502186,-7.903228759765625,-5.814198970794678,-1.404449224472046
10.494999885559082,-0.017470791935920715,-7.906142234802246,-5.842828750610352,-1.398077130317688
10.5,-0.016285782679915428,-7.909592151641846,-5.793463230133057,-1.3979381322860718
10.505000114440918,-0.0078207328915596,-7.904470920562744,-5.7865729331970215,-1.3958603143692017
10.510000228881836,-0.00007199586980277672,-7.911131381988525,-5.818191051483154,-1.3980556726455688
10.515000343322754,-0.027149345725774765,-7.906351089477539,-5.761691093444824,-1.3936649560928345
10.520000457763672,-0.011679381132125854,-7.887646198272705,-5.799649238586426,-1.4044493436813354
10.524999618530273,-0.015532135032117367,-7.922687530517578,-5.789267539978027,-1.404449224472046
10.529999732971191,-0.036266833543777466,-7.913815498352051,-5.779877662658691,-1.404449224472046
10.53499984741211,-0.015576350502669811,-7.887203693389893,-5.756134986877441,-1.4087438583374023
10.539999961853027,-0.012637410312891006,-7.910759925842285,-5.74794340133667,-1.4001548290252686
10.545000076293945,-0.021637974306941032,-7.893308162689209,-5.777726650238037,-1.4001548290252686
10.550000190734863,-0.025210686028003693,-7.908312797546387,-5.774722099304199,-1.4001548290252686
10.555000305175781,-0.023197351023554802,-7.884756565093994,-5.795280933380127,-1.3979915380477905
10.5600004196167,-0.006847965531051159,-7.906346797943115,-5.787935733795166,-1.3980236053466797
10.5649995803833,0.005171126686036587,-7.908892631530762,-5.776268482208252,-1.4001548290252686
10.569999694824219,-0.008087016642093658,-7.8932271003723145,-5.795189380645752,-1.4001548290252686
10.574999809265137,-0.009154113940894604,-7.893108367919922,-5.799813747406006,-1.4001548290252686
10.579999923706055,-0.01221391186118126,-7.914341926574707,-5.770143985748291,-1.3936614990234375
10.585000038146973,-0.03614892438054085,-7.9065327644348145,-5.74029541015625,-1.3980592489242554
10.59000015258789,-0.024346984922885895,-7.9310808181762695,-5.780572891235352,-1.3958604335784912
10.595000267028809,-0.008561610244214535,-7.927449703216553,-5.788371562957764,-1.3979345560073853
10.600000381469727,-0.02993008680641651,-7.897215843200684,-5.772134780883789,-1.3980807065963745
10.604999542236328,-0.014591790735721588,-7.887965679168701,-5.794937610626221,-1.4001548290252686
10.609999656677246,-0.03227848559617996,-7.911201000213623,-5.7882890701293945,-1.4001548290252686
10.614999771118164,-0.01777932606637478,-7.9340410232543945,-5.829329013824463,-1.4044493436813354
10.619999885559082,-0.021041538566350937,-7.92311429977417,-5.774238586425781,-1.4044493436813354
10.625,-0.0419933944940567,-7.92267370223999,-5.790347099304199,-1.4001548290252686
10.630000114440918,-0.009577611461281776,-7.914907932281494,-5.785521030426025,-1.4001548290252686
10.635000228881836,-0.013802767731249332,-7.885066509246826,-5.7927165031433105,-1.4001548290252686
10.640000343322754,-0.01801416650414467,-7.899755954742432,-5.772998809814453,-1.3958603143692017
10.645000457763672,0.0022390661761164665,-7.895833969116211,-5.793652057647705,-1.4001548290252686
10.649999618530273,-0.014362845569849014,-7.913645267486572,-5.794128894805908,-1.4044493436813354
10.654999732971191,-0.032317787408828735,-7.893141269683838,-5.796393394470215,-1.4087437391281128
10.65999984741211,-0.012053749524056911,-7.9180684089660645,-5.797127723693848,-1.3978418111801147
10.664999961853027,0.008089431561529636,-7.938287734985352,-5.754913330078125,-1.4067622423171997
10.670000076293945,-0.012962648645043373,-7.933302879333496,-5.763974189758301,-1.4001548290252686
10.675000190734863,-0.013809644617140293,-7.900947570800781,-5.797670364379883,-1.4001548290252686
10.680000305175781,-0.007592771667987108,-7.897887706756592,-5.7886433601379395,-1.4001548290252686
10.6850004196167,-0.013611161150038242,-7.885710716247559,-5.818052768707275,-1.4001548290252686
10.6899995803833,-0.014566243626177311,-7.914308547973633,-5.783222675323486,-1.4001548290252686
10.694999694824219,-0.013834210112690926,-7.907662868499756,-5.801696300506592,-1.4001548290252686
10.699999809265137,0.0038780327886343002,-7.934421062469482,-5.7884907722473145,-1.3958603143692017
10.704999923706055,-0.0037694978527724743,-7.898287296295166,-5.786871433258057,-1.4001548290252686
10.710000038146973,0.008713378570973873,-7.907133102416992,-5.7738542556762695,-1.404449224472046
10.71500015258789,-0.018975144252181053,-7.907517910003662,-5.784182071685791,-1.4001548290252686
10.720000267028809,0.004111890681087971,-7.917644023895264,-5.811824321746826,-1.4087438583374023
10.725000381469727,0.0063020926900208,-7.894266605377197,-5.792975425720215,-1.4068548679351807
10.729999542236328,-0.01008364837616682,-7.906853199005127,-5.798217296600342,-1.4020437002182007
10.734999656677246,-0.031837303191423416,-7.91758918762207,-5.7864580154418945,-1.404449224472046
10.739999771118164,-0.023702403530478477,-7.90882682800293,-5.775811672210693,-1.4001548290252686
10.744999885559082,-0.012996057979762554,-7.896366119384766,-5.770780563354492,-1.404449224472046
10.75,-0.008852457627654076,-7.906978607177734,-5.777166366577148,-1.4001548290252686
10.755000114440918,-0.03728774935007095,-7.9317121505737305,-5.785467147827148,-1.4087438583374023
10.760000228881836,-0.002130531007423997,-7.916268825531006,-5.783185005187988,-1.4001548290252686
10.765000343322754,0.002646842272952199,-7.9333109855651855,-5.791916370391846,-1.4044493436813354
10.770000457763672,-0.013674046844244003,-7.9354352951049805,-5.810337543487549,-1.404449224472046
10.774999618530273,0.011145300231873989,-7.917398929595947,-5.8058180809021,-1.4001548290252686
10.779999732971191,-0.0013356119161471725,-7.89722204208374,-5.821202278137207,-1.404449224472046
10.78499984741211,-0.006921661086380482,-7.90142297744751,-5.748200416564941,-1.4044493436813354
10.789999961853027,0.001411721808835864,-7.929976940155029,-5.801274299621582,-1.4044493436813354
10.795000076293945,-0.002098105615004897,-7.926684379577637,-5.801183223724365,-1.3958603143692017
10.800000190734863,0.0066283149644732475,-7.883861064910889,-5.765477180480957,-1.4001548290252686
10.805000305175781,-0.002303467132151127,-7.895558834075928,-5.776557922363281,-1.4001548290252686
10.8100004196167,-0.0017964490689337254,-7.886600017547607,-5.763891696929932,-1.4044493436813354
10.8149995803833,-0.009462648071348667,-7.903994083404541,-5.780361175537109,-1.4001548290252686
10.819999694824219,-0.036590106785297394,-7.885694980621338,-5.787481307983398,-1.4001548290252686
10.824999809265137,-0.006731037050485611,-7.919437885284424,-5.775831699371338,-1.401901125907898
10.829999923706055,-0.0236984733492136,-7.892731666564941,-5.798572540283203,-1.402703046798706
10.835000038146973,-0.03162309527397156,-7.917486190795898,-5.786016941070557,-1.4044493436813354
10.84000015258789,-0.0015763476258143783,-7.9133148193359375,-5.756580829620361,-1.4001548290252686
10.845000267028809,-0.025201844051480293,-7.8730316162109375,-5.79502534866333,-1.4001548290252686
10.850000381469727,-0.03220675513148308,-7.884371280670166,-5.782676696777344,-1.4001548290252686
10.854999542236328,-0.016065683215856552,-7.910926342010498,-5.80165433883667,-1.4044493436813354
10.859999656677246,-0.019611863419413567,-7.911291599273682,-5.798798084259033,-1.4001548290252686
10.864999771118164,-0.011026938445866108,-7.903730392456055,-5.780939102172852,-1.4001548290252686
10.869999885559082,-0.01564120128750801,-7.901811599731445,-5.774406433105469,-1.4087438583374023
10.875,-0.013890217989683151,-7.940689563751221,-5.754597187042236,-1.4001548290252686
10.880000114440918,-0.027580702677369118,-7.9314961433410645,-5.7694268226623535,-1.3975281715393066
10.885000228881836,-0.012470369227230549,-7.889727592468262,-5.759349346160889,-1.398486852645874
10.890000343322754,0.0000272460856649559,-7.9055280685424805,-5.802186965942383,-1.3958603143692017
10.895000457763672,-0.004445522557944059,-7.93218994140625,-5.8272624015808105,-1.4001548290252686
10.899999618530273,-0.028165346011519432,-7.924832820892334,-5.798975944519043,-1.4001548290252686
10.904999732971191,0.000014472019756794907,-7.924213409423828,-5.796544075012207,-1.3958604335784912
10.90999984741211,0.010909476317465305,-7.907294273376465,-5.804026126861572,-1.4001548290252686
10.914999961853027,-0.03422696888446808,-7.8931803703308105,-5.819843292236328,-1.4044493436813354
10.920000076293945,-0.03262632340192795,-7.887410640716553,-5.761241436004639,-1.4001548290252686
10.925000190734863,-0.00705627491697669,-7.870814323425293,-5.756545543670654,-1.3974640369415283
10.930000305175781,-0.007243950851261616,-7.93623161315918,-5.805853366851807,-1.394256591796875
10.9350004196167,-0.012408466078341007,-7.924992084503174,-5.761139392852783,-1.3958603143692017
10.9399995803833,-0.014643867500126362,-7.929774284362793,-5.756522178649902,-1.400154948234558
10.944999694824219,-0.018243111670017242,-7.901505470275879,-5.770102500915527,-1.4001548290252686
10.949999809265137,0.006508437916636467,-7.896585941314697,-5.757220268249512,-1.4001548290252686
10.954999923706055,-0.013359617441892624,-7.892149925231934,-5.80027961730957,-1.4001548290252686
10.960000038146973,0.010663829743862152,-7.915968894958496,-5.760436534881592,-1.4044493436813354
10.96500015258789,-0.01357971876859665,-7.9139227867126465,-5.757211685180664,-1.4001548290252686
10.970000267028809,-0.010496338829398155,-7.91692590713501,-5.784303188323975,-1.3958603143692017
10.975000381469727,-0.0030757864005863667,-7.922833442687988,-5.783237934112549,-1.4001548290252686
10.979999542236328,-0.005504759028553963,-7.895301818847656,-5.823607921600342,-1.4001548290252686
10.984999656677246,0.0014048428274691105,-7.932410717010498,-5.781912326812744,-1.4001548290252686
10.989999771118164,-0.005776937585324049,-7.921660900115967,-5.787397384643555,-1.4044493436813354
10.994999885559082,-0.007450295612215996,-7.893770694732666,-5.795770168304443,-1.4044493436813354
11,-0.007843333296477795,-7.920727729797363,-5.785830020904541,-1.404449224472046
11.005000114440918,-0.017069892957806587,-7.90071964263916,-5.777650833129883,-1.4087438583374023
11.010000228881836,-0.007530867587774992,-7.908750057220459,-5.784876823425293,-1.4044493436813354
11.015000343322754,-0.027522731572389603,-7.936651706695557,-5.79256010055542,-1.4087437391281128
11.020000457763672,-0.020911836996674538,-7.9221391677856445,-5.803703308105469,-1.4044493436813354
11.024999618530273,-0.022935979068279266,-7.918710231781006,-5.77918815612793,-1.404449224472046
11.029999732971191,-0.02068682201206684,-7.904862403869629,-5.781904220581055,-1.4001548290252686
11.03499984741211,-0.015560629777610302,-7.888235569000244,-5.7674455642700195,-1.4001548290252686
11.039999961853027,-0.0018711253069341183,-7.896454334259033,-5.773576736450195,-1.4044493436813354
11.045000076293945,-0.01152216549962759,-7.9207940101623535,-5.794142246246338,-1.4001548290252686
11.050000190734863,-0.02461523376405239,-7.904117584228516,-5.793582439422607,-1.4001548290252686
11.055000305175781,-0.027139518409967422,-7.895125389099121,-5.773653507232666,-1.4044493436813354
11.0600004196167,0.0032137995585799217,-7.884943962097168,-5.831576347351074,-1.4087437391281128
11.0649995803833,-0.015808243304491043,-7.8970627784729,-5.8213419914245605,-1.4001548290252686
11.069999694824219,-0.01996658183634281,-7.9036030769348145,-5.798900127410889,-1.4087437391281128
11.074999809265137,-0.038820601999759674,-7.895281791687012,-5.765588760375977,-1.4044493436813354
11.079999923706055,-0.026793645694851875,-7.895468711853027,-5.775466442108154,-1.4001548290252686
11.085000038146973,0.015523739159107208,-7.908708095550537,-5.79348611831665,-1.4087437391281128
11.09000015258789,-0.017383338883519173,-7.923957347869873,-5.768247127532959,-1.4087438583374023
11.095000267028809,-0.021302908658981323,-7.894941329956055,-5.783501625061035,-1.4044493436813354
11.100000381469727,-0.010484546422958374,-7.891188144683838,-5.806121826171875,-1.4001548290252686
11.104999542236328,-0.022434856742620468,-7.902339935302734,-5.760737895965576,-1.4001548290252686
11.109999656677246,-0.019990162923932076,-7.912436008453369,-5.820332050323486,-1.4044493436813354
11.114999771118164,-0.016435137018561363,-7.8952956199646,-5.809525489807129,-1.404449224472046
11.119999885559082,-0.0251576267182827,-7.942096710205078,-5.809342384338379,-1.4087437391281128
11.125,-0.004377723205834627,-7.912271499633789,-5.760599136352539,-1.400154948234558
11.130000114440918,-0.01776851713657379,-7.87423038482666,-5.7849273681640625,-1.4044493436813354
11.135000228881836,-0.023036204278469086,-7.900191307067871,-5.767710208892822,-1.4001548290252686
11.140000343322754,-0.02072317898273468,-7.900758266448975,-5.813796043395996,-1.4044493436813354
11.145000457763672,-0.02845717780292034,-7.901662826538086,-5.819468021392822,-1.4087438583374023
11.149999618530273,-0.014775535091757774,-7.923436164855957,-5.809197902679443,-1.4087437391281128
11.154999732971191,-0.006756584160029888,-7.927889347076416,-5.792336940765381,-1.4001548290252686
11.15999984741211,0.010250156745314598,-7.9211554527282715,-5.793400287628174,-1.4074749946594238
11.164999961853027,-0.007687101140618324,-7.868791580200195,-5.7739176750183105,-1.4014235734939575
11.170000076293945,0.00020018278155475855,-7.895026206970215,-5.765477180480957,-1.4001548290252686
11.175000190734863,-0.011518235318362713,-7.898799896240234,-5.746356010437012,-1.4001548290252686
11.180000305175781,-0.01712786592543125,-7.89105749130249,-5.792943477630615,-1.4087438583374023
11.1850004196167,-0.010385303758084774,-7.911327838897705,-5.7867584228515625,-1.404449224472046
11.1899995803833,-0.010298836044967175,-7.92948055267334,-5.796529769897461,-1.4001548290252686
11.194999694824219,-0.02326023578643799,-7.896840572357178,-5.801329612731934,-1.4087438583374023
11.199999809265137,-0.009454787708818913,-7.910461902618408,-5.806086540222168,-1.4044493436813354
11.204999923706055,-0.031357795000076294,-7.923281669616699,-5.776514053344727,-1.4044493436813354
11.210000038146973,-0.01741478405892849,-7.884551525115967,-5.779311656951904,-1.4044493436813354
11.21500015258789,0.0009636583854444325,-7.8921308517456055,-5.769732475280762,-1.4001548290252686
11.220000267028809,-0.034778207540512085,-7.907999515533447,-5.794257164001465,-1.4001548290252686
11.225000381469727,-0.004811047576367855,-7.900924205780029,-5.792700290679932,-1.4044493436813354
11.229999542236328,-0.024825509637594223,-7.9264397621154785,-5.793339729309082,-1.4130382537841797
11.234999656677246,-0.01185624860227108,-7.929924011230469,-5.806124687194824,-1.4001548290252686
11.239999771118164,-0.01762014627456665,-7.917880058288574,-5.8003621101379395,-1.400154948234558
11.244999885559082,-0.013932470232248306,-7.90065336227417,-5.764589309692383,-1.4044493436813354
11.25,-0.007593754678964615,-7.916520595550537,-5.769410133361816,-1.3958604335784912
11.255000114440918,0.0070066130720078945,-7.883899688720703,-5.795349597930908,-1.4001548290252686
11.260000228881836,-0.01815566048026085,-7.913630485534668,-5.811892509460449,-1.4033231735229492
11.265000343322754,-0.018598809838294983,-7.903432369232178,-5.784389019012451,-1.409869909286499
11.270000457763672,-0.016970651224255562,-7.904238224029541,-5.7932891845703125,-1.4044493436813354
11.274999618530273,-0.003876600880175829,-7.901597023010254,-5.775444984436035,-1.4044493436813354
11.279999732971191,-0.003166185226291418,-7.926129341125488,-5.7932891845703125,-1.4044493436813354
11.28499984741211,-0.008544906042516232,-7.894030570983887,-5.8019280433654785,-1.4130382537841797
11.289999961853027,0.0034260395914316177,-7.892416477203369,-5.778255939483643,-1.4001548290252686
11.295000076293945,-0.023279888555407524,-7.884777545928955,-5.7667622566223145,-1.4001548290252686
11.300000190734863,-0.01326725259423256,-7.905057907104492,-5.785022258758545,-1.404449224472046
11.305000305175781,-0.010427556000649929,-7.930455684661865,-5.781636714935303,-1.4001548290252686
11.3100004196167,-0.011663658544421196,-7.907671928405762,-5.788705348968506,-1.400154948234558
11.3149995803833,0.003901615273207426,-7.901504993438721,-5.774608135223389,-1.4044493436813354
11.319999694824219,-0.028872814029455185,-7.869639873504639,-5.7928876876831055,-1.4044493436813354
11.324999809265137,-0.020457878708839417,-7.883131980895996,-5.7560133934021,-1.4087437391281128
11.329999923706055,-0.02451893873512745,-7.906655311584473,-5.7646164894104,-1.4001548290252686
11.335000038146973,-0.02337225154042244,-7.932373523712158,-5.787688255310059,-1.4044493436813354
11.34000015258789,-0.009209140203893185,-7.934835910797119,-5.779922008514404,-1.4044493436813354
11.345000267028809,-0.01719370111823082,-7.917496681213379,-5.771963119506836,-1.400154948234558
11.350000381469727,-0.004491704050451517,-7.907320022583008,-5.748598575592041,-1.4001548290252686
11.354999542236328,-0.009126600809395313,-7.9234089851379395,-5.78415060043335,-1.4044493436813354
11.359999656677246,-0.01580038107931614,-7.901120662689209,-5.77478551864624,-1.4044493436813354
11.364999771118164,-0.01267474889755249,-7.900961399078369,-5.785737037658691,-1.4044493436813354
11.369999885559082,-0.008756164461374283,-7.924988269805908,-5.7762370109558105,-1.4011242389678955
11.375,-0.008423063904047012,-7.910035133361816,-5.802301406860352,-1.3991854190826416
11.380000114440918,-0.013002934865653515,-7.929720401763916,-5.832925796508789,-1.4044493436813354
11.385000228881836,-0.020104141905903816,-7.897557735443115,-5.762336730957031,-1.4001548290252686
11.390000343322754,0.004059812985360622,-7.915266036987305,-5.80023193359375,-1.4001548290252686
11.395000457763672,0.007452710997313261,-7.911411762237549,-5.788405418395996,-1.4044493436813354
11.399999618530273,-0.006528622005134821,-7.917727470397949,-5.796953201293945,-1.4087438583374023
11.404999732971191,-0.024607375264167786,-7.924769401550293,-5.754866600036621,-1.4001548290252686
11.40999984741211,-0.030576633289456367,-7.908211708068848,-5.7667036056518555,-1.4001548290252686
11.414999961853027,-0.011342351324856281,-7.894439220428467,-5.775106906890869,-1.4001548290252686
11.420000076293945,-0.00785708986222744,-7.9199538230896,-5.773007392883301,-1.4001548290252686
11.425000190734863,-0.017161274328827858,-7.910043239593506,-5.749935626983643,-1.3967514038085938
11.430000305175781,0.0010501272045075893,-7.901519298553467,-5.870386600494385,-1.4035582542419434
11.4350004196167,-0.025730477645993233,-7.918741226196289,-5.805462837219238,-1.4087438583374023
11.4399995803833,0.015205378644168377,-7.879890441894531,-5.780731678009033,-1.404449224472046
11.444999694824219,0.0062283980660140514,-7.921016693115234,-5.815422058105469,-1.4044493436813354
11.449999809265137,0.019630001857876778,-7.912805557250977,-5.795712471008301,-1.3958603143692017
11.454999923706055,0.009731346741318703,-7.901017665863037,-5.77863883972168,-1.4001548290252686
11.460000038146973,-0.013722194358706474,-7.887946605682373,-5.7485575675964355,-1.3958604335784912
11.46500015258789,-0.024415766820311546,-7.876720905303955,-5.748837471008301,-1.4044493436813354
11.470000267028809,-0.005384881980717182,-7.896166801452637,-5.77299165725708,-1.4001548290252686
11.475000381469727,-0.0252440944314003,-7.934081077575684,-5.775125503540039,-1.404449224472046
11.479999542236328,-0.01154967863112688,-7.92232084274292,-5.810760974884033,-1.3966728448867798
11.484999656677246,-0.011404254473745823,-7.937509059906006,-5.8129496574401855,-1.3950477838516235
11.489999771118164,-0.01784319430589676,-7.916906833648682,-5.780232906341553,-1.4001548290252686
11.494999885559082,-0.00016730779316276312,-7.915128707885742,-5.789763927459717,-1.4087438583374023
11.5,-0.0068548438139259815,-7.887176036834717,-5.803117275238037,-1.4001548290252686
11.505000114440918,-0.009085331112146378,-7.895077705383301,-5.787518501281738,-1.4044493436813354
11.510000228881836,-0.0363641120493412,-7.916440486907959,-5.789741039276123,-1.4044493436813354
11.515000343322754,-0.016921522095799446,-7.896529197692871,-5.831191539764404,-1.4044493436813354
11.520000457763672,-0.013797854073345661,-7.910902500152588,-5.795465469360352,-1.4044493436813354
11.524999618530273,-0.0006959433085285127,-7.919600486755371,-5.777419090270996,-1.4087437391281128
11.529999732971191,-0.020960966125130653,-7.899366855621338,-5.7944159507751465,-1.4044493436813354
11.53499984741211,-0.02111523412168026,-7.920123100280762,-5.751034259796143,-1.3958603143692017
11.539999961853027,-0.004082945641130209,-7.889132976531982,-5.759523868560791,-1.4001548290252686
11.545000076293945,-0.016900885850191116,-7.914220809936523,-5.768613338470459,-1.404449224472046
11.550000190734863,-0.021788310259580612,-7.920283317565918,-5.762060165405273,-1.4044493436813354
11.555000305175781,-0.0032064709812402725,-7.919842720031738,-5.78474235534668,-1.4001548290252686
11.5600004196167,-0.017614251002669334,-7.918296813964844,-5.795638084411621,-1.4044493436813354
11.5649995803833,-0.030220933258533478,-7.915276050567627,-5.8118977546691895,-1.4087438583374023
11.569999694824219,-0.02148665301501751,-7.91196346282959,-5.8177876472473145,-1.4087437391281128
11.574999809265137,-0.013808663003146648,-7.903482913970947,-5.801637649536133,-1.4044493436813354
11.579999923706055,-0.019990164786577225,-7.900568008422852,-5.805301189422607,-1.4001548290252686
11.585000038146973,-0.007955349050462246,-7.941662788391113,-5.76767110824585,-1.3958604335784912
11.59000015258789,0.0047279768623411655,-7.90347146987915,-5.795698165893555,-1.3922215700149536
11.595000267028809,-0.006786062382161617,-7.882392406463623,-5.793891906738281,-1.4037935733795166
11.600000381469727,-0.00011424743570387363,-7.915460586547852,-5.760071754455566,-1.4044493436813354
11.604999542236328,-0.025459282100200653,-7.9119343757629395,-5.783235549926758,-1.408109426498413
11.609999656677246,-0.0007578463992103934,-7.907888889312744,-5.771906852722168,-1.4050837755203247
11.614999771118164,0.00026896459166891873,-7.917333602905273,-5.7780561447143555,-1.4001548290252686
11.619999885559082,-0.024433452636003494,-7.898040771484375,-5.792821884155273,-1.4001548290252686
11.625,0.0038593639619648457,-7.923625469207764,-5.807253360748291,-1.4044493436813354
11.630000114440918,-0.011579157784581184,-7.897984027862549,-5.762715816497803,-1.4044493436813354
11.635000228881836,-0.022036904469132423,-7.887476444244385,-5.792762756347656,-1.404449224472046
11.640000343322754,-0.009014585986733437,-7.917428493499756,-5.770022869110107,-1.4001548290252686
11.645000457763672,-0.033058665692806244,-7.914597034454346,-5.7986226081848145,-1.400154948234558
11.649999618530273,-0.00898707378655672,-7.909204959869385,-5.800998210906982,-1.4001548290252686
11.654999732971191,-0.026886992156505585,-7.933382511138916,-5.804950714111328,-1.4044493436813354
11.65999984741211,-0.026442859321832657,-7.900740623474121,-5.797782897949219,-1.4087437391281128
11.664999961853027,-0.024092495441436768,-7.921182155609131,-5.777103424072266,-1.4001548290252686
11.670000076293945,0.007549005094915628,-7.908339500427246,-5.778709411621094,-1.4001548290252686
11.675000190734863,-0.006578735075891018,-7.88224458694458,-5.796517848968506,-1.4044493436813354
11.680000305175781,-0.027516834437847137,-7.907209396362305,-5.774875164031982,-1.4087438583374023
11.6850004196167,-0.023389939218759537,-7.895951271057129,-5.776273250579834,-1.4001548290252686
11.6899995803833,-0.0009160435874946415,-7.934975624084473,-5.76434850692749,-1.4044493436813354
11.694999694824219,-0.017447208985686302,-7.901521682739258,-5.793191909790039,-1.4044493436813354
11.699999809265137,-0.021164363250136375,-7.91487979888916,-5.757215976715088,-1.3958604335784912
11.704999923706055,-0.02159375697374344,-7.907902717590332,-5.765734672546387,-1.4001548290252686
11.710000038146973,-0.01725265383720398,-7.935732364654541,-5.789103031158447,-1.4044493436813354
11.71500015258789,-0.02421138994395733,-7.881166934967041,-5.778482913970947,-1.4087438583374023
11.720000267028809,0.00524089066311717,-7.886777400970459,-5.804113388061523,-1.4001548290252686
11.725000381469727,0.004293669946491718,-7.906248092651367,-5.779372215270996,-1.4001548290252686
11.729999542236328,-0.017484547570347786,-7.903738498687744,-5.803572654724121,-1.4001548290252686
11.734999656677246,-0.023271046578884125,-7.884330749511719,-5.792975425720215,-1.4001548290252686
11.739999771118164,-0.013318348675966263,-7.927501678466797,-5.80295467376709,-1.4001548290252686
11.744999885559082,-0.00795534998178482,-7.932321071624756,-5.791672706604004,-1.4001548290252686
11.75,-0.00834052637219429,-7.904110431671143,-5.776956558227539,-1.400154948234558
11.755000114440918,-0.02270015887916088,-7.930205345153809,-5.791809558868408,-1.4087437391281128
11.760000228881836,-0.0226451326161623,-7.908493995666504,-5.805751800537109,-1.4044493436813354
11.765000343322754,-0.007613406982272863,-7.936107635498047,-5.831913471221924,-1.4001548290252686
11.770000457763672,-0.010521884076297283,-7.915480136871338,-5.781262397766113,-1.4001548290252686
11.774999618530273,0.005982749629765749,-7.896458148956299,-5.779175758361816,-1.404449224472046
11.779999732971191,-0.003284096485003829,-7.918060779571533,-5.761286735534668,-1.4044493436813354
11.78499984741211,-0.012162817642092705,-7.904642105102539,-5.791595935821533,-1.4130383729934692
11.789999961853027,-0.01589667610824108,-7.902993679046631,-5.771463871002197,-1.4044493436813354
11.795000076293945,-0.01529336255043745,-7.938480854034424,-5.784924030303955,-1.4044493436813354
11.800000190734863,-0.01741478219628334,-7.911455154418945,-5.8012800216674805,-1.3919222354888916
11.805000305175781,-0.004062310792505741,-7.935267925262451,-5.7768120765686035,-1.4040929079055786
11.8100004196167,-0.024164222180843353,-7.918724536895752,-5.773831844329834,-1.4001548290252686
11.8149995803833,-0.026494937017560005,-7.908824920654297,-5.7980475425720215,-1.3958603143692017
11.819999694824219,0.0049461121670901775,-7.9430766105651855,-5.771735191345215,-1.404449224472046
11.824999809265137,0.010170566849410534,-7.892973899841309,-5.75874137878418,-1.4044493436813354
11.829999923706055,-0.016391903162002563,-7.912578105926514,-5.795666694641113,-1.400154948234558
11.835000038146973,0.013426884077489376,-7.890195369720459,-5.786346912384033,-1.4001548290252686
11.84000015258789,0.01579100452363491,-7.9052228927612305,-5.778992176055908,-1.4044493436813354
11.845000267028809,-0.013019639998674393,-7.873713970184326,-5.778384208679199,-1.4001548290252686
11.850000381469727,-0.020933454856276512,-7.9264397621154785,-5.7743659019470215,-1.4044493436813354
11.854999542236328,-0.006285921670496464,-7.936642169952393,-5.811302661895752,-1.4001548290252686
11.859999656677246,-0.01540734339505434,-7.894443988800049,-5.782265663146973,-1.4087437391281128
11.864999771118164,-0.018626322969794273,-7.942542552947998,-5.7922515869140625,-1.400154948234558
11.869999885559082,-0.022975284606218338,-7.886579513549805,-5.8091044425964355,-1.4044493436813354
11.875,-0.014498444274067879,-7.896714210510254,-5.752053260803223,-1.4044493436813354
11.880000114440918,-0.016285782679915428,-7.917926788330078,-5.760685920715332,-1.4044493436813354
11.885000228881836,-0.018377726897597313,-7.906226634979248,-5.801980495452881,-1.4044493436813354
11.890000343322754,-0.015347404405474663,-7.906858921051025,-5.759619235992432,-1.3958603143692017
11.895000457763672,-0.012764165177941322,-7.910186767578125,-5.765986442565918,-1.4001548290252686
11.899999618530273,-0.01958729885518551,-7.932381629943848,-5.80521297454834,-1.400154948234558
11.904999732971191,-0.020500129088759422,-7.936376571655273,-5.789050102233887,-1.3960670232772827
11.90999984741211,0.008220117539167404,-7.9190473556518555,-5.794769763946533,-1.3999481201171875
11.914999961853027,-0.005602036137133837,-7.921983242034912,-5.806249141693115,-1.4001548290252686
11.920000076293945,-0.011768797412514687,-7.863307476043701,-5.783655643463135,-1.4044493436813354
11.925000190734863,-0.01906750723719597,-7.898362159729004,-5.779032230377197,-1.4044493436813354
11.930000305175781,-0.0033430512994527817,-7.889775276184082,-5.798038482666016,-1.400325894355774
11.9350004196167,-0.0022838148288428783,-7.9142842292785645,-5.795994758605957,-1.3999838829040527
11.9399995803833,-0.012280728667974472,-7.919454097747803,-5.79813289642334,-1.4001548290252686
11.944999694824219,-0.01975433900952339,-7.889398574829102,-5.803800106048584,-1.3917156457901
11.949999809265137,-0.019978372380137444,-7.930552959442139,-5.778550624847412,-1.3957107067108154
11.954999923706055,-0.01775475963950157,-7.904629230499268,-5.772693157196045,-1.4002902507781982
11.960000038146973,-0.01858701929450035,-7.923704624176025,-5.753458023071289,-1.3958532810211182
11.96500015258789,-0.031595584005117416,-7.924249649047852,-5.779268264770508,-1.4043210744857788
11.970000267028809,0.019841259345412254,-7.880988597869873,-5.775589942932129,-1.4044493436813354
11.975000381469727,0.007518544793128967,-7.914068222045898,-5.753062725067139,-1.4001548290252686
11.979999542236328,-0.0037439505103975534,-7.933394432067871,-5.756217956542969,-1.3958604335784912
11.984999656677246,-0.01673974096775055,-7.903125286102295,-5.774421215057373,-1.4001548290252686
11.989999771118164,-0.014812874607741833,-7.859492778778076,-5.797388553619385,-1.4044493436813354
11.994999885559082,0.007531318347901106,-7.9011454582214355,-5.794393539428711,-1.4001548290252686
12,-0.005821154918521643,-7.897680282592773,-5.815567493438721,-1.4001548290252686
12.005000114440918,0.004970677196979523,-7.902647495269775,-5.776597499847412,-1.4001548290252686
12.010000228881836,-0.01719566434621811,-7.909821510314941,-5.7938337326049805,-1.4001548290252686
12.015000343322754,-0.05502849072217941,-7.913437366485596,-5.760911464691162,-1.4044493436813354
12.020000457763672,0.01805293746292591,-7.883306980133057,-5.836088180541992,-1.404449224472046
12.024999618530273,0.012970959767699242,-7.935616970062256,-5.785356521606445,-1.4044493436813354
12.029999732971191,-0.003166185226291418,-7.92149543762207,-5.786985397338867,-1.404449224472046
12.03499984741211,-0.005822136998176575,-7.899932384490967,-5.766646862030029,-1.4044493436813354
12.039999961853027,-0.01851627230644226,-7.93174934387207,-5.789194107055664,-1.400169014930725
12.045000076293945,-0.025923065841197968,-7.905333995819092,-5.774799346923828,-1.4044350385665894
